-- phpMyAdmin SQL Dump
-- version 3.5.4
-- http://www.phpmyadmin.net
--
-- 主机: localhost:14747
-- 生成日期: 2013 年 04 月 29 日 20:53
-- 服务器版本: 5.5.28-0ubuntu0.12.04.3
-- PHP 版本: 5.4.9

SET SQL_MODE="NO_AUTO_VALUE_ON_ZERO";
SET time_zone = "+00:00";


/*!40101 SET @OLD_CHARACTER_SET_CLIENT=@@CHARACTER_SET_CLIENT */;
/*!40101 SET @OLD_CHARACTER_SET_RESULTS=@@CHARACTER_SET_RESULTS */;
/*!40101 SET @OLD_COLLATION_CONNECTION=@@COLLATION_CONNECTION */;
/*!40101 SET NAMES utf8 */;

--
-- 数据库: `mysqldata`
--

-- --------------------------------------------------------

--
-- 表的结构 `cart_admin`
--

CREATE TABLE IF NOT EXISTS `cart_admin` (
  `adminid` smallint(11) unsigned NOT NULL AUTO_INCREMENT,
  `uname` varchar(50) NOT NULL DEFAULT '',
  `pass` char(32) NOT NULL DEFAULT '',
  `email` varchar(50) NOT NULL DEFAULT '',
  `lasttime` int(10) NOT NULL DEFAULT '0',
  `addtime` int(10) NOT NULL DEFAULT '0',
  `role` varchar(50) NOT NULL DEFAULT '',
  `name` varchar(50) NOT NULL DEFAULT '',
  `depart` varchar(200) NOT NULL DEFAULT '',
  `memo` varchar(255) NOT NULL DEFAULT '',
  `isdel` tinyint(1) unsigned NOT NULL DEFAULT '0',
  PRIMARY KEY (`adminid`)
) ENGINE=MyISAM  DEFAULT CHARSET=utf8 AUTO_INCREMENT=31 ;

--
-- 转存表中的数据 `cart_admin`
--

INSERT INTO `cart_admin` (`adminid`, `uname`, `pass`, `email`, `lasttime`, `addtime`, `role`, `name`, `depart`, `memo`, `isdel`) VALUES
(3, 'test', '123', '123@123.com', 1365327924, 1361425306, '', '测试', '研发部', '', 0),
(6, 'test', '123', '123@123.com', 1367223859, 1361610819, '', '测试', '', '', 0),
(5, 'test', '123', '123@123.com', 1365321286, 1361426748, '', '测试', '产品', '', 0),
(7, 'test', '123', '123@123.com', 0, 1361761196, '1', '测试', '', '', 1),
(8, 'test', '123', '123@123.com', 0, 1361761232, '1', '测试', '', '', 0),
(9, 'test', '123', '123@123.com', 0, 1361761252, '1', '测试', '', '', 0),
(10, 'test', '123', '123@123.com', 0, 1361761269, '1', '测试', '', '', 0),
(11, 'test', '123', '123@123.com', 0, 1361761282, '1', '测试', '', '', 0),
(12, 'test', '123', '123@123.com', 0, 1361761297, '1', '测试', '', '', 0),
(13, 'test', '123', '123@123.com', 0, 1361761414, '1', '测试', '', '', 0),
(14, 'test', '123', '123@123.com', 0, 1361776629, '1', '测试', '', '', 0),
(15, 'test', '123', '123@123.com', 0, 1361776646, '1', '测试', '', '', 0),
(16, 'test', '123', '123@123.com', 0, 1361845327, '1', '测试', '', '', 0),
(17, 'test', '123', '123@123.com', 0, 1362717595, '1', '测试', '', '', 1),
(18, 'test', '123', '123@123.com', 0, 1362745658, '1', '测试', '', '', 0),
(25, 'test', '123', '123@123.com', 0, 1363942203, '1', '测试', '', '', 0),
(20, 'test', '123', '123@123.com', 0, 1363352561, '1', '测试', '', '', 0),
(21, 'test', '123', '123@123.com', 0, 1363688710, '1', '测试', '', '', 0),
(22, 'test', '123', '123@123.com', 0, 1363688730, '1', '测试', '', '', 0),
(23, 'test', '123', '123@123.com', 0, 1363769223, '1', '测试', '', '', 1),
(24, 'test', '123', '123@123.com', 0, 1363777312, '1', '测试', '', '', 1),
(26, 'test', '123', '123@123.com', 0, 1364207466, '1', '测试', '', '', 0),
(27, 'test', '123', '123@123.com', 0, 1364209153, '1', '测试', '', '', 0),
(28, 'test', '123', '123@123.com', 0, 1364552353, '1', '测试', '', '', 0),
(29, 'test', '123', '123@123.com', 0, 1364642737, '1', '测试', '', '', 0),
(30, 'test', '123', '123@123.com', 0, 1365138694, '1', '测试', '', '', 0);

-- --------------------------------------------------------

--
-- 表的结构 `cart_cat`
--

CREATE TABLE IF NOT EXISTS `cart_cat` (
  `catid` int(11) unsigned NOT NULL AUTO_INCREMENT,
  `catname` varchar(50) NOT NULL DEFAULT '',
  `pid` smallint(6) unsigned NOT NULL DEFAULT '0',
  `typeid` smallint(6) NOT NULL DEFAULT '0',
  `order` smallint(6) NOT NULL DEFAULT '0',
  `pagetitle` varchar(100) NOT NULL DEFAULT '',
  `pagekeywords` varchar(100) NOT NULL DEFAULT '',
  `pagedesc` varchar(255) NOT NULL DEFAULT '',
  `isdel` tinyint(1) NOT NULL DEFAULT '0',
  PRIMARY KEY (`catid`)
) ENGINE=MyISAM  DEFAULT CHARSET=utf8 AUTO_INCREMENT=53 ;

--
-- 转存表中的数据 `cart_cat`
--

INSERT INTO `cart_cat` (`catid`, `catname`, `pid`, `typeid`, `order`, `pagetitle`, `pagekeywords`, `pagedesc`, `isdel`) VALUES
(1, '新鲜水果', 0, 0, 1, '新鲜水果', '新鲜水果', '新鲜水果', 0),
(2, '水果', 1, 0, 0, '水果', '水果', '水果', 0),
(3, '果盘', 1, 0, 0, '果盘', '果盘', '果盘', 1),
(4, '坚果蜜饯', 0, 0, 3, '坚果蜜饯', '坚果蜜饯', '坚果蜜饯', 0),
(5, '坚果', 4, 0, 0, '坚果', '坚果', '坚果', 0),
(6, '果脯', 4, 0, 0, '果脯', '果脯', '果脯', 0),
(7, '苹果', 2, 0, 0, '苹果', '苹果', '苹果', 1),
(8, '糕点饼干', 0, 0, 4, '糕点饼干', '糕点饼干', '糕点饼干', 0),
(9, '饼干', 8, 0, 0, '饼干', '饼干', '饼干', 0),
(10, '糕点', 8, 0, 0, '糕点', '糕点', '糕点', 0),
(11, '休闲食品', 0, 0, 3, '休闲食品', '休闲食品', '休闲食品', 0),
(12, '糖果', 11, 0, 4, '糖果', '糖果', '糖果', 0),
(13, '巧克力', 11, 0, 5, '巧克力', '巧克力', '巧克力', 0),
(14, '肉类制品', 11, 0, 3, '肉类制品', '肉类制品', '肉类制品', 0),
(15, '膨化食品', 11, 0, 0, '膨化食品', '膨化食品', '膨化食品', 0),
(16, '果冻布丁', 11, 0, 1, '果冻布丁', '果冻布丁', '果冻布丁', 0),
(17, '豆菌笋类', 11, 0, 2, '豆菌笋类', '豆菌笋类', '豆菌笋类', 0),
(18, '方便速食', 0, 0, 4, '方便速食', '方便速食', '方便速食', 0),
(19, '方便面', 18, 0, 0, '方便面', '方便面', '方便面', 0),
(20, '方便米饭', 18, 0, 1, '方便米饭', '方便米饭', '方便米饭', 0),
(21, '乳制品', 0, 0, 5, '乳制品', '乳制品', '乳制品', 1),
(22, '纯牛奶', 21, 0, 0, '纯牛奶', '纯牛奶', '纯牛奶', 1),
(23, '酸奶', 21, 0, 0, '酸奶', '酸奶', '酸奶', 1),
(24, '果味牛奶', 21, 0, 0, '果味牛奶', '果味牛奶', '果味牛奶', 1),
(25, '饮品', 0, 0, 6, '饮品', '饮品', '饮品', 0),
(26, '啤酒', 25, 0, 0, '啤酒', '啤酒', '啤酒', 0),
(27, '饮料', 25, 0, 0, '饮料', '饮料', '饮料', 0),
(28, '咖啡', 25, 0, 0, '咖啡', '咖啡', '咖啡', 0),
(29, '奶茶', 25, 0, 0, '奶茶', '奶茶', '奶茶', 0),
(30, '粥', 25, 0, 0, '粥', '粥', '粥', 0),
(31, '凉茶', 25, 0, 0, '凉茶', '凉茶', '凉茶', 0),
(32, '冲调', 25, 0, 0, '冲调', '冲调', '冲调', 0),
(33, '拌菜', 18, 0, 3, '拌菜', '拌菜', '拌菜', 0),
(34, '蛋类制品', 18, 0, 4, '蛋类制品', '蛋类制品', '蛋类制品', 0),
(35, '火腿', 18, 0, 2, '火腿', '火腿', '火腿', 0),
(36, '恰恰香瓜子', 5, 0, 0, '', '', '', 1),
(37, '百世兴酒鬼花生', 5, 0, 0, '', '', '', 1),
(38, '口水娃兰花豆', 5, 0, 0, '', '', '', 1),
(39, '旺旺挑豆', 5, 0, 0, '旺旺挑豆', '旺旺挑豆', '旺旺挑豆', 1),
(40, '乳制品', 25, 0, 0, '', '乳制品  纯牛奶', '', 0),
(41, '进口专区', 0, 0, 2, '', '', '', 0),
(42, '女生节', 41, 0, 0, '', '', '', 1),
(43, '妇女节', 0, 35, 1, '', '', '', 1),
(44, '果脯干果', 41, 0, 1, '', '', '', 0),
(45, '糖果', 41, 0, 0, '', '', '', 0),
(46, '糕点饼干', 41, 0, 0, '', '', '', 0),
(47, '饮料冲调', 41, 0, 0, '', '', '', 0),
(48, '膨化食品', 41, 0, 0, '', '', '', 0),
(49, '成电映像', 0, 0, 7, '', '', '', 1),
(50, '心系雅安', 0, 0, 0, '', '', '', 0),
(51, '爱心传递', 50, 0, 0, '', '', '', 1),
(52, '成电映像', 50, 0, 0, '', '', '', 1);

-- --------------------------------------------------------

--
-- 表的结构 `cart_item`
--

CREATE TABLE IF NOT EXISTS `cart_item` (
  `itemid` int(11) unsigned NOT NULL AUTO_INCREMENT,
  `itemname` varchar(255) NOT NULL,
  `bn` varchar(100) NOT NULL DEFAULT '',
  `price` bigint(15) unsigned NOT NULL,
  `mkprice` bigint(15) unsigned NOT NULL,
  `itemimg` varchar(255) NOT NULL DEFAULT '',
  `inventory` smallint(6) NOT NULL DEFAULT '0',
  `comments` smallint(6) NOT NULL DEFAULT '0',
  `favors` smallint(6) NOT NULL DEFAULT '0',
  `typeid` smallint(4) NOT NULL DEFAULT '0',
  `brandid` mediumint(6) NOT NULL DEFAULT '0',
  `point` smallint(6) NOT NULL DEFAULT '0',
  `created` int(10) NOT NULL DEFAULT '0',
  `modified` int(10) NOT NULL DEFAULT '0',
  `view` int(11) NOT NULL DEFAULT '0',
  `volume` int(11) NOT NULL DEFAULT '0',
  `status` tinyint(1) NOT NULL DEFAULT '0',
  `order` int(11) NOT NULL DEFAULT '50',
  `outer` char(10) NOT NULL DEFAULT '',
  `outerid` varchar(20) NOT NULL DEFAULT '',
  `isdel` tinyint(1) NOT NULL DEFAULT '0',
  `pnotify` tinyint(1) NOT NULL DEFAULT '0',
  `comprice` tinyint(1) NOT NULL DEFAULT '0',
  PRIMARY KEY (`itemid`),
  KEY `idx_brand` (`brandid`)
) ENGINE=MyISAM  DEFAULT CHARSET=utf8 AUTO_INCREMENT=188 ;

--
-- 转存表中的数据 `cart_item`
--

INSERT INTO `cart_item` (`itemid`, `itemname`, `bn`, `price`, `mkprice`, `itemimg`, `inventory`, `comments`, `favors`, `typeid`, `brandid`, `point`, `created`, `modified`, `view`, `volume`, `status`, `order`, `outer`, `outerid`, `isdel`, `pnotify`, `comprice`) VALUES
(1, 'IQ增增增香蕉', '', 480, 0, '0', 98, 0, 0, 1, 0, 5, 1361428172, 1361435124, 23, 0, 1, 50, '', '', 1, 0, 0),
(2, '测试', '', 1, 0, '0', 9, 0, 0, 1, 0, 0, 1361595924, 1361601456, 13, 1, 1, 50, '', '', 1, 0, 0),
(3, '百斯顿葡萄干', 'Aa1', 500, 400, '0', 0, 0, 0, 2, 1, 1, 1361601339, 1361602724, 9, 0, 2, 50, '', '', 1, 0, 0),
(4, '喜之郎果冻', '', 500, 400, '0', 0, 0, 0, 3, 3, 1, 1361602859, 1361609870, 8, 0, 1, 50, '', '', 1, 0, 0),
(5, '喜之郎果冻', '', 500, 0, '0', 0, 0, 0, 4, 4, 1, 1361606038, 1361609870, 16, 0, 1, 50, '', '', 1, 0, 0),
(6, '奥利奥', '311', 600, 0, '0', 2, 0, 0, 6, 6, 6, 1361612630, 1361617773, 4, 0, 1, 50, '', '', 1, 0, 0),
(7, '趣多多', '312', 600, 0, '0', 5, 0, 0, 6, 6, 5, 1361612975, 1361617773, 5, 0, 1, 50, '', '', 1, 0, 0),
(8, '恰恰香瓜子', '511', 500, 0, '0', 10, 0, 0, 7, 7, 10, 1361613030, 1361617773, 8, 0, 1, 50, '', '', 1, 0, 0),
(9, '有友泡椒猪皮', '425', 300, 0, '0', 6, 0, 0, 5, 5, 3, 1361613458, 1361617773, 31, 0, 1, 50, '', '', 1, 0, 0),
(10, '伊利纯牛奶', '151', 280, 0, '0', 0, 0, 0, 36, 14, 3, 1361692345, 1364041547, 170, 56, 2, 50, '', '', 0, 0, 0),
(109, '枣想你阿胶枣', '529', 320, 0, '0', 4, 0, 0, 16, 69, 3, 1362229665, 1366637838, 210, 26, 1, 50, '', '', 0, 0, 0),
(11, '徐福记沙琪玛（小包）', '321', 150, 0, '0', 0, 0, 0, 9, 9, 2, 1361692432, 1366090636, 325, 74, 2, 50, '', '', 0, 0, 0),
(12, '有友山椒猪皮', '425', 300, 0, '0', 6, 0, 0, 10, 10, 3, 1361693111, 1366891383, 880, 261, 1, 50, '', '', 0, 0, 0),
(13, '康师傅3+2苏打夹心饼干', '313', 460, 0, '0', 7, 0, 0, 6, 11, 5, 1361693123, 1366807772, 369, 72, 1, 50, '', '', 0, 0, 0),
(14, '蒙牛真果粒', '152', 340, 0, '0', 5, 0, 0, 11, 12, 3, 1361693210, 1363089754, 145, 35, 1, 50, '', '', 1, 0, 0),
(15, '有友泡椒凤爪', '421', 500, 0, '0', 46, 0, 0, 10, 10, 5, 1361693433, 1366864949, 702, 201, 1, 50, '', '', 0, 0, 0),
(16, '趣多多巧克力味曲奇饼干', '312', 620, 0, '0', 6, 0, 0, 6, 38, 6, 1361693606, 1366866366, 344, 51, 1, 50, '', '', 0, 0, 0),
(17, '达利园瑞士卷（小包）', '324', 100, 0, '0', 78, 0, 0, 9, 15, 1, 1361693704, 1366800601, 252, 147, 1, 50, '', '', 0, 0, 0),
(18, '伊利酸酸乳', '153', 200, 0, '0', 4, 0, 0, 11, 14, 2, 1361693730, 1363090613, 63, 38, 1, 50, '', '', 1, 0, 0),
(19, '青岛纯生', '141', 250, 0, '0', 26, 0, 0, 14, 18, 3, 1361693860, 1366861458, 506, 174, 1, 50, '', '', 0, 0, 0),
(20, '达利园派（小包）', '322', 80, 0, '0', 238, 0, 0, 9, 15, 1, 1361693998, 1366868107, 290, 500, 1, 50, '', '', 0, 0, 0),
(21, '棒棒娃手撕牛肉', '422', 2500, 0, '0', 0, 0, 0, 10, 17, 26, 1361694230, 1366809589, 409, 13, 1, 50, '', '', 0, 0, 0),
(22, '雪花勇闯天涯（罐装）', '142', 400, 0, '0', 34, 0, 0, 14, 26, 4, 1361694421, 1366871079, 416, 180, 1, 50, '', '', 0, 0, 0),
(23, '达利园法式软面包（小包）', '323', 80, 0, '0', 80, 0, 0, 9, 15, 1, 1361694422, 1366705117, 408, 219, 1, 50, '', '', 0, 0, 0),
(24, '恰恰香瓜子', '511', 520, 0, '0', 3, 0, 0, 16, 25, 5, 1361694501, 1366525435, 274, 33, 1, 50, '', '', 0, 0, 0),
(25, '口水族香辣黄花鱼', '423', 500, 0, '0', 28, 0, 0, 10, 27, 5, 1361694811, 1366866242, 470, 143, 1, 50, '', '', 0, 0, 0),
(26, '米老头雪花煎卷（大包）', '325', 400, 0, '0', 14, 0, 0, 9, 28, 4, 1361694838, 1366806476, 356, 85, 1, 50, '', '', 0, 0, 0),
(27, '雀巢全脂奶粉', '161', 2740, 0, '0', 0, 0, 0, 17, 29, 27, 1361694927, 1364982993, 105, 4, 2, 50, '', '', 0, 0, 0),
(28, '旺旺小小酥', '326', 150, 0, '0', 0, 0, 0, 9, 30, 2, 1361695090, 1366616185, 470, 161, 1, 50, '', '', 0, 0, 0),
(29, '口水族烤鱿鱼丝', '424', 400, 0, '0', 32, 0, 0, 10, 27, 4, 1361695154, 1366860389, 441, 86, 1, 50, '', '', 0, 0, 0),
(30, '南方黑芝麻糊', '164', 140, 0, '0', 0, 0, 0, 17, 31, 1, 1361695158, 1366090454, 334, 70, 2, 50, '', '', 0, 0, 0),
(31, '西麦燕麦片', '163', 900, 0, '0', 0, 0, 0, 17, 34, 9, 1361695385, 1366090457, 268, 7, 2, 50, '', '', 0, 0, 0),
(32, '康师傅方便面（桶装）', '211', 380, 0, '0', 30, 0, 0, 15, 11, 4, 1361695426, 1366862476, 1850, 423, 1, 50, '', '', 0, 0, 0),
(33, '雀巢脆脆鲨', '314', 100, 0, '0', 185, 0, 0, 6, 32, 1, 1361695475, 1366870453, 434, 284, 1, 50, '', '', 0, 0, 0),
(34, '维他型豆奶粉', '162', 1650, 0, '0', 0, 0, 0, 17, 37, 16, 1361695698, 1363664813, 46, 8, 2, 50, '', '', 0, 0, 0),
(35, '太平梳打饼干', '315', 350, 0, '0', 0, 0, 0, 6, 0, 4, 1361695707, 1365691408, 233, 68, 2, 50, '', '', 0, 0, 0),
(36, '乐事薯片', '431', 400, 0, '0', 13, 0, 0, 18, 35, 4, 1361695738, 1366890399, 1586, 368, 1, 50, '', '', 0, 0, 0),
(37, '百世兴酒鬼花生', '512', 250, 0, '0', 11, 0, 0, 16, 33, 0, 1361695960, 1366802213, 277, 97, 1, 50, '', '', 0, 0, 0),
(38, '旺旺大米饼', '432', 120, 0, '0', 22, 0, 0, 18, 36, 1, 1361696012, 1366810522, 351, 225, 1, 50, '', '', 0, 0, 0),
(39, '康师傅干拌面', '212', 450, 0, '0', 12, 0, 0, 19, 11, 5, 1361696621, 1361697218, 0, 0, 1, 50, '', '', 1, 0, 0),
(40, '伊达大杏仁', '514', 700, 0, '0', 4, 0, 0, 16, 40, 0, 1361696693, 1366804368, 250, 40, 1, 50, '', '', 0, 0, 0),
(41, '喜之郎什锦果肉果冻布丁', '441', 400, 0, '0', 8, 0, 0, 4, 41, 4, 1361696773, 1366800169, 528, 155, 1, 50, '', '', 0, 0, 0),
(42, '得益绿色方便米饭', '221', 700, 0, '0', 0, 0, 0, 20, 19, 7, 1361697009, 1364982969, 639, 112, 2, 50, '', '', 0, 0, 0),
(43, '核桃', '515', 1000, 0, '0', 20, 0, 0, 16, 42, 0, 1361697187, 1363066057, 118, 2, 2, 50, '', '', 0, 0, 0),
(44, '康师傅干拌面', '212', 450, 0, '0', 95, 0, 0, 15, 11, 0, 1361697207, 1366864949, 898, 211, 1, 50, '', '', 0, 0, 0),
(45, '好巴食麻辣豆腐干', '451', 350, 0, '0', 14, 0, 0, 21, 43, 3, 1361697254, 1366860405, 519, 164, 1, 50, '', '', 0, 0, 0),
(46, '奥利奥夹心饼干', '311', 620, 0, '0', 36, 0, 0, 6, 38, 0, 1361697310, 1366852886, 393, 55, 1, 50, '', '', 0, 0, 0),
(47, '旺宝开心果', '516', 700, 0, '0', 0, 0, 0, 16, 40, 7, 1361697381, 1366537605, 215, 49, 1, 50, '', '', 0, 0, 0),
(48, '加多宝', '125', 380, 0, '0', 0, 0, 0, 22, 47, 4, 1361697618, 1366199009, 233, 59, 2, 50, '', '', 0, 0, 0),
(49, '香辣金针菇', '452', 250, 0, '0', 43, 0, 0, 21, 44, 3, 1361697647, 1366853460, 541, 202, 1, 50, '', '', 0, 0, 0),
(50, '饭扫光', '231', 1100, 0, '0', 9, 0, 0, 23, 20, 11, 1361697703, 1366632933, 215, 22, 1, 50, '', '', 0, 0, 0),
(51, '麻辣海带丝', '453', 100, 0, '0', 23, 0, 0, 21, 45, 1, 1361697898, 1366866982, 468, 186, 1, 50, '', '', 0, 0, 0),
(52, '口水娃青豆', '517', 120, 0, '0', 0, 0, 0, 16, 46, 0, 1361697944, 1366090464, 219, 34, 2, 50, '', '', 0, 0, 0),
(53, '鱼泉榨菜', '232', 150, 0, '0', 45, 0, 0, 23, 21, 0, 1361698030, 1366784685, 173, 52, 1, 50, '', '', 0, 0, 0),
(54, '老干妈风味豆豉', '233', 900, 0, '0', 5, 0, 0, 23, 22, 9, 1361698227, 1366721993, 198, 13, 1, 50, '', '', 0, 0, 0),
(55, '香飘飘奶茶', '166', 350, 0, '0', 8, 0, 0, 17, 48, 4, 1361698496, 1366864100, 295, 54, 1, 50, '', '', 0, 0, 0),
(56, '乡吧佬卤蛋', '241', 120, 0, '0', 45, 0, 0, 24, 23, 1, 1361698537, 1366874837, 975, 622, 1, 50, '', '', 0, 0, 0),
(57, '旺旺挑逗', '518', 270, 0, '0', 33, 0, 0, 16, 49, 3, 1361698632, 1366708498, 155, 51, 1, 50, '', '', 0, 0, 0),
(58, '银鹭八宝粥罐头', '111', 370, 0, '0', 0, 0, 0, 26, 52, 4, 1361698934, 1364982948, 172, 20, 2, 50, '', '', 0, 0, 0),
(59, '双汇玉米热狗', '252', 120, 0, '0', 0, 0, 0, 27, 24, 1, 1361698997, 1366856301, 520, 285, 1, 50, '', '', 0, 0, 0),
(60, '欣旺欣新疆风味葡萄干', '521', 400, 0, '0', 0, 0, 0, 25, 0, 4, 1361698998, 1366199008, 267, 48, 2, 50, '', '', 0, 0, 0),
(61, '上帝家园紫薯条', '522', 400, 0, '0', 0, 0, 0, 25, 51, 4, 1361699179, 1364982938, 278, 15, 2, 50, '', '', 0, 0, 0),
(62, '雀巢咖啡粉', '165', 100, 0, '0', 0, 0, 0, 17, 29, 1, 1361699258, 1364982929, 147, 95, 2, 50, '', '', 0, 0, 0),
(63, '有友泡椒花生', '455', 420, 0, '0', 20, 0, 0, 21, 10, 4, 1361699591, 1366785605, 414, 91, 1, 50, '', '', 0, 0, 0),
(64, '双汇香辣香脆肠', '251', 120, 0, '0', 15, 0, 0, 27, 24, 1, 1361699624, 1366866242, 744, 293, 1, 50, '', '', 0, 0, 0),
(65, '双汇泡椒风味肠', '253', 120, 0, '0', 23, 0, 0, 27, 24, 1, 1361699815, 1366856301, 405, 147, 1, 50, '', '', 0, 0, 0),
(66, '波力海苔 ', '454', 400, 0, '0', 3, 0, 0, 21, 53, 4, 1361699958, 1366369604, 184, 41, 1, 50, '', '', 0, 0, 0),
(67, '怡口莲巧克力风味夹心牛奶糖', '414', 250, 0, '0', 16, 0, 0, 28, 54, 0, 1361700533, 1366634047, 111, 27, 1, 50, '', '', 0, 0, 0),
(68, '旺仔QQ糖', '411', 150, 0, '0', 60, 0, 0, 28, 59, 2, 1361700540, 1366692993, 207, 67, 1, 50, '', '', 0, 0, 0),
(69, '百事可乐', '121', 300, 0, '0', 32, 0, 0, 29, 55, 3, 1361700625, 1366866366, 532, 157, 1, 50, '', '', 0, 0, 0),
(70, '美汁源果粒橙', '122', 350, 0, '0', 38, 0, 0, 29, 56, 4, 1361700819, 1366856301, 241, 54, 1, 50, '', '', 0, 0, 0),
(71, '雪碧', '123', 300, 0, '0', 46, 0, 0, 29, 56, 2, 1361700933, 1366809972, 527, 106, 1, 50, '', '', 0, 0, 0),
(72, 'MM豆', '418', 500, 0, '0', 15, 0, 0, 28, 60, 0, 1361701010, 1361714074, 1, 0, 1, 50, '', '', 1, 0, 0),
(73, '康师傅茉莉清茶', '124', 280, 0, '0', 24, 0, 0, 29, 11, 3, 1361701062, 1366544395, 192, 45, 1, 50, '', '', 0, 0, 0),
(74, '雀巢咖啡（瓶装）', '131', 520, 0, '0', 1, 0, 0, 30, 29, 5, 1361701210, 1366357262, 218, 27, 1, 50, '', '', 0, 0, 0),
(75, '猫哆哩酸角果派', '415', 450, 0, '0', 17, 0, 0, 28, 61, 0, 1361701307, 1366862476, 785, 112, 1, 50, '', '', 0, 0, 0),
(76, '真知棒', '412', 50, 0, '0', 0, 0, 0, 28, 63, 1, 1361701395, 1364982873, 135, 39, 2, 50, '', '', 0, 0, 0),
(77, '统一阿萨姆奶茶', '132', 400, 0, '0', 22, 0, 0, 31, 64, 4, 1361701415, 1366812649, 293, 73, 1, 50, '', '', 0, 0, 0),
(78, '绿箭口香糖', '417', 150, 0, '0', 26, 0, 0, 28, 62, 2, 1361701489, 1366856301, 106, 38, 1, 50, '', '', 0, 0, 0),
(79, '德芙丝滑牛奶巧克力', '419', 1400, 0, '0', 5, 0, 0, 28, 0, 0, 1361701901, 1361713602, 1, 0, 1, 50, '', '', 1, 0, 0),
(80, '徐福记凤梨酥', '327', 900, 0, '0', 2, 0, 0, 6, 9, 9, 1361702077, 1361702395, 0, 0, 1, 50, '', '', 1, 0, 0),
(81, '大白兔奶糖', '416', 650, 0, '0', 3, 0, 0, 28, 66, 7, 1361702274, 1364911020, 161, 15, 1, 50, '', '', 0, 0, 0),
(82, '徐福记包馅酥', '327', 900, 0, '0', 35, 0, 0, 6, 9, 9, 1361702389, 1366804591, 224, 40, 1, 50, '', '', 0, 0, 0),
(83, '徐福记草莓酥', '328', 900, 0, '0', 24, 0, 0, 6, 9, 9, 1361702533, 1366369510, 123, 6, 1, 50, '', '', 0, 0, 0),
(105, '人见人爱圣女果 0.5kg', '710', 400, 0, '0', 0, 0, 0, 33, 42, 4, 1361967802, 1366867283, 1150, 358, 1, 50, '', '', 0, 0, 0),
(84, '阿尔卑斯硬糖', '413', 200, 0, '0', 10, 0, 0, 28, 67, 2, 1361702985, 1366637864, 101, 26, 1, 50, '', '', 0, 0, 0),
(85, '德芙丝滑牛奶巧克力 ', '419', 1400, 0, '0', 7, 0, 0, 32, 65, 14, 1361713741, 1365914786, 318, 19, 1, 50, '', '', 0, 0, 0),
(86, 'MM豆', '418', 500, 0, '0', 0, 0, 0, 32, 60, 5, 1361714134, 1366090640, 151, 26, 2, 50, '', '', 0, 0, 0),
(87, 'IQ增增增香蕉  3个装', '701', 600, 0, '0', 4, 0, 0, 33, 42, 5, 1361759354, 1366874572, 3089, 2250, 1, 50, '', '', 0, 0, 0),
(89, '大白皇冠梨 2个装', '703', 550, 0, '0', 2, 0, 0, 33, 42, 6, 1361760681, 1366813740, 688, 519, 1, 50, '', '', 0, 0, 0),
(88, '害羞的苹果 2个装', '702', 450, 0, '0', 14, 0, 0, 33, 42, 6, 1361760296, 1366874572, 1828, 1410, 1, 50, '', '', 0, 0, 0),
(90, '椪柑（个）', '704', 80, 0, '0', 0, 0, 0, 33, 42, 1, 1361760870, 1362476166, 173, 62, 2, 50, '', '', 0, 0, 0),
(91, '话梅', '523', 800, 0, '0', 2, 0, 0, 25, 42, 8, 1361761084, 1366792280, 199, 20, 1, 50, '', '', 0, 0, 0),
(92, '丢了帽子的脐橙 2个装', '705', 280, 0, '0', 0, 0, 0, 33, 42, 1, 1361761095, 1366013467, 922, 829, 2, 50, '', '', 0, 0, 0),
(93, 'UP UP UP木瓜', '706', 800, 0, '0', 18, 0, 0, 33, 42, 8, 1361761300, 1366867827, 851, 181, 1, 50, '', '', 0, 0, 0),
(94, '会隐身的猕猴桃', '707', 110, 0, '0', 0, 0, 0, 33, 42, 2, 1361761572, 1365322371, 891, 646, 2, 50, '', '', 0, 0, 0),
(95, '甘草瓜子', '524', 600, 0, '0', 5, 0, 0, 25, 42, 6, 1361761875, 1361762338, 0, 0, 1, 50, '', '', 1, 0, 0),
(96, '松子', '525', 2000, 0, '0', 0, 0, 0, 16, 42, 20, 1361762281, 1365754546, 126, 9, 1, 50, '', '', 0, 0, 0),
(97, '甘草瓜子', '524', 600, 0, '0', 0, 0, 0, 16, 42, 6, 1361762395, 1365677143, 77, 11, 1, 50, '', '', 0, 0, 0),
(98, '半边梅', '526', 800, 0, '0', 0, 0, 0, 25, 42, 8, 1361762532, 1366548602, 263, 31, 1, 50, '', '', 0, 0, 0),
(99, '圣女果脯', '527', 800, 0, '0', 11, 0, 0, 25, 42, 8, 1361762908, 1366637373, 180, 12, 1, 50, '', '', 0, 0, 0),
(100, '乌梅', '528', 800, 0, '0', 0, 0, 0, 25, 42, 8, 1361762972, 1365774221, 230, 21, 1, 50, '', '', 0, 0, 0),
(182, '成电映像', '902', 1200, 0, '0', 138, 0, 0, 38, 0, 12, 1366595013, 1366887587, 17000, 712, 1, 50, '', '', 0, 0, 0),
(147, '成都记忆瓶装酸奶（可退瓶）', '177', 550, 0, '0', 3, 0, 0, 36, 72, 6, 1363254224, 1366867827, 1092, 176, 1, 50, '', '', 0, 0, 0),
(101, '沙糖桔（斤）', '708', 800, 0, '0', 3, 0, 0, 33, 42, 8, 1361769593, 1362027667, 181, 14, 2, 50, '', '', 0, 0, 0),
(104, '日清泡面', '214', 650, 0, '0', 54, 0, 0, 15, 68, 6, 1361942318, 1366874837, 1805, 574, 1, 50, '', '', 0, 0, 0),
(102, '果肉汇', '721', 1000, 0, '0', 20, 0, 0, 34, 42, 10, 1361792762, 1361797713, 1, 0, 1, 50, '', '', 1, 0, 0),
(103, '果肉汇', '709', 1000, 0, '0', 30, 0, 0, 34, 42, 10, 1361797797, 1361950708, 46, 0, 2, 50, '', '', 0, 0, 0),
(106, '油王子菠萝（盘）', '711', 500, 0, '0', 6, 0, 0, 33, 42, 4, 1362053445, 1366890581, 3057, 1269, 1, 50, '', '', 0, 0, 0),
(107, '雪莲果', '712', 100, 0, '0', 0, 0, 0, 33, 42, 1, 1362141971, 1365250371, 662, 292, 2, 50, '', '', 0, 0, 0),
(117, '扑面田园风', '805', 1000, 0, '0', 7, 0, 0, 35, 0, 10, 1362576784, 1364969546, 96, 1, 2, 50, '', '', 0, 0, 0),
(108, '别忘了柚子', '713', 900, 0, '0', 0, 0, 0, 33, 42, 9, 1362222654, 1366120632, 623, 71, 2, 50, '', '', 0, 0, 0),
(110, '卡夫果珍', '167', 1600, 0, '0', 2, 0, 0, 17, 38, 17, 1362319183, 1366295003, 112, 7, 1, 50, '', '', 0, 0, 0),
(111, '棒棒娃牛肉粒', '426', 800, 0, '0', 5, 0, 0, 10, 17, 8, 1362319881, 1366709990, 160, 15, 1, 50, '', '', 0, 0, 0),
(122, '桑葚（大盒）', '714', 900, 0, '0', 0, 0, 0, 33, 42, 9, 1362823533, 1366512748, 305, 28, 2, 50, '', '', 0, 0, 0),
(149, '唐记锅巴', '433', 400, 0, '0', 31, 0, 0, 18, 71, 4, 1364308010, 1366852886, 349, 96, 1, 50, '', '', 0, 0, 0),
(148, '大果粒（雪梨+菠萝）', '178', 650, 0, '0', 0, 0, 0, 36, 72, 7, 1363422383, 1366090649, 147, 8, 2, 50, '', '', 0, 0, 0),
(112, '超级无敌大旋风金刚钻果篮', '714', 8880, 0, '0', 10, 0, 0, 33, 42, 89, 1362468749, 1364182528, 395, 3, 1, 50, '', '', 0, 0, 0),
(113, '美丽心情', '801', 1500, 0, '0', 102, 0, 0, 35, 0, 15, 1362558860, 1364969546, 125, 2, 2, 50, '', '', 0, 0, 0),
(114, '健康生活', '802', 2000, 0, '0', 1, 0, 0, 35, 0, 20, 1362559102, 1364041389, 95, 1, 2, 50, '', '', 0, 0, 0),
(115, '休闲时刻', '803', 1500, 0, '0', 0, 0, 0, 35, 0, 15, 1362559177, 1364969546, 192, 6, 2, 50, '', '', 0, 0, 0),
(116, '满满都是爱', '804', 2000, 0, '0', 5, 0, 0, 35, 0, 20, 1362559240, 1364969546, 137, 0, 2, 50, '', '', 0, 0, 0),
(118, '香甜午后', '806', 1000, 0, '0', 6, 0, 0, 35, 0, 10, 1362577143, 1363591761, 66, 4, 1, 50, '', '', 1, 0, 0),
(119, '嘴巴的小假期', '807', 2500, 0, '0', 0, 0, 0, 35, 0, 0, 1362577691, 1364041482, 71, 0, 2, 50, '', '', 0, 0, 0),
(120, '春日里的野餐', '808', 2500, 0, '0', 12, 0, 0, 35, 0, 25, 1362577880, 1364969546, 132, 3, 2, 50, '', '', 0, 0, 0),
(121, '黄瓜', '901', 400, 0, '0', 0, 0, 0, 33, 42, 4, 1362623594, 1366512749, 325, 16, 2, 50, '', '', 0, 0, 0),
(123, '迎接夏日的小西瓜（半个）', '715', 900, 0, '0', 16, 0, 0, 33, 42, 6, 1362823738, 1366861458, 1000, 148, 1, 50, '', '', 0, 0, 0),
(124, '变美柠檬  3个装', '716', 380, 0, '0', 5, 0, 0, 33, 42, 1, 1362823886, 1366864802, 571, 161, 1, 50, '', '', 0, 0, 0),
(125, '好孩子爱吃芒果 2个装', '717', 600, 0, '0', 0, 0, 0, 33, 42, 2, 1362824140, 1366813038, 1766, 522, 1, 50, '', '', 0, 0, 0),
(126, '唐记锅巴', '433', 400, 0, '0', 3, 0, 0, 18, 71, 4, 1362906675, 1364983069, 226, 51, 2, 50, '', '', 1, 0, 0),
(127, '果町屋椰果布丁', '442', 280, 0, '0', 0, 0, 0, 4, 70, 3, 1362906766, 1364982843, 394, 73, 2, 50, '', '', 0, 0, 0),
(128, '饕餮果肉荟', '709', 1000, 0, '0', 21, 0, 0, 33, 42, 10, 1362988234, 1366876048, 1346, 404, 1, 50, '', '', 0, 0, 0),
(129, '麻辣萝卜干', '456', 100, 0, '0', 38, 0, 0, 21, 45, 1, 1362990382, 1366806476, 218, 73, 1, 50, '', '', 0, 0, 0),
(130, '麻辣豇豆', '457', 100, 0, '0', 41, 0, 0, 21, 45, 1, 1362991625, 1366874837, 507, 120, 1, 50, '', '', 0, 0, 0),
(131, '挑逗舌尖的草莓（盘）', '718', 1200, 0, '0', 2, 0, 0, 33, 42, 8, 1362999294, 1366857295, 2418, 321, 1, 50, '', '', 0, 0, 0),
(132, '不挂科火龙果', '719', 1000, 0, '0', 8, 0, 0, 33, 42, 9, 1362999403, 1366870079, 783, 164, 1, 50, '', '', 0, 0, 0),
(133, '跳跃的小金桔（斤）', '720', 500, 0, '0', 0, 0, 0, 33, 42, 5, 1362999631, 1366512741, 471, 95, 2, 50, '', '', 0, 0, 0),
(134, '龙眼（斤）', '721', 1200, 0, '0', 0, 0, 0, 33, 42, 11, 1362999761, 1366512740, 201, 13, 2, 50, '', '', 0, 0, 0),
(135, '香气扑鼻哈密瓜（碗）', '722', 500, 0, '0', 1, 0, 0, 33, 42, 5, 1362999865, 1366870191, 1094, 305, 1, 50, '', '', 0, 0, 0),
(140, 'V美果蔬乳酸菌饮品', '174', 450, 0, '0', 0, 0, 0, 36, 0, 5, 1363088881, 1366205981, 243, 43, 1, 50, '', '', 0, 0, 0),
(136, '新希望杯装酸奶', '171', 350, 0, '0', 13, 0, 0, 36, 72, 3, 1363087927, 1366806871, 883, 145, 1, 50, '', '', 0, 0, 0),
(137, '新希望袋装酸奶', '172', 330, 0, '0', 15, 0, 0, 36, 72, 3, 1363088228, 1366810522, 307, 40, 1, 50, '', '', 0, 0, 0),
(138, '新希望成都老酸奶', '173', 500, 0, '0', 9, 0, 0, 36, 72, 5, 1363088511, 1366871079, 765, 187, 1, 50, '', '', 0, 0, 0),
(139, 'V美五仁露', '175', 350, 0, '0', 10, 0, 0, 36, 72, 4, 1363088728, 1366715744, 79, 10, 1, 50, '', '', 0, 0, 0),
(142, '蒙牛真果粒', '152', 340, 0, '0', 0, 0, 0, 36, 12, 3, 1363089710, 1366512731, 69, 5, 2, 50, '', '', 0, 0, 0),
(141, '原浆核桃花生乳', '176', 400, 0, '0', 0, 0, 0, 36, 72, 4, 1363089156, 1364982789, 77, 16, 2, 50, '', '', 0, 0, 0),
(143, '新希望纯牛奶', '154', 300, 0, '0', 16, 0, 0, 36, 72, 3, 1363089747, 1366856301, 336, 139, 1, 50, '', '', 0, 0, 0),
(144, '伊利优酸乳', '153', 200, 0, '0', 0, 0, 0, 36, 14, 2, 1363090331, 1366512729, 65, 7, 2, 50, '', '', 0, 0, 0),
(145, '青提', '723', 800, 0, '0', 0, 0, 0, 33, 0, 16, 1363165662, 1366512728, 251, 21, 2, 50, '', '', 0, 0, 0),
(146, '葡萄', '724', 800, 0, '0', 0, 0, 0, 33, 0, 8, 1363165783, 1366512727, 104, 5, 2, 50, '', '', 0, 0, 0),
(181, '青梅竹马冻', '', 400, 0, '0', 0, 0, 0, 37, 0, 4, 1366172568, 1366526261, 209, 25, 1, 50, '', '', 0, 0, 0),
(150, '漂洋过海不知火 2个装', '718', 380, 0, '0', 0, 0, 0, 33, 42, 2, 1364354570, 1366782412, 577, 204, 2, 50, '', '', 0, 0, 0),
(153, '邮报枇杷 6个装', '727', 850, 0, '0', 0, 0, 0, 33, 42, 7, 1364966920, 1366628208, 300, 26, 2, 50, '', '', 0, 0, 0),
(151, '金茂昌果味布丁', '423', 250, 0, '0', 12, 0, 0, 4, 73, 3, 1364438400, 1366804368, 441, 87, 1, 50, '', '', 0, 0, 0),
(152, '小公主樱桃（盘）', '726', 1000, 0, '0', 9987, 0, 0, 33, 42, 10, 1364787714, 1366890581, 1077, 168, 1, 50, '', '', 0, 0, 0),
(178, '宾格瑞香蕉牛奶', '', 800, 0, '0', 16, 0, 0, 37, 0, 0, 1365774906, 1366779100, 224, 8, 1, 50, '', '', 0, 0, 0),
(154, '不二家棒棒糖', '813', 100, 0, '0', 28, 0, 0, 28, 74, 1, 1364982001, 1366603253, 88, 28, 1, 50, '', '', 0, 0, 0),
(155, '不二家牛乳糖', '811', 250, 0, '0', 9, 0, 0, 28, 74, 3, 1364982326, 1366810522, 107, 12, 1, 50, '', '', 0, 0, 0),
(156, '巧克巧奇涂层饼干', '824', 500, 0, '0', 3, 0, 0, 6, 75, 5, 1364982741, 1366639946, 188, 10, 1, 50, '', '', 0, 0, 0),
(157, '东园珍宝混合葡萄干', '802', 500, 0, '0', 25, 0, 0, 25, 77, 5, 1364983958, 1366441654, 110, 12, 1, 50, '', '', 0, 0, 0),
(158, '东园什锦豆果子', '801', 450, 0, '0', 7, 0, 0, 25, 77, 5, 1364984430, 1366860389, 128, 17, 1, 50, '', '', 0, 0, 0),
(159, '星球杯（3枚）', '814', 150, 0, '0', 277, 0, 0, 28, 78, 1, 1364984803, 1366853460, 226, 110, 1, 50, '', '', 0, 0, 0),
(160, '沙巴哇芭蕉干', '803', 800, 0, '0', 4, 0, 0, 25, 79, 8, 1364984950, 1367118721, 135, 7, 1, 50, '', '', 0, 0, 0),
(161, '沙巴哇芝士口味紫薯', '804', 1100, 0, '0', 0, 0, 0, 25, 79, 11, 1364985283, 1366166814, 148, 5, 1, 50, '', '', 0, 0, 0),
(162, '沙巴哇综合果蔬干', '805', 1000, 0, '0', 5, 0, 0, 25, 79, 10, 1364985488, 1366806574, 207, 11, 1, 50, '', '', 0, 0, 0),
(163, '小资女之恋卷心酥', '821', 1500, 0, '0', 8, 0, 0, 9, 80, 15, 1364991758, 1366534806, 237, 13, 1, 50, '', '', 0, 0, 0),
(164, '3点1刻经典奶茶（可回冲式）', '831', 1100, 0, '0', 3, 0, 0, 17, 81, 11, 1364992988, 1365852904, 100, 3, 1, 50, '', '', 0, 0, 0),
(165, '张君雅小妹妹捏碎面', '841', 360, 0, '0', 20, 0, 0, 15, 82, 4, 1364993838, 1366869985, 772, 126, 1, 50, '', '', 0, 0, 0),
(166, '乐天靓身果汁', '806', 500, 0, '0', 1, 0, 0, 29, 83, 5, 1364994606, 1366370071, 137, 5, 1, 50, '', '', 0, 0, 0),
(167, '乐天来仕必咖啡', '807', 500, 0, '0', 4, 0, 0, 29, 83, 5, 1364994902, 1366812500, 61, 6, 1, 50, '', '', 0, 0, 0),
(168, '皇冠丹麦曲奇', '822', 1100, 0, '0', 12, 0, 0, 6, 84, 11, 1364996183, 1366601061, 233, 16, 1, 50, '', '', 0, 0, 0),
(169, 'Tipo面包干', '823', 80, 0, '0', 362, 0, 0, 6, 85, 10, 1364996953, 1366866366, 367, 398, 1, 50, '', '', 0, 0, 0),
(170, '亚米熊猫布丁', '812', 130, 0, '0', 104, 0, 0, 4, 86, 12, 1364997527, 1366804591, 215, 10, 1, 50, '', '', 0, 0, 0),
(171, '张君雅小妹妹甜甜圈', '842', 800, 0, '0', 10, 0, 0, 15, 82, 8, 1365341149, 1366876048, 217, 23, 1, 50, '', '', 0, 0, 0),
(172, '张君雅小妹妹点心面', '843', 800, 0, '0', 22, 0, 0, 15, 82, 8, 1365342378, 1366812837, 236, 39, 1, 50, '', '', 0, 0, 0),
(174, '香蕉牛奶', '902', 500, 0, '0', 0, 0, 0, 36, 72, 5, 1365655044, 1366782339, 55, 12, 2, 50, '', '', 0, 0, 0),
(173, '版纳雨林鸡尾果汁', '179', 350, 0, '0', 6, 0, 0, 29, 87, 3, 1365476185, 1366369183, 220, 29, 1, 50, '', '', 0, 0, 0),
(175, '杨梅', '719', 800, 0, '0', 0, 0, 0, 33, 42, 8, 1365748173, 1366782338, 164, 9, 2, 50, '', '', 0, 0, 0),
(176, '泰国甜瓜', '720', 400, 0, '0', 0, 0, 0, 33, 42, 0, 1365748405, 1366782337, 188, 11, 2, 50, '', '', 0, 0, 0),
(177, '南萃坊金丝肉松饼', '844', 150, 0, '0', 298, 0, 0, 37, 0, 2, 1365750852, 1366858701, 606, 558, 1, 50, '', '', 0, 0, 0),
(179, '油桃', '', 400, 0, '0', 0, 0, 0, 33, 0, 16, 1365996690, 1366782335, 331, 22, 2, 50, '', '', 0, 0, 0),
(180, '柳橙(两个装）', '', 500, 0, '0', 0, 0, 0, 33, 42, 0, 1365998246, 1366779075, 198, 76, 1, 50, '', '', 0, 0, 0),
(183, '20瓶水（请单独购买 网上付款）', '901', 2000, 0, '0', 0, 0, 0, 39, 42, 20, 1366622156, 1366870002, 1144, 53, 1, 50, '', '', 0, 0, 0),
(186, '5包卫生巾（请单独购买  网上付款）', '', 2000, 0, '0', 990, 0, 0, 39, 0, 20, 1366853997, 1367118765, 62, 10, 1, 50, '', '', 0, 0, 0),
(184, 'Magic Crunch 脆果', '999', 500, 0, '0', 9, 0, 0, 37, 0, 0, 1366712471, 1366712610, 0, 0, 1, 50, '', '', 1, 0, 0),
(185, 'Magic Crunch 脆果', '999', 500, 0, '0', 4, 0, 0, 37, 0, 18, 1366712522, 1366864580, 20, 4, 1, 50, '', '', 0, 0, 0),
(187, '呵呵', '', 100, 0, '0', 1, 0, 0, 4, 0, 0, 1367223906, 1367223906, 0, 0, 1, 50, '', '', 0, 0, 0);

-- --------------------------------------------------------

--
-- 表的结构 `cart_item_cat`
--

CREATE TABLE IF NOT EXISTS `cart_item_cat` (
  `id` int(11) NOT NULL AUTO_INCREMENT,
  `itemid` int(11) NOT NULL,
  `catid` smallint(4) unsigned NOT NULL,
  PRIMARY KEY (`id`),
  KEY `index_catid` (`catid`),
  KEY `index_itemid` (`itemid`)
) ENGINE=MyISAM  DEFAULT CHARSET=utf8 AUTO_INCREMENT=265 ;

--
-- 转存表中的数据 `cart_item_cat`
--

INSERT INTO `cart_item_cat` (`id`, `itemid`, `catid`) VALUES
(159, 129, 17),
(4, 4, 16),
(235, 169, 46),
(5, 5, 16),
(208, 120, 44),
(207, 113, 44),
(234, 168, 46),
(9, 9, 14),
(114, 14, 40),
(231, 165, 48),
(12, 12, 14),
(206, 126, 15),
(160, 130, 17),
(15, 15, 14),
(205, 38, 15),
(254, 83, 9),
(214, 149, 15),
(19, 19, 26),
(218, 153, 2),
(21, 21, 14),
(22, 22, 26),
(217, 152, 2),
(233, 167, 47),
(25, 25, 14),
(216, 151, 16),
(27, 27, 32),
(215, 150, 2),
(29, 29, 14),
(30, 30, 32),
(31, 31, 32),
(32, 32, 19),
(204, 36, 15),
(34, 34, 32),
(203, 33, 9),
(211, 116, 44),
(232, 166, 47),
(210, 117, 44),
(39, 39, 19),
(253, 78, 12),
(41, 41, 16),
(42, 42, 20),
(209, 119, 44),
(44, 44, 19),
(45, 45, 17),
(202, 13, 9),
(185, 57, 5),
(48, 48, 31),
(49, 49, 17),
(50, 50, 33),
(51, 51, 17),
(198, 82, 10),
(53, 53, 33),
(54, 54, 33),
(55, 55, 32),
(56, 56, 34),
(187, 37, 5),
(58, 58, 30),
(59, 59, 35),
(60, 60, 6),
(61, 61, 6),
(62, 62, 32),
(63, 63, 17),
(64, 64, 35),
(65, 65, 35),
(66, 66, 17),
(230, 164, 47),
(229, 163, 46),
(69, 69, 27),
(70, 70, 27),
(71, 71, 27),
(228, 162, 44),
(73, 73, 27),
(74, 74, 28),
(227, 161, 44),
(226, 160, 44),
(77, 77, 29),
(225, 159, 12),
(224, 158, 44),
(201, 16, 9),
(223, 157, 44),
(200, 35, 9),
(199, 46, 9),
(222, 156, 46),
(85, 85, 13),
(86, 86, 13),
(158, 128, 2),
(157, 127, 16),
(186, 52, 5),
(155, 87, 2),
(91, 91, 6),
(154, 88, 2),
(153, 89, 2),
(152, 92, 2),
(182, 47, 5),
(181, 148, 40),
(180, 147, 40),
(98, 98, 6),
(99, 99, 6),
(100, 100, 6),
(151, 93, 2),
(102, 102, 3),
(103, 103, 3),
(104, 104, 19),
(150, 94, 2),
(149, 105, 2),
(148, 106, 2),
(147, 107, 2),
(179, 40, 5),
(110, 110, 32),
(111, 111, 14),
(146, 112, 2),
(113, 10, 40),
(115, 18, 40),
(213, 114, 44),
(212, 115, 44),
(197, 28, 10),
(196, 26, 10),
(195, 17, 10),
(194, 20, 10),
(145, 108, 2),
(193, 23, 10),
(144, 121, 2),
(143, 122, 2),
(142, 123, 2),
(141, 124, 2),
(140, 125, 2),
(192, 11, 10),
(161, 131, 2),
(162, 132, 2),
(163, 133, 2),
(164, 134, 2),
(165, 135, 2),
(166, 136, 40),
(167, 137, 40),
(168, 138, 40),
(169, 139, 40),
(170, 140, 40),
(171, 141, 40),
(172, 142, 40),
(173, 143, 40),
(174, 144, 40),
(178, 96, 5),
(176, 146, 2),
(177, 145, 2),
(252, 170, 16),
(237, 171, 48),
(238, 172, 48),
(239, 173, 27),
(240, 174, 40),
(241, 175, 2),
(242, 176, 2),
(243, 177, 46),
(244, 178, 47),
(245, 179, 2),
(246, 180, 2),
(251, 181, 16),
(250, 155, 12),
(249, 75, 12),
(255, 67, 12),
(261, 182, 50),
(260, 183, 50),
(262, 184, 46),
(263, 185, 46),
(264, 186, 50);

-- --------------------------------------------------------

--
-- 表的结构 `cart_item_spec`
--

CREATE TABLE IF NOT EXISTS `cart_item_spec` (
  `id` int(11) NOT NULL AUTO_INCREMENT,
  `itemid` int(11) unsigned NOT NULL,
  `specid` int(11) unsigned NOT NULL,
  `self` text NOT NULL,
  PRIMARY KEY (`id`)
) ENGINE=MyISAM  DEFAULT CHARSET=utf8 AUTO_INCREMENT=88 ;

--
-- 转存表中的数据 `cart_item_spec`
--

INSERT INTO `cart_item_spec` (`id`, `itemid`, `specid`, `self`) VALUES
(1, 6, 4, 'a:1:{s:4:"text";a:3:{i:5;s:25:"水晶葡萄味+水蜜桃";i:6;s:6:"原味";i:7;s:15:"巧克力夹心";}}'),
(2, 8, 5, 'a:1:{s:4:"text";a:2:{i:8;s:12:"原味瓜子";i:9;s:12:"凉茶瓜子";}}'),
(4, 13, 7, 'a:1:{s:4:"text";a:6:{i:15;s:15:"香浓奶油味";i:14;s:18:"香草巧克力味";i:13;s:15:"清新柠檬味";i:108;s:15:"果香蓝莓味";i:150;s:15:"咖啡牛奶味";i:151;s:15:"抹茶蜜豆味";}}'),
(5, 17, 12, 'a:1:{s:4:"text";a:2:{i:23;s:9:"橙汁味";i:111;s:9:"草莓味";}}'),
(6, 20, 12, 'a:1:{s:4:"text";a:3:{i:29;s:12:"巧克力味";i:30;s:9:"蛋黄味";i:111;s:9:"草莓味";}}'),
(7, 23, 12, 'a:1:{s:4:"text";a:2:{i:31;s:9:"香橙味";i:32;s:9:"香奶味";}}'),
(8, 24, 14, 'a:1:{s:4:"text";a:2:{i:26;s:12:"原味瓜子";i:27;s:12:"凉茶瓜子";}}'),
(9, 21, 15, 'a:1:{s:4:"text";a:2:{i:28;s:9:"麻辣味";i:116;s:9:"五香味";}}'),
(10, 26, 12, 'a:1:{s:4:"text";a:2:{i:37;s:9:"椰奶味";i:38;s:9:"花生味";}}'),
(11, 28, 12, 'a:1:{s:4:"text";a:2:{i:124;s:15:"葱香鸡肉味";i:184;s:12:"黑胡椒味";}}'),
(12, 32, 8, 'a:1:{s:4:"text";a:9:{i:106;s:15:"泡椒牛肉面";i:119;s:15:"麻辣排骨面";i:120;s:15:"香菇炖鸡面";i:121;s:21:"老坛酸菜仔鸡面";i:122;s:18:"泡椒竹笋鸡面";i:185;s:15:"香辣牛肉面";i:191;s:15:"麻辣牛肉面";i:192;s:21:"老坛酸菜牛肉面";i:259;s:15:"香锅牛肉面";}}'),
(13, 33, 7, 'a:1:{s:4:"text";a:6:{i:57;s:15:"巧克力夹心";i:46;s:9:"抹茶味";i:47;s:9:"花生味";i:49;s:9:"芝麻味";i:138;s:9:"红豆味";i:254;s:9:"奶香味";}}'),
(14, 35, 7, 'a:1:{s:4:"text";a:4:{i:48;s:9:"海苔味";i:49;s:9:"芝麻味";i:50;s:12:"香葱口味";i:148;s:9:"奶盐味";}}'),
(15, 36, 19, 'a:1:{s:4:"text";a:10:{i:45;s:18:"美国经典原味";i:101;s:9:"黄瓜味";i:102;s:12:"小番茄味";i:103;s:24:"墨西哥鸡汁番茄味";i:104;s:24:"意大利香浓红烩味";i:146;s:18:"秘制酸汤鱼味";i:194;s:9:"青柠味";i:195;s:12:"小番茄味";i:196;s:18:"飘香麻辣锅味";i:197;s:18:"芝士焗龙虾味";}}'),
(16, 39, 9, 'a:1:{s:4:"text";a:1:{i:17;s:12:"红油燃面";}}'),
(18, 42, 10, 'a:1:{s:4:"text";a:2:{i:19;s:12:"香辣鸡丁";i:99;s:12:"瘦肉豌豆";}}'),
(19, 44, 8, 'a:1:{s:4:"text";a:5:{i:16;s:15:"红烧牛肉面";i:185;s:15:"香辣牛肉面";i:191;s:15:"麻辣牛肉面";i:192;s:21:"老坛酸菜牛肉面";i:193;s:15:"卤香牛肉面";}}'),
(20, 46, 7, 'a:1:{s:4:"text";a:3:{i:57;s:15:"巧克力夹心";i:58;s:6:"原味";i:182;s:12:"草莓夹心";}}'),
(57, 128, 27, 'a:1:{s:4:"text";a:5:{i:156;s:9:"苹果酱";i:158;s:9:"沙拉酱";i:159;s:9:"不加酱";i:180;s:9:"草莓酱";i:241;s:9:"蓝莓酱";}}'),
(21, 50, 11, 'a:1:{s:4:"text";a:7:{i:20;s:12:"麻辣什锦";i:21;s:15:"香辣大头菜";i:22;s:12:"香辣酸菜";i:132;s:12:"爽脆木耳";i:133;s:15:"爆炒金针菇";i:134;s:9:"野竹笋";i:135;s:9:"野蕨菜";}}'),
(22, 52, 14, 'a:1:{s:4:"text";a:5:{i:62;s:15:"蒜香味青豆";i:63;s:15:"烤肉味青豆";i:64;s:18:"香辣味兰花豆";i:65;s:15:"香辣味花生";i:66;s:18:"烤肉味兰花豆";}}'),
(23, 54, 11, 'a:1:{s:4:"text";a:2:{i:33;s:15:"精制牛肉末";i:205;s:12:"油制辣椒";}}'),
(24, 55, 22, 'a:1:{s:4:"text";a:1:{i:70;s:12:"巧克力味";}}'),
(25, 76, 23, 'a:1:{s:4:"text";a:6:{i:72;s:9:"荔枝味";i:73;s:9:"蓝莓味";i:74;s:9:"柠檬味";i:75;s:9:"苹果味";i:76;s:9:"香橙味";i:77;s:9:"草莓味";}}'),
(26, 80, 7, 'a:1:{s:4:"text";a:2:{i:78;s:9:"草莓味";i:79;s:9:"凤梨味";}}'),
(27, 84, 23, 'a:1:{s:4:"text";a:2:{i:76;s:9:"香橙味";i:77;s:9:"草莓味";}}'),
(34, 103, 25, 'a:1:{s:4:"text";a:4:{i:86;s:9:"苹果酱";i:85;s:9:"蓝莓酱";i:84;s:6:"原味";i:87;s:9:"沙拉酱";}}'),
(35, 104, 8, 'a:1:{s:4:"text";a:10:{i:88;s:12:"海鲜风味";i:89;s:17:"XO酱海鲜风味";i:90;s:18:"咖喱海鲜风味";i:91;s:18:"香辣海鲜风味";i:92;s:18:"香浓叉烧风味";i:93;s:18:"猪骨浓汤风味";i:94;s:18:"香辣牛肉风味";i:95;s:18:"五香牛肉风味";i:96;s:12:"虾仁风味";i:97;s:18:"香菇鸡肉风味";}}'),
(36, 14, 26, 'a:1:{s:4:"text";a:2:{i:113;s:9:"草莓味";i:114;s:12:"猕猴桃味";}}'),
(63, 138, 30, 'a:1:{s:4:"text";a:2:{i:202;s:6:"大盒";i:203;s:6:"小盒";}}'),
(37, 68, 23, 'a:1:{s:4:"text";a:6:{i:72;s:9:"荔枝味";i:73;s:9:"蓝莓味";i:75;s:12:"青苹果味";i:76;s:9:"香橙味";i:77;s:9:"草莓味";i:149;s:9:"葡萄味";}}'),
(64, 154, 23, 'a:1:{s:4:"text";a:8:{i:76;s:9:"香橙味";i:100;s:12:"水蜜桃味";i:149;s:9:"葡萄味";i:206;s:12:"哈密瓜味";i:255;s:15:"奶茶牛奶味";i:256;s:15:"香醇牛奶味";i:257;s:18:"巧克力牛奶味";i:258;s:15:"乳酸牛奶味";}}'),
(38, 110, 22, 'a:1:{s:4:"text";a:1:{i:115;s:15:"阳光甜橙味";}}'),
(39, 111, 15, 'a:1:{s:4:"text";a:1:{i:116;s:9:"沙嗲味";}}'),
(60, 126, 19, 'a:1:{s:4:"text";a:2:{i:128;s:9:"香葱味";i:131;s:9:"麻辣味";}}'),
(42, 127, 28, 'a:1:{s:4:"text";a:2:{i:129;s:9:"芒果味";i:130;s:9:"荔枝味";}}'),
(43, 45, 29, 'a:1:{s:4:"text";a:3:{i:139;s:9:"麻辣味";i:141;s:9:"五香味";i:253;s:9:"山椒味";}}'),
(44, 41, 28, 'a:1:{s:4:"text";a:3:{i:142;s:12:"什锦果肉";i:143;s:13:"葡萄&苹果";i:144;s:13:"黄桃&蜜桃";}}'),
(45, 82, 7, 'a:1:{s:4:"text";a:3:{i:78;s:9:"草莓味";i:79;s:9:"凤梨味";i:145;s:9:"香橙味";}}'),
(76, 173, 31, 'a:1:{s:4:"text";a:2:{i:225;s:6:"芒果";i:238;s:9:"西番莲";}}'),
(59, 108, 27, 'a:1:{s:4:"text";a:2:{i:189;s:6:"剥皮";i:190;s:9:"不剥皮";}}'),
(50, 136, 30, 'a:1:{s:4:"text";a:7:{i:170;s:9:"红枣味";i:169;s:15:"冰芦椰果味";i:168;s:21:"蜂蜜冰糖雪梨味";i:167;s:6:"原味";i:173;s:9:"蓝莓味";i:175;s:9:"冰莓味";i:229;s:13:"黄桃+椰果";}}'),
(61, 149, 19, 'a:1:{s:4:"text";a:2:{i:128;s:9:"香葱味";i:131;s:9:"麻辣味";}}'),
(58, 85, 32, 'a:1:{s:4:"text";a:3:{i:186;s:21:"丝滑牛奶巧克力";i:187;s:18:"香浓黑巧克力";i:188;s:12:"榛仁果粒";}}'),
(51, 137, 30, 'a:1:{s:4:"text";a:4:{i:171;s:15:"库拉索芦荟";i:167;s:6:"原味";i:165;s:9:"草莓味";i:204;s:12:"黄桃果酱";}}'),
(52, 140, 30, 'a:1:{s:4:"text";a:3:{i:165;s:9:"草莓味";i:173;s:9:"蓝莓味";i:174;s:9:"菠萝味";}}'),
(53, 142, 30, 'a:1:{s:4:"text";a:2:{i:166;s:12:"猕猴桃味";i:165;s:9:"草莓味";}}'),
(55, 71, 31, 'a:1:{s:4:"text";a:2:{i:230;s:6:"罐装";i:231;s:6:"瓶装";}}'),
(62, 151, 28, 'a:1:{s:4:"text";a:4:{i:129;s:9:"芒果味";i:130;s:9:"荔枝味";i:200;s:9:"水蜜桃";i:201;s:9:"奇异果";}}'),
(65, 155, 23, 'a:1:{s:4:"text";a:2:{i:207;s:6:"原味";i:208;s:9:"芒果味";}}'),
(66, 156, 7, 'a:1:{s:4:"text";a:6:{i:209;s:24:"蓝莓碎巧克力涂层";i:210;s:24:"草莓碎巧克力涂层";i:211;s:21:"牛奶巧克力涂层";i:212;s:24:"杏仁碎巧克力涂层";i:213;s:24:"黑芝麻巧克力涂层";i:214;s:15:"巧克力涂层";}}'),
(67, 163, 12, 'a:1:{s:4:"text";a:3:{i:111;s:9:"草莓味";i:215;s:18:"白巧克力杏仁";i:216;s:21:"草莓巧克力杏仁";}}'),
(68, 164, 22, 'a:1:{s:4:"text";a:3:{i:221;s:6:"伯爵";i:220;s:12:"玫瑰花果";i:222;s:6:"港式";}}'),
(69, 166, 31, 'a:1:{s:4:"text";a:3:{i:224;s:6:"石榴";i:225;s:6:"芒果";i:226;s:6:"芦荟";}}'),
(71, 170, 28, 'a:1:{s:4:"text";a:3:{i:129;s:9:"芒果味";i:130;s:9:"荔枝味";i:228;s:9:"葡萄味";}}'),
(77, 177, 35, 'a:1:{s:4:"text";a:3:{i:239;s:6:"原味";i:240;s:3:"辣";i:262;s:6:"果仁";}}'),
(81, 169, 7, 'a:1:{s:4:"text";a:2:{i:58;s:6:"原味";i:266;s:15:"烤面包牛奶";}}'),
(82, 87, 27, 'a:1:{s:4:"text";a:2:{i:178;s:3:"大";i:179;s:3:"小";}}'),
(83, 93, 27, 'a:1:{s:4:"text";a:2:{i:269;s:6:"半个";i:270;s:6:"整个";}}'),
(84, 132, 27, 'a:1:{s:4:"text";a:2:{i:269;s:6:"半个";i:270;s:6:"整个";}}'),
(85, 172, 8, 'a:1:{s:4:"text";a:2:{i:271;s:15:"海苔小丸子";i:272;s:12:"碳烤鸡汁";}}'),
(86, 185, 35, 'a:1:{s:4:"text";a:3:{i:239;s:9:"巧克力";i:240;s:6:"草莓";i:262;s:6:"香草";}}'),
(87, 182, 41, 'a:1:{s:4:"text";a:3:{i:276;s:15:"清水河校区";i:277;s:12:"成都市内";i:278;s:12:"成都市外";}}');

-- --------------------------------------------------------

--
-- 表的结构 `cart_item_view`
--

CREATE TABLE IF NOT EXISTS `cart_item_view` (
  `id` int(11) NOT NULL AUTO_INCREMENT,
  `item_name` varchar(255) COLLATE utf8_bin DEFAULT NULL COMMENT '商品名',
  `time` datetime DEFAULT NULL COMMENT '时间(这个时间段的开始)',
  `view` int(11) DEFAULT NULL COMMENT '浏览次数',
  `item_id` int(11) NOT NULL,
  PRIMARY KEY (`id`),
  UNIQUE KEY `time` (`time`,`item_name`)
) ENGINE=MyISAM  DEFAULT CHARSET=utf8 COLLATE=utf8_bin AUTO_INCREMENT=4856 ;

--
-- 转存表中的数据 `cart_item_view`
--

INSERT INTO `cart_item_view` (`id`, `item_name`, `time`, `view`, `item_id`) VALUES
(1, '紫罗兰', '2013-02-23 00:00:00', 1, 0),
(2, '测试', '2013-02-23 00:00:00', 12, 0),
(3, '百斯顿葡萄干', '2013-02-23 00:00:00', 9, 0),
(4, '喜之郎果冻', '2013-02-23 00:00:00', 24, 0),
(5, '奥利奥', '2013-02-23 00:00:00', 4, 0),
(6, '趣多多', '2013-02-23 00:00:00', 5, 0),
(7, '恰恰香瓜子', '2013-02-23 00:00:00', 8, 0),
(8, '有友泡椒猪皮', '2013-02-23 00:00:00', 31, 0),
(9, '伊利纯牛奶', '2013-02-24 00:00:00', 9, 0),
(10, '徐福记沙琪玛（小包）', '2013-02-24 00:00:00', 19, 0),
(11, '有友泡椒猪皮', '2013-02-24 00:00:00', 6, 0),
(12, '康师傅3+2苏打夹心饼干', '2013-02-24 00:00:00', 8, 0),
(13, '蒙牛真果粒', '2013-02-24 00:00:00', 10, 0),
(14, '有友泡椒凤爪', '2013-02-24 00:00:00', 6, 0),
(15, '达利园瑞士卷（小包）', '2013-02-24 00:00:00', 12, 0),
(16, '伊利酸酸乳', '2013-02-24 00:00:00', 9, 0),
(17, '趣多多巧克力味曲奇饼干', '2013-02-24 00:00:00', 8, 0),
(18, '青岛纯生', '2013-02-24 00:00:00', 7, 0),
(19, '达利园派（小包）', '2013-02-24 00:00:00', 9, 0),
(20, '棒棒娃手撕牛肉', '2013-02-24 00:00:00', 9, 0),
(21, '达利园法式软面包（小包）', '2013-02-24 00:00:00', 8, 0),
(22, '恰恰香瓜子', '2013-02-24 00:00:00', 10, 0),
(23, '米老头雪花煎卷（大包）', '2013-02-24 00:00:00', 9, 0),
(24, '口水族香辣黄花鱼', '2013-02-24 00:00:00', 6, 0),
(25, '旺旺小小酥', '2013-02-24 00:00:00', 8, 0),
(26, '口水族烤鱿鱼丝', '2013-02-24 00:00:00', 3, 0),
(27, '雀巢脆脆鲨', '2013-02-24 00:00:00', 9, 0),
(28, '乐事薯片', '2013-02-24 00:00:00', 10, 0),
(29, '太平梳打饼干', '2013-02-24 00:00:00', 8, 0),
(30, '百世兴酒鬼花生', '2013-02-24 00:00:00', 6, 0),
(31, '旺旺大米饼', '2013-02-24 00:00:00', 4, 0),
(32, '旺宝大杏仁', '2013-02-24 00:00:00', 5, 0),
(33, '喜之郎什锦果肉果冻布丁', '2013-02-24 00:00:00', 15, 0),
(34, '好巴食麻辣豆腐干', '2013-02-24 00:00:00', 8, 0),
(35, '康师傅干拌面', '2013-02-24 00:00:00', 7, 0),
(36, '康师傅方便面', '2013-02-24 00:00:00', 12, 0),
(37, '奥利奥夹心饼干', '2013-02-24 00:00:00', 11, 0),
(38, '旺宝开心果', '2013-02-24 00:00:00', 4, 0),
(39, '香辣金针菇', '2013-02-24 00:00:00', 3, 0),
(40, '麻辣海带丝', '2013-02-24 00:00:00', 2, 0),
(41, '口水娃青豆', '2013-02-24 00:00:00', 7, 0),
(42, '水果巴士核桃', '2013-02-24 00:00:00', 10, 0),
(43, '得益绿色方便米饭', '2013-02-24 00:00:00', 7, 0),
(44, '老干妈风味豆豉', '2013-02-24 00:00:00', 3, 0),
(45, '鱼泉榨菜', '2013-02-24 00:00:00', 3, 0),
(46, '饭扫光', '2013-02-24 00:00:00', 2, 0),
(47, '青岛勇闯天涯', '2013-02-24 00:00:00', 9, 0),
(48, '旺旺挑逗', '2013-02-24 00:00:00', 3, 0),
(49, '香飘飘奶茶', '2013-02-24 00:00:00', 7, 0),
(50, '加多宝', '2013-02-24 00:00:00', 7, 0),
(51, '维他型豆奶粉', '2013-02-24 00:00:00', 3, 0),
(52, '西麦燕麦片', '2013-02-24 00:00:00', 4, 0),
(53, '南方黑芝麻糊', '2013-02-24 00:00:00', 2, 0),
(54, '雀巢全脂奶粉', '2013-02-24 00:00:00', 2, 0),
(55, '百斯顿成都小吃葡萄干', '2013-02-24 00:00:00', 7, 0),
(56, '银鹭八宝粥罐头', '2013-02-24 00:00:00', 5, 0),
(57, '双汇玉米热狗', '2013-02-24 00:00:00', 8, 0),
(58, '双汇香辣香脆肠', '2013-02-24 00:00:00', 3, 0),
(59, '双汇泡椒风味肠', '2013-02-24 00:00:00', 7, 0),
(60, '波力海苔 ', '2013-02-24 00:00:00', 3, 0),
(61, '雪碧', '2013-02-24 00:00:00', 8, 0),
(62, '统一阿萨姆奶茶', '2013-02-24 00:00:00', 8, 0),
(63, '乡吧佬卤蛋', '2013-02-24 00:00:00', 6, 0),
(64, '百事可乐', '2013-02-24 00:00:00', 4, 0),
(65, '美汁源果粒橙', '2013-02-24 00:00:00', 4, 0),
(66, '康师傅茉莉清茶', '2013-02-24 00:00:00', 13, 0),
(67, '上帝家园紫薯条', '2013-02-24 00:00:00', 3, 0),
(68, '徐福记草莓酥', '2013-02-24 00:00:00', 14, 0),
(69, '徐福记凤梨酥', '2013-02-24 00:00:00', 9, 0),
(70, '有友泡椒花生', '2013-02-24 00:00:00', 2, 0),
(71, '阿尔卑斯硬糖', '2013-02-24 00:00:00', 3, 0),
(72, '大白兔奶糖', '2013-02-24 00:00:00', 3, 0),
(73, '德芙丝滑牛奶巧克力', '2013-02-24 00:00:00', 2, 0),
(74, '绿箭口香糖', '2013-02-24 00:00:00', 5, 0),
(75, '真知棒', '2013-02-24 00:00:00', 3, 0),
(76, '猫哆哩酸角果派', '2013-02-24 00:00:00', 4, 0),
(77, 'MM豆', '2013-02-24 00:00:00', 2, 0),
(78, '旺仔QQ糖', '2013-02-24 00:00:00', 7, 0),
(79, '怡口莲巧克力风味夹心牛奶糖', '2013-02-24 00:00:00', 3, 0),
(80, '雀巢咖啡', '2013-02-24 00:00:00', 6, 0),
(81, '雀巢咖啡粉', '2013-02-24 00:00:00', 1, 0),
(82, '百事可乐', '2013-02-25 00:00:00', 12, 0),
(83, '旺仔QQ糖', '2013-02-25 00:00:00', 15, 0),
(84, '得益绿色方便米饭', '2013-02-25 00:00:00', 21, 0),
(85, '大白兔奶糖', '2013-02-25 00:00:00', 6, 0),
(86, '雀巢咖啡', '2013-02-25 00:00:00', 4, 0),
(87, '百斯顿成都小吃葡萄干', '2013-02-25 00:00:00', 3, 0),
(88, '雀巢脆脆鲨', '2013-02-25 00:00:00', 8, 0),
(89, '南方黑芝麻糊', '2013-02-25 00:00:00', 10, 0),
(90, '康师傅茉莉清茶', '2013-02-25 00:00:00', 11, 0),
(91, '旺旺小小酥', '2013-02-25 00:00:00', 6, 0),
(92, '米老头雪花煎卷（大包）', '2013-02-25 00:00:00', 5, 0),
(93, '香飘飘奶茶', '2013-02-25 00:00:00', 4, 0),
(94, '伊利酸酸乳', '2013-02-25 00:00:00', 10, 0),
(95, '恰恰香瓜子', '2013-02-25 00:00:00', 5, 0),
(96, '加多宝', '2013-02-25 00:00:00', 7, 0),
(97, '奥利奥夹心饼干', '2013-02-25 00:00:00', 8, 0),
(98, '上帝家园紫薯条', '2013-02-25 00:00:00', 7, 0),
(99, '有友泡椒凤爪', '2013-02-25 00:00:00', 4, 0),
(100, '德芙丝滑牛奶巧克力 ', '2013-02-25 00:00:00', 6, 0),
(101, '蒙牛真果粒', '2013-02-25 00:00:00', 16, 0),
(102, '口水族香辣黄花鱼', '2013-02-25 00:00:00', 3, 0),
(103, '猫哆哩酸角果派', '2013-02-25 00:00:00', 19, 0),
(104, '好巴食麻辣豆腐干', '2013-02-25 00:00:00', 6, 0),
(105, '真知棒', '2013-02-25 00:00:00', 5, 0),
(106, '银鹭八宝粥罐头', '2013-02-25 00:00:00', 3, 0),
(107, '康师傅方便面', '2013-02-25 00:00:00', 14, 0),
(108, '绿箭口香糖', '2013-02-25 00:00:00', 3, 0),
(109, '乐事薯片', '2013-02-25 00:00:00', 5, 0),
(110, '乡吧佬卤蛋', '2013-02-25 00:00:00', 10, 0),
(111, '双汇玉米热狗', '2013-02-25 00:00:00', 3, 0),
(112, '喜之郎什锦果肉果冻布丁', '2013-02-25 00:00:00', 53, 0),
(113, '西麦燕麦片', '2013-02-25 00:00:00', 5, 0),
(114, '饭扫光', '2013-02-25 00:00:00', 6, 0),
(115, '有友泡椒猪皮', '2013-02-25 00:00:00', 4, 0),
(116, '波力海苔 ', '2013-02-25 00:00:00', 3, 0),
(117, '康师傅干拌面', '2013-02-25 00:00:00', 5, 0),
(118, '香辣金针菇', '2013-02-25 00:00:00', 3, 0),
(119, '口水族烤鱿鱼丝', '2013-02-25 00:00:00', 2, 0),
(120, '旺旺大米饼', '2013-02-25 00:00:00', 2, 0),
(121, '双汇香辣香脆肠', '2013-02-25 00:00:00', 3, 0),
(122, '有友泡椒花生', '2013-02-25 00:00:00', 5, 0),
(123, '棒棒娃手撕牛肉', '2013-02-25 00:00:00', 2, 0),
(124, '双汇泡椒风味肠', '2013-02-25 00:00:00', 2, 0),
(125, '鱼泉榨菜', '2013-02-25 00:00:00', 2, 0),
(126, '老干妈风味豆豉', '2013-02-25 00:00:00', 2, 0),
(127, '麻辣海带丝', '2013-02-25 00:00:00', 2, 0),
(128, '康师傅3+2苏打夹心饼干', '2013-02-25 00:00:00', 2, 0),
(129, 'IQ增增增香蕉', '2013-02-25 00:00:00', 9, 0),
(130, '达利园瑞士卷（小包）', '2013-02-25 00:00:00', 1, 0),
(131, '害羞的红苹果', '2013-02-25 00:00:00', 2, 0),
(132, '雀巢咖啡粉', '2013-02-25 00:00:00', 2, 0),
(133, '皇冠梨', '2013-02-25 00:00:00', 2, 0),
(134, '椪柑', '2013-02-25 00:00:00', 5, 0),
(135, '徐福记草莓酥', '2013-02-25 00:00:00', 3, 0),
(136, '木瓜', '2013-02-25 00:00:00', 11, 0),
(137, '话梅', '2013-02-25 00:00:00', 11, 0),
(138, '伊利纯牛奶', '2013-02-25 00:00:00', 2, 0),
(139, '猕猴桃', '2013-02-25 00:00:00', 12, 0),
(140, '乌梅', '2013-02-25 00:00:00', 12, 0),
(141, '香蕉', '2013-02-25 00:00:00', 1, 0),
(142, '红富士苹果', '2013-02-25 00:00:00', 3, 0),
(143, '脐橙', '2013-02-25 00:00:00', 12, 0),
(144, '水果巴士核桃', '2013-02-25 00:00:00', 14, 0),
(145, '圣女果脯', '2013-02-25 00:00:00', 3, 0),
(146, '香蕉（根）', '2013-02-25 00:00:00', 20, 0),
(147, '皇冠梨（个）', '2013-02-25 00:00:00', 9, 0),
(148, '红富士苹果（个）', '2013-02-25 00:00:00', 12, 0),
(149, '脐橙（个）', '2013-02-25 00:00:00', 8, 0),
(150, '椪柑（个）', '2013-02-25 00:00:00', 8, 0),
(151, '猕猴桃（个）', '2013-02-25 00:00:00', 26, 0),
(152, '沙糖桔（斤）', '2013-02-25 00:00:00', 48, 0),
(153, '甘草瓜子', '2013-02-25 00:00:00', 5, 0),
(154, '松子', '2013-02-25 00:00:00', 3, 0),
(155, '旺旺挑逗', '2013-02-25 00:00:00', 1, 0),
(156, '达利园法式软面包（小包）', '2013-02-25 00:00:00', 3, 0),
(157, '统一阿萨姆奶茶', '2013-02-25 00:00:00', 1, 0),
(158, '半边梅', '2013-02-25 00:00:00', 2, 0),
(159, 'MM豆', '2013-02-25 00:00:00', 1, 0),
(160, '旺宝开心果', '2013-02-25 00:00:00', 1, 0),
(161, '太平梳打饼干', '2013-02-25 00:00:00', 1, 0),
(162, '青岛勇闯天涯', '2013-02-25 00:00:00', 9, 0),
(163, '青岛纯生', '2013-02-25 00:00:00', 3, 0),
(164, '趣多多巧克力味曲奇饼干', '2013-02-25 00:00:00', 2, 0),
(165, '口水娃青豆', '2013-02-25 00:00:00', 1, 0),
(166, '雀巢全脂奶粉', '2013-02-25 00:00:00', 1, 0),
(167, '果肉汇', '2013-02-25 00:00:00', 8, 0),
(168, '雪碧', '2013-02-25 00:00:00', 4, 0),
(169, '美汁源果粒橙', '2013-02-25 00:00:00', 3, 0),
(170, '香飘飘奶茶', '2013-02-26 00:00:00', 11, 0),
(171, '果肉汇', '2013-02-26 00:00:00', 19, 0),
(172, '乡吧佬卤蛋', '2013-02-26 00:00:00', 19, 0),
(173, '猫哆哩酸角果派', '2013-02-26 00:00:00', 12, 0),
(174, '得益绿色方便米饭', '2013-02-26 00:00:00', 26, 0),
(175, '双汇玉米热狗', '2013-02-26 00:00:00', 11, 0),
(176, '雀巢脆脆鲨', '2013-02-26 00:00:00', 13, 0),
(177, '百事可乐', '2013-02-26 00:00:00', 13, 0),
(178, '旺仔QQ糖', '2013-02-26 00:00:00', 11, 0),
(179, '米老头雪花煎卷（大包）', '2013-02-26 00:00:00', 11, 0),
(180, '伊利酸酸乳', '2013-02-26 00:00:00', 8, 0),
(181, '有友泡椒凤爪', '2013-02-26 00:00:00', 18, 0),
(182, '百斯顿成都小吃葡萄干', '2013-02-26 00:00:00', 7, 0),
(183, '大白兔奶糖', '2013-02-26 00:00:00', 12, 0),
(184, '蒙牛真果粒', '2013-02-26 00:00:00', 15, 0),
(185, '德芙丝滑牛奶巧克力 ', '2013-02-26 00:00:00', 23, 0),
(186, '奥利奥夹心饼干', '2013-02-26 00:00:00', 11, 0),
(187, '真知棒', '2013-02-26 00:00:00', 13, 0),
(188, '上帝家园紫薯条', '2013-02-26 00:00:00', 20, 0),
(189, '好巴食麻辣豆腐干', '2013-02-26 00:00:00', 11, 0),
(190, '乐事薯片', '2013-02-26 00:00:00', 16, 0),
(191, '旺旺小小酥', '2013-02-26 00:00:00', 10, 0),
(192, '恰恰香瓜子', '2013-02-26 00:00:00', 9, 0),
(193, '口水族香辣黄花鱼', '2013-02-26 00:00:00', 8, 0),
(194, '南方黑芝麻糊', '2013-02-26 00:00:00', 12, 0),
(195, '雀巢咖啡', '2013-02-26 00:00:00', 7, 0),
(196, '西麦燕麦片', '2013-02-26 00:00:00', 10, 0),
(197, '康师傅方便面', '2013-02-26 00:00:00', 13, 0),
(198, '香蕉（根）', '2013-02-26 00:00:00', 32, 0),
(199, '红富士苹果（个）', '2013-02-26 00:00:00', 25, 0),
(200, '康师傅茉莉清茶', '2013-02-26 00:00:00', 10, 0),
(201, '脐橙（个）', '2013-02-26 00:00:00', 16, 0),
(202, '沙糖桔（斤）', '2013-02-26 00:00:00', 35, 0),
(203, '甘草瓜子', '2013-02-26 00:00:00', 11, 0),
(204, '青岛勇闯天涯', '2013-02-26 00:00:00', 8, 0),
(205, '水果巴士核桃', '2013-02-26 00:00:00', 7, 0),
(206, '喜之郎什锦果肉果冻布丁', '2013-02-26 00:00:00', 24, 0),
(207, '阿尔卑斯硬糖', '2013-02-26 00:00:00', 9, 0),
(208, '绿箭口香糖', '2013-02-26 00:00:00', 9, 0),
(209, '猕猴桃（个）', '2013-02-26 00:00:00', 16, 0),
(210, '乌梅', '2013-02-26 00:00:00', 11, 0),
(211, '圣女果脯', '2013-02-26 00:00:00', 15, 0),
(212, '雀巢咖啡粉', '2013-02-26 00:00:00', 9, 0),
(213, '椪柑（个）', '2013-02-26 00:00:00', 15, 0),
(214, '饭扫光', '2013-02-26 00:00:00', 6, 0),
(215, '松子', '2013-02-26 00:00:00', 13, 0),
(216, '有友泡椒猪皮', '2013-02-26 00:00:00', 11, 0),
(217, '趣多多巧克力味曲奇饼干', '2013-02-26 00:00:00', 19, 0),
(218, '皇冠梨（个）', '2013-02-26 00:00:00', 20, 0),
(219, '青岛纯生', '2013-02-26 00:00:00', 14, 0),
(220, '加多宝', '2013-02-26 00:00:00', 7, 0),
(221, '半边梅', '2013-02-26 00:00:00', 8, 0),
(222, '木瓜', '2013-02-26 00:00:00', 13, 0),
(223, '话梅', '2013-02-26 00:00:00', 7, 0),
(224, '口水娃青豆', '2013-02-26 00:00:00', 9, 0),
(225, '旺旺挑逗', '2013-02-26 00:00:00', 9, 0),
(226, '旺宝开心果', '2013-02-26 00:00:00', 8, 0),
(227, '旺宝大杏仁', '2013-02-26 00:00:00', 13, 0),
(228, '百世兴酒鬼花生', '2013-02-26 00:00:00', 8, 0),
(229, '徐福记草莓酥', '2013-02-26 00:00:00', 8, 0),
(230, '徐福记凤梨酥', '2013-02-26 00:00:00', 7, 0),
(231, '太平梳打饼干', '2013-02-26 00:00:00', 6, 0),
(232, '达利园法式软面包（小包）', '2013-02-26 00:00:00', 7, 0),
(233, '达利园派（小包）', '2013-02-26 00:00:00', 8, 0),
(234, '达利园瑞士卷（小包）', '2013-02-26 00:00:00', 8, 0),
(235, '康师傅3+2苏打夹心饼干', '2013-02-26 00:00:00', 8, 0),
(236, '徐福记沙琪玛（小包）', '2013-02-26 00:00:00', 5, 0),
(237, 'MM豆', '2013-02-26 00:00:00', 10, 0),
(238, '怡口莲巧克力风味夹心牛奶糖', '2013-02-26 00:00:00', 7, 0),
(239, '波力海苔 ', '2013-02-26 00:00:00', 7, 0),
(240, '有友泡椒花生', '2013-02-26 00:00:00', 7, 0),
(241, '麻辣海带丝', '2013-02-26 00:00:00', 8, 0),
(242, '旺旺大米饼', '2013-02-26 00:00:00', 4, 0),
(243, '香辣金针菇', '2013-02-26 00:00:00', 8, 0),
(244, '口水族烤鱿鱼丝', '2013-02-26 00:00:00', 6, 0),
(245, '棒棒娃手撕牛肉', '2013-02-26 00:00:00', 6, 0),
(246, '双汇泡椒风味肠', '2013-02-26 00:00:00', 3, 0),
(247, '双汇香辣香脆肠', '2013-02-26 00:00:00', 7, 0),
(248, '老干妈风味豆豉', '2013-02-26 00:00:00', 6, 0),
(249, '鱼泉榨菜', '2013-02-26 00:00:00', 6, 0),
(250, '康师傅干拌面', '2013-02-26 00:00:00', 12, 0),
(251, '伊利纯牛奶', '2013-02-26 00:00:00', 10, 0),
(252, '统一阿萨姆奶茶', '2013-02-26 00:00:00', 6, 0),
(253, '雪碧', '2013-02-26 00:00:00', 8, 0),
(254, '美汁源果粒橙', '2013-02-26 00:00:00', 8, 0),
(255, '银鹭八宝粥罐头', '2013-02-26 00:00:00', 6, 0),
(256, '维他型豆奶粉', '2013-02-26 00:00:00', 7, 0),
(257, '雀巢全脂奶粉', '2013-02-26 00:00:00', 5, 0),
(258, '康师傅方便面（桶装）', '2013-02-26 00:00:00', 6, 0),
(259, '核桃', '2013-02-26 00:00:00', 4, 0),
(260, '沙糖桔（斤）', '2013-02-27 00:00:00', 24, 0),
(261, '香蕉（根）', '2013-02-27 00:00:00', 18, 0),
(262, '康师傅茉莉清茶', '2013-02-27 00:00:00', 5, 0),
(263, '喜之郎什锦果肉果冻布丁', '2013-02-27 00:00:00', 6, 0),
(264, '得益绿色方便米饭', '2013-02-27 00:00:00', 25, 0),
(265, '双汇玉米热狗', '2013-02-27 00:00:00', 17, 0),
(266, '有友泡椒凤爪', '2013-02-27 00:00:00', 11, 0),
(267, '香飘飘奶茶', '2013-02-27 00:00:00', 2, 0),
(268, '雀巢脆脆鲨', '2013-02-27 00:00:00', 5, 0),
(269, '康师傅方便面（桶装）', '2013-02-27 00:00:00', 13, 0),
(270, '乐事薯片', '2013-02-27 00:00:00', 12, 0),
(271, '统一阿萨姆奶茶', '2013-02-27 00:00:00', 2, 0),
(272, '伊利酸酸乳', '2013-02-27 00:00:00', 4, 0),
(273, '真知棒', '2013-02-27 00:00:00', 2, 0),
(274, '怡口莲巧克力风味夹心牛奶糖', '2013-02-27 00:00:00', 2, 0),
(275, '康师傅3+2苏打夹心饼干', '2013-02-27 00:00:00', 2, 0),
(276, '口水族烤鱿鱼丝', '2013-02-27 00:00:00', 2, 0),
(277, '红富士苹果（个）', '2013-02-27 00:00:00', 9, 0),
(278, '太平梳打饼干', '2013-02-27 00:00:00', 2, 0),
(279, '徐福记沙琪玛（小包）', '2013-02-27 00:00:00', 2, 0),
(280, '西麦燕麦片', '2013-02-27 00:00:00', 38, 0),
(281, '德芙丝滑牛奶巧克力 ', '2013-02-27 00:00:00', 4, 0),
(282, '好巴食麻辣豆腐干', '2013-02-27 00:00:00', 1, 0),
(283, '上帝家园紫薯条', '2013-02-27 00:00:00', 2, 0),
(284, '百事可乐', '2013-02-27 00:00:00', 4, 0),
(285, '雀巢咖啡', '2013-02-27 00:00:00', 1, 0),
(286, '蒙牛真果粒', '2013-02-27 00:00:00', 6, 0),
(287, '南方黑芝麻糊', '2013-02-27 00:00:00', 3, 0),
(288, '乡吧佬卤蛋', '2013-02-27 00:00:00', 4, 0),
(289, '脐橙（个）', '2013-02-27 00:00:00', 4, 0),
(290, '青岛纯生', '2013-02-27 00:00:00', 2, 0),
(291, '皇冠梨（个）', '2013-02-27 00:00:00', 3, 0),
(292, '趣多多巧克力味曲奇饼干', '2013-02-27 00:00:00', 2, 0),
(293, '米老头雪花煎卷（大包）', '2013-02-27 00:00:00', 4, 0),
(294, '恰恰香瓜子', '2013-02-27 00:00:00', 7, 0),
(295, '大白兔奶糖', '2013-02-27 00:00:00', 3, 0),
(296, '口水族香辣黄花鱼', '2013-02-27 00:00:00', 3, 0),
(297, '旺旺小小酥', '2013-02-27 00:00:00', 6, 0),
(298, '猫哆哩酸角果派', '2013-02-27 00:00:00', 5, 0),
(299, '旺仔QQ糖', '2013-02-27 00:00:00', 3, 0),
(300, '奥利奥夹心饼干', '2013-02-27 00:00:00', 11, 0),
(301, '圣女果脯', '2013-02-27 00:00:00', 2, 0),
(302, '麻辣海带丝', '2013-02-27 00:00:00', 1, 0),
(303, '旺旺大米饼', '2013-02-27 00:00:00', 4, 0),
(304, '木瓜', '2013-02-27 00:00:00', 8, 0),
(305, '猕猴桃（个）', '2013-02-27 00:00:00', 4, 0),
(306, '椪柑（个）', '2013-02-27 00:00:00', 8, 0),
(307, '果肉汇', '2013-02-27 00:00:00', 1, 0),
(308, '双汇香辣香脆肠', '2013-02-27 00:00:00', 5, 0),
(309, '有友泡椒花生', '2013-02-27 00:00:00', 1, 0),
(310, '维他型豆奶粉', '2013-02-27 00:00:00', 3, 0),
(311, '伊利纯牛奶', '2013-02-27 00:00:00', 2, 0),
(312, '口水娃青豆', '2013-02-27 00:00:00', 2, 0),
(313, '达利园派（小包）', '2013-02-27 00:00:00', 2, 0),
(314, '棒棒娃手撕牛肉', '2013-02-27 00:00:00', 1, 0),
(315, '达利园法式软面包（小包）', '2013-02-27 00:00:00', 2, 0),
(316, '雀巢全脂奶粉', '2013-02-27 00:00:00', 1, 0),
(317, '双汇泡椒风味肠', '2013-02-27 00:00:00', 4, 0),
(318, '松子', '2013-02-27 00:00:00', 1, 0),
(319, '波力海苔 ', '2013-02-27 00:00:00', 1, 0),
(320, '雀巢咖啡粉', '2013-02-27 00:00:00', 2, 0),
(321, '日清泡面', '2013-02-27 00:00:00', 24, 0),
(322, '徐福记凤梨酥', '2013-02-27 00:00:00', 1, 0),
(323, '阿尔卑斯硬糖', '2013-02-27 00:00:00', 3, 0),
(324, '徐福记草莓酥', '2013-02-27 00:00:00', 3, 0),
(325, 'MM豆', '2013-02-27 00:00:00', 2, 0),
(326, '青岛勇闯天涯', '2013-02-27 00:00:00', 2, 0),
(327, '银鹭八宝粥罐头', '2013-02-27 00:00:00', 2, 0),
(328, '乌梅', '2013-02-27 00:00:00', 1, 0),
(329, '雪花勇闯天涯（罐装）', '2013-02-27 00:00:00', 3, 0),
(330, '康师傅干拌面', '2013-02-27 00:00:00', 3, 0),
(331, '雀巢咖啡（瓶装）', '2013-02-27 00:00:00', 2, 0),
(332, '美汁源果粒橙', '2013-02-27 00:00:00', 2, 0),
(333, '饭扫光', '2013-02-27 00:00:00', 1, 0),
(334, '雪碧', '2013-02-27 00:00:00', 1, 0),
(335, '圣女果（斤）', '2013-02-27 00:00:00', 6, 0),
(336, '香辣金针菇', '2013-02-27 00:00:00', 1, 0),
(337, '半边梅', '2013-02-27 00:00:00', 1, 0),
(338, '日清泡面', '2013-02-28 00:00:00', 21, 0),
(339, '红富士苹果（个）', '2013-02-28 00:00:00', 15, 0),
(340, '蒙牛真果粒', '2013-02-28 00:00:00', 8, 0),
(341, '沙糖桔（斤）', '2013-02-28 00:00:00', 6, 0),
(342, '喜之郎什锦果肉果冻布丁', '2013-02-28 00:00:00', 5, 0),
(343, '香蕉（根）', '2013-02-28 00:00:00', 21, 0),
(344, '康师傅方便面（桶装）', '2013-02-28 00:00:00', 10, 0),
(345, '猫哆哩酸角果派', '2013-02-28 00:00:00', 11, 0),
(346, '百事可乐', '2013-02-28 00:00:00', 7, 0),
(347, '香飘飘奶茶', '2013-02-28 00:00:00', 3, 0),
(348, '旺仔QQ糖', '2013-02-28 00:00:00', 3, 0),
(349, '双汇玉米热狗', '2013-02-28 00:00:00', 9, 0),
(350, '上帝家园紫薯条', '2013-02-28 00:00:00', 8, 0),
(351, '得益绿色方便米饭', '2013-02-28 00:00:00', 15, 0),
(352, '乡吧佬卤蛋', '2013-02-28 00:00:00', 7, 0),
(353, '口水族香辣黄花鱼', '2013-02-28 00:00:00', 7, 0),
(354, '大白兔奶糖', '2013-02-28 00:00:00', 5, 0),
(355, '康师傅3+2苏打夹心饼干', '2013-02-28 00:00:00', 10, 0),
(356, '统一阿萨姆奶茶', '2013-02-28 00:00:00', 13, 0),
(357, '德芙丝滑牛奶巧克力 ', '2013-02-28 00:00:00', 3, 0),
(358, '椪柑（个）', '2013-02-28 00:00:00', 12, 0),
(359, '乐事薯片', '2013-02-28 00:00:00', 17, 0),
(360, '旺旺小小酥', '2013-02-28 00:00:00', 8, 0),
(361, '脐橙（个）', '2013-02-28 00:00:00', 8, 0),
(362, '米老头雪花煎卷（大包）', '2013-02-28 00:00:00', 3, 0),
(363, '雀巢脆脆鲨', '2013-02-28 00:00:00', 5, 0),
(364, '奥利奥夹心饼干', '2013-02-28 00:00:00', 3, 0),
(365, '真知棒', '2013-02-28 00:00:00', 1, 0),
(366, '好巴食麻辣豆腐干', '2013-02-28 00:00:00', 2, 0),
(367, '南方黑芝麻糊', '2013-02-28 00:00:00', 4, 0),
(368, '西麦燕麦片', '2013-02-28 00:00:00', 2, 0),
(369, '雀巢咖啡（瓶装）', '2013-02-28 00:00:00', 4, 0),
(370, '康师傅茉莉清茶', '2013-02-28 00:00:00', 5, 0),
(371, '猕猴桃（个）', '2013-02-28 00:00:00', 7, 0),
(372, '雪花勇闯天涯（罐装）', '2013-02-28 00:00:00', 2, 0),
(373, '恰恰香瓜子', '2013-02-28 00:00:00', 2, 0),
(374, '木瓜', '2013-02-28 00:00:00', 10, 0),
(375, '伊利酸酸乳', '2013-02-28 00:00:00', 5, 0),
(376, '双汇香辣香脆肠', '2013-02-28 00:00:00', 3, 0),
(377, '半边梅', '2013-02-28 00:00:00', 2, 0),
(378, '乌梅', '2013-02-28 00:00:00', 4, 0),
(379, '雀巢咖啡粉', '2013-02-28 00:00:00', 3, 0),
(380, '康师傅干拌面', '2013-02-28 00:00:00', 4, 0),
(381, '饭扫光', '2013-02-28 00:00:00', 4, 0),
(382, '老干妈风味豆豉', '2013-02-28 00:00:00', 3, 0),
(383, '有友泡椒猪皮', '2013-02-28 00:00:00', 2, 0),
(384, '徐福记草莓酥', '2013-02-28 00:00:00', 2, 0),
(385, '圣女果（斤）', '2013-02-28 00:00:00', 8, 0),
(386, '趣多多巧克力味曲奇饼干', '2013-02-28 00:00:00', 1, 0),
(387, '旺旺大米饼', '2013-02-28 00:00:00', 1, 0),
(388, '伊利纯牛奶', '2013-02-28 00:00:00', 1, 0),
(389, '太平梳打饼干', '2013-02-28 00:00:00', 3, 0),
(390, '徐福记凤梨酥', '2013-02-28 00:00:00', 1, 0),
(391, '皇冠梨（个）', '2013-02-28 00:00:00', 6, 0),
(392, '果肉汇', '2013-02-28 00:00:00', 1, 0),
(393, '达利园法式软面包（小包）', '2013-02-28 00:00:00', 1, 0),
(394, '达利园派（小包）', '2013-02-28 00:00:00', 1, 0),
(395, '达利园瑞士卷（小包）', '2013-02-28 00:00:00', 2, 0),
(396, '波力海苔 ', '2013-02-28 00:00:00', 2, 0),
(397, '有友泡椒花生', '2013-02-28 00:00:00', 7, 0),
(398, '麻辣海带丝', '2013-02-28 00:00:00', 2, 0),
(399, '有友泡椒凤爪', '2013-02-28 00:00:00', 2, 0),
(400, '双汇泡椒风味肠', '2013-02-28 00:00:00', 2, 0),
(401, '鱼泉榨菜', '2013-02-28 00:00:00', 2, 0),
(402, '香辣金针菇', '2013-02-28 00:00:00', 2, 0),
(403, '怡口莲巧克力风味夹心牛奶糖', '2013-02-28 00:00:00', 3, 0),
(404, '百斯顿成都小吃葡萄干', '2013-02-28 00:00:00', 1, 0),
(405, '徐福记沙琪玛（小包）', '2013-02-28 00:00:00', 1, 0),
(406, 'MM豆', '2013-02-28 00:00:00', 1, 0),
(407, '口水族烤鱿鱼丝', '2013-02-28 00:00:00', 3, 0),
(408, '圣女果脯', '2013-02-28 00:00:00', 2, 0),
(409, '甘草瓜子', '2013-02-28 00:00:00', 1, 0),
(410, '切块菠萝', '2013-02-28 00:00:00', 13, 0),
(411, '银鹭八宝粥罐头', '2013-02-28 00:00:00', 1, 0),
(412, '切块菠萝', '2013-03-01 00:00:00', 37, 0),
(413, '真知棒', '2013-03-01 00:00:00', 2, 0),
(414, '饭扫光', '2013-03-01 00:00:00', 5, 0),
(415, '鱼泉榨菜', '2013-03-01 00:00:00', 1, 0),
(416, '南方黑芝麻糊', '2013-03-01 00:00:00', 2, 0),
(417, '乡吧佬卤蛋', '2013-03-01 00:00:00', 8, 0),
(418, '雀巢脆脆鲨', '2013-03-01 00:00:00', 2, 0),
(419, '达利园法式软面包（小包）', '2013-03-01 00:00:00', 1, 0),
(420, '达利园瑞士卷（小包）', '2013-03-01 00:00:00', 1, 0),
(421, '香飘飘奶茶', '2013-03-01 00:00:00', 2, 0),
(422, '达利园派（小包）', '2013-03-01 00:00:00', 2, 0),
(423, '椪柑（个）', '2013-03-01 00:00:00', 6, 0),
(424, '日清泡面', '2013-03-01 00:00:00', 26, 0),
(425, '统一阿萨姆奶茶', '2013-03-01 00:00:00', 7, 0),
(426, '麻辣海带丝', '2013-03-01 00:00:00', 3, 0),
(427, '香辣金针菇', '2013-03-01 00:00:00', 1, 0),
(428, '猫哆哩酸角果派', '2013-03-01 00:00:00', 8, 0),
(429, '旺仔QQ糖', '2013-03-01 00:00:00', 5, 0),
(430, '美汁源果粒橙', '2013-03-01 00:00:00', 4, 0),
(431, '有友泡椒凤爪', '2013-03-01 00:00:00', 7, 0),
(432, '康师傅方便面（桶装）', '2013-03-01 00:00:00', 11, 0),
(433, '双汇香辣香脆肠', '2013-03-01 00:00:00', 5, 0),
(434, '得益绿色方便米饭', '2013-03-01 00:00:00', 19, 0),
(435, '口水族烤鱿鱼丝', '2013-03-01 00:00:00', 5, 0),
(436, '乐事薯片', '2013-03-01 00:00:00', 13, 0),
(437, '双汇泡椒风味肠', '2013-03-01 00:00:00', 1, 0),
(438, '康师傅干拌面', '2013-03-01 00:00:00', 12, 0),
(439, '圣女果（斤）', '2013-03-01 00:00:00', 9, 0),
(440, '徐福记草莓酥', '2013-03-01 00:00:00', 1, 0),
(441, '喜之郎什锦果肉果冻布丁', '2013-03-01 00:00:00', 2, 0),
(442, '旺旺大米饼', '2013-03-01 00:00:00', 2, 0),
(443, '阿尔卑斯硬糖', '2013-03-01 00:00:00', 2, 0),
(444, '德芙丝滑牛奶巧克力 ', '2013-03-01 00:00:00', 3, 0),
(445, '皇冠梨（个）', '2013-03-01 00:00:00', 4, 0),
(446, '脐橙（个）', '2013-03-01 00:00:00', 5, 0),
(447, '香蕉（根）', '2013-03-01 00:00:00', 10, 0),
(448, '红富士苹果（个）', '2013-03-01 00:00:00', 10, 0),
(449, 'MM豆', '2013-03-01 00:00:00', 2, 0),
(450, '蒙牛真果粒', '2013-03-01 00:00:00', 5, 0),
(451, '雀巢咖啡粉', '2013-03-01 00:00:00', 2, 0),
(452, '旺宝开心果', '2013-03-01 00:00:00', 3, 0),
(453, '有友泡椒猪皮', '2013-03-01 00:00:00', 3, 0),
(454, '棒棒娃手撕牛肉', '2013-03-01 00:00:00', 2, 0),
(455, '乌梅', '2013-03-01 00:00:00', 3, 0),
(456, '话梅', '2013-03-01 00:00:00', 2, 0),
(457, '口水族香辣黄花鱼', '2013-03-01 00:00:00', 4, 0),
(458, '甘草瓜子', '2013-03-01 00:00:00', 1, 0),
(459, '青岛纯生', '2013-03-01 00:00:00', 3, 0),
(460, '徐福记沙琪玛（小包）', '2013-03-01 00:00:00', 3, 0),
(461, '雪花勇闯天涯（罐装）', '2013-03-01 00:00:00', 4, 0),
(462, '旺宝大杏仁', '2013-03-01 00:00:00', 2, 0),
(463, '恰恰香瓜子', '2013-03-01 00:00:00', 2, 0),
(464, '伊利酸酸乳', '2013-03-01 00:00:00', 1, 0),
(465, '旺旺小小酥', '2013-03-01 00:00:00', 5, 0),
(466, '伊利纯牛奶', '2013-03-01 00:00:00', 6, 0),
(467, '猕猴桃（个）', '2013-03-01 00:00:00', 6, 0),
(468, '大白兔奶糖', '2013-03-01 00:00:00', 2, 0),
(469, '徐福记凤梨酥', '2013-03-01 00:00:00', 2, 0),
(470, '双汇玉米热狗', '2013-03-01 00:00:00', 3, 0),
(471, '米老头雪花煎卷（大包）', '2013-03-01 00:00:00', 3, 0),
(472, '半边梅', '2013-03-01 00:00:00', 2, 0),
(473, '有友泡椒花生', '2013-03-01 00:00:00', 6, 0),
(474, '趣多多巧克力味曲奇饼干', '2013-03-01 00:00:00', 2, 0),
(475, '好巴食麻辣豆腐干', '2013-03-01 00:00:00', 4, 0),
(476, '雪莲果', '2013-03-01 00:00:00', 8, 0),
(477, '波力海苔 ', '2013-03-01 00:00:00', 1, 0),
(478, '雪碧', '2013-03-01 00:00:00', 2, 0),
(479, '银鹭八宝粥罐头', '2013-03-01 00:00:00', 2, 0),
(480, '康师傅茉莉清茶', '2013-03-01 00:00:00', 1, 0),
(481, '上帝家园紫薯条', '2013-03-01 00:00:00', 1, 0),
(482, '百世兴酒鬼花生', '2013-03-01 00:00:00', 1, 0),
(483, '沙糖桔（斤）', '2013-03-01 00:00:00', 1, 0),
(484, '康师傅3+2苏打夹心饼干', '2013-03-01 00:00:00', 3, 0),
(485, '老干妈风味豆豉', '2013-03-01 00:00:00', 1, 0),
(486, '木瓜', '2013-03-02 00:00:00', 5, 0),
(487, '香蕉（根）', '2013-03-02 00:00:00', 13, 0),
(488, '红富士苹果（个）', '2013-03-02 00:00:00', 14, 0),
(489, '圣女果（斤）', '2013-03-02 00:00:00', 11, 0),
(490, '椪柑（个）', '2013-03-02 00:00:00', 7, 0),
(491, '果肉汇', '2013-03-02 00:00:00', 1, 0),
(492, '康师傅干拌面', '2013-03-02 00:00:00', 6, 0),
(493, '乡吧佬卤蛋', '2013-03-02 00:00:00', 6, 0),
(494, '切块菠萝', '2013-03-02 00:00:00', 6, 0),
(495, '脐橙（个）', '2013-03-02 00:00:00', 7, 0),
(496, '得益绿色方便米饭', '2013-03-02 00:00:00', 9, 0),
(497, '康师傅方便面（桶装）', '2013-03-02 00:00:00', 6, 0),
(498, '旺旺小小酥', '2013-03-02 00:00:00', 4, 0),
(499, '雀巢咖啡粉', '2013-03-02 00:00:00', 2, 0),
(500, '口水族香辣黄花鱼', '2013-03-02 00:00:00', 3, 0),
(501, '猫哆哩酸角果派', '2013-03-02 00:00:00', 4, 0),
(502, '雪莲果', '2013-03-02 00:00:00', 6, 0),
(503, '德芙丝滑牛奶巧克力 ', '2013-03-02 00:00:00', 2, 0),
(504, '米老头雪花煎卷（大包）', '2013-03-02 00:00:00', 7, 0),
(505, '奥利奥夹心饼干', '2013-03-02 00:00:00', 3, 0),
(506, '香飘飘奶茶', '2013-03-02 00:00:00', 3, 0),
(507, '旺仔QQ糖', '2013-03-02 00:00:00', 3, 0),
(508, '大白兔奶糖', '2013-03-02 00:00:00', 3, 0),
(509, '达利园瑞士卷（小包）', '2013-03-02 00:00:00', 3, 0),
(510, '达利园法式软面包（小包）', '2013-03-02 00:00:00', 2, 0),
(511, '上帝家园紫薯条', '2013-03-02 00:00:00', 2, 0),
(512, '百事可乐', '2013-03-02 00:00:00', 3, 0),
(513, '有友泡椒凤爪', '2013-03-02 00:00:00', 2, 0),
(514, '乐事薯片', '2013-03-02 00:00:00', 2, 0),
(515, '好巴食麻辣豆腐干', '2013-03-02 00:00:00', 3, 0),
(516, '双汇玉米热狗', '2013-03-02 00:00:00', 2, 0),
(517, '饭扫光', '2013-03-02 00:00:00', 1, 0),
(518, '雀巢全脂奶粉', '2013-03-02 00:00:00', 2, 0),
(519, '银鹭八宝粥罐头', '2013-03-02 00:00:00', 2, 0),
(520, '日清泡面', '2013-03-02 00:00:00', 11, 0),
(521, '猕猴桃（个）', '2013-03-02 00:00:00', 11, 0),
(522, '皇冠梨（个）', '2013-03-02 00:00:00', 6, 0),
(523, '蒙牛真果粒', '2013-03-02 00:00:00', 29, 0),
(524, '西麦燕麦片', '2013-03-02 00:00:00', 3, 0),
(525, '有友泡椒猪皮', '2013-03-02 00:00:00', 3, 0),
(526, '百世兴酒鬼花生', '2013-03-02 00:00:00', 2, 0),
(527, '伊利纯牛奶', '2013-03-02 00:00:00', 2, 0),
(528, '康师傅3+2苏打夹心饼干', '2013-03-02 00:00:00', 3, 0),
(529, '核桃', '2013-03-02 00:00:00', 2, 0),
(530, '有友泡椒花生', '2013-03-02 00:00:00', 2, 0),
(531, '双汇香辣香脆肠', '2013-03-02 00:00:00', 5, 0),
(532, '旺旺大米饼', '2013-03-02 00:00:00', 3, 0),
(533, '徐福记凤梨酥', '2013-03-02 00:00:00', 2, 0),
(534, '雪碧', '2013-03-02 00:00:00', 2, 0),
(535, '统一阿萨姆奶茶', '2013-03-02 00:00:00', 5, 0),
(536, '维他型豆奶粉', '2013-03-02 00:00:00', 2, 0),
(537, '旺宝大杏仁', '2013-03-02 00:00:00', 2, 0),
(538, '康师傅茉莉清茶', '2013-03-02 00:00:00', 2, 0),
(539, '美汁源果粒橙', '2013-03-02 00:00:00', 9, 0),
(540, '趣多多巧克力味曲奇饼干', '2013-03-02 00:00:00', 3, 0),
(541, '南方黑芝麻糊', '2013-03-02 00:00:00', 2, 0),
(542, '伊利酸酸乳', '2013-03-02 00:00:00', 3, 0),
(543, '麻辣海带丝', '2013-03-02 00:00:00', 2, 0),
(544, '棒棒娃手撕牛肉', '2013-03-02 00:00:00', 3, 0),
(545, '阿尔卑斯硬糖', '2013-03-02 00:00:00', 1, 0),
(546, '盐水菠萝（块）', '2013-03-02 00:00:00', 6, 0),
(547, '圣女果脯', '2013-03-02 00:00:00', 2, 0),
(548, '柚子', '2013-03-02 00:00:00', 8, 0),
(549, '雀巢脆脆鲨', '2013-03-02 00:00:00', 2, 0),
(550, '乌梅', '2013-03-02 00:00:00', 1, 0),
(551, '半边梅', '2013-03-02 00:00:00', 4, 0),
(552, '话梅', '2013-03-02 00:00:00', 4, 0),
(553, '百斯顿成都小吃葡萄干', '2013-03-02 00:00:00', 1, 0),
(554, '甘草瓜子', '2013-03-02 00:00:00', 1, 0),
(555, '松子', '2013-03-02 00:00:00', 1, 0),
(556, '口水娃青豆', '2013-03-02 00:00:00', 1, 0),
(557, '旺宝开心果', '2013-03-02 00:00:00', 1, 0),
(558, '恰恰香瓜子', '2013-03-02 00:00:00', 1, 0),
(559, '太平梳打饼干', '2013-03-02 00:00:00', 1, 0),
(560, '波力海苔 ', '2013-03-02 00:00:00', 1, 0),
(561, '香辣金针菇', '2013-03-02 00:00:00', 1, 0),
(562, '口水族烤鱿鱼丝', '2013-03-02 00:00:00', 1, 0),
(563, '双汇泡椒风味肠', '2013-03-02 00:00:00', 1, 0),
(564, '鱼泉榨菜', '2013-03-02 00:00:00', 1, 0),
(565, '雪花勇闯天涯（罐装）', '2013-03-02 00:00:00', 1, 0),
(566, '青岛纯生', '2013-03-02 00:00:00', 4, 0),
(567, '雀巢咖啡（瓶装）', '2013-03-02 00:00:00', 1, 0),
(568, '加多宝', '2013-03-02 00:00:00', 1, 0),
(569, '枣想你阿胶枣', '2013-03-02 00:00:00', 6, 0),
(570, '达利园派（小包）', '2013-03-02 00:00:00', 1, 0),
(571, '徐福记沙琪玛（小包）', '2013-03-02 00:00:00', 1, 0),
(572, '徐福记凤梨酥', '2013-03-03 00:00:00', 2, 0),
(573, '奥利奥夹心饼干', '2013-03-03 00:00:00', 2, 0),
(574, '话梅', '2013-03-03 00:00:00', 5, 0),
(575, '圣女果（斤）', '2013-03-03 00:00:00', 4, 0),
(576, '盐水菠萝（块）', '2013-03-03 00:00:00', 14, 0),
(577, '有友泡椒凤爪', '2013-03-03 00:00:00', 3, 0),
(578, '香蕉（根）', '2013-03-03 00:00:00', 7, 0),
(579, '喜之郎什锦果肉果冻布丁', '2013-03-03 00:00:00', 2, 0),
(580, '康师傅茉莉清茶', '2013-03-03 00:00:00', 4, 0),
(581, '红富士苹果（个）', '2013-03-03 00:00:00', 19, 0),
(582, '雪碧', '2013-03-03 00:00:00', 4, 0),
(583, '统一阿萨姆奶茶', '2013-03-03 00:00:00', 2, 0),
(584, '趣多多巧克力味曲奇饼干', '2013-03-03 00:00:00', 1, 0),
(585, '有友泡椒花生', '2013-03-03 00:00:00', 2, 0),
(586, '恰恰香瓜子', '2013-03-03 00:00:00', 3, 0),
(587, '圣女果脯', '2013-03-03 00:00:00', 2, 0),
(588, '康师傅3+2苏打夹心饼干', '2013-03-03 00:00:00', 3, 0),
(589, '脐橙（个）', '2013-03-03 00:00:00', 11, 0),
(590, '美汁源果粒橙', '2013-03-03 00:00:00', 2, 0),
(591, '加多宝', '2013-03-03 00:00:00', 3, 0),
(592, '西麦燕麦片', '2013-03-03 00:00:00', 2, 0),
(593, '乌梅', '2013-03-03 00:00:00', 6, 0),
(594, '日清泡面', '2013-03-03 00:00:00', 16, 0),
(595, '蒙牛真果粒', '2013-03-03 00:00:00', 3, 0),
(596, '口水族香辣黄花鱼', '2013-03-03 00:00:00', 2, 0),
(597, '米老头雪花煎卷（大包）', '2013-03-03 00:00:00', 1, 0),
(598, '旺旺小小酥', '2013-03-03 00:00:00', 6, 0),
(599, '雀巢脆脆鲨', '2013-03-03 00:00:00', 7, 0),
(600, '乐事薯片', '2013-03-03 00:00:00', 7, 0),
(601, '康师傅干拌面', '2013-03-03 00:00:00', 6, 0),
(602, '得益绿色方便米饭', '2013-03-03 00:00:00', 5, 0),
(603, '好巴食麻辣豆腐干', '2013-03-03 00:00:00', 5, 0),
(604, '康师傅方便面（桶装）', '2013-03-03 00:00:00', 7, 0),
(605, '饭扫光', '2013-03-03 00:00:00', 1, 0),
(606, '香飘飘奶茶', '2013-03-03 00:00:00', 1, 0),
(607, '双汇玉米热狗', '2013-03-03 00:00:00', 3, 0),
(608, '上帝家园紫薯条', '2013-03-03 00:00:00', 1, 0),
(609, '怡口莲巧克力风味夹心牛奶糖', '2013-03-03 00:00:00', 1, 0),
(610, '百事可乐', '2013-03-03 00:00:00', 1, 0),
(611, '旺仔QQ糖', '2013-03-03 00:00:00', 2, 0),
(612, '雀巢咖啡（瓶装）', '2013-03-03 00:00:00', 2, 0),
(613, '猫哆哩酸角果派', '2013-03-03 00:00:00', 3, 0),
(614, '真知棒', '2013-03-03 00:00:00', 2, 0),
(615, '大白兔奶糖', '2013-03-03 00:00:00', 2, 0),
(616, '德芙丝滑牛奶巧克力 ', '2013-03-03 00:00:00', 2, 0),
(617, '枣想你阿胶枣', '2013-03-03 00:00:00', 2, 0),
(618, '皇冠梨（个）', '2013-03-03 00:00:00', 6, 0),
(619, '椪柑（个）', '2013-03-03 00:00:00', 15, 0),
(620, '猕猴桃（个）', '2013-03-03 00:00:00', 1, 0),
(621, '青岛纯生', '2013-03-03 00:00:00', 6, 0),
(622, '南方黑芝麻糊', '2013-03-03 00:00:00', 4, 0),
(623, '柚子', '2013-03-03 00:00:00', 1, 0),
(624, '雪花勇闯天涯（罐装）', '2013-03-03 00:00:00', 1, 0),
(625, '徐福记沙琪玛（小包）', '2013-03-03 00:00:00', 1, 0),
(626, '乡吧佬卤蛋', '2013-03-03 00:00:00', 6, 0),
(627, '旺旺大米饼', '2013-03-03 00:00:00', 2, 0),
(628, '伊利纯牛奶', '2013-03-03 00:00:00', 3, 0),
(629, '达利园法式软面包（小包）', '2013-03-03 00:00:00', 6, 0),
(630, '雪莲果', '2013-03-03 00:00:00', 3, 0),
(631, '百世兴酒鬼花生', '2013-03-03 00:00:00', 2, 0),
(632, '旺旺挑逗', '2013-03-03 00:00:00', 4, 0),
(633, '银鹭八宝粥罐头', '2013-03-03 00:00:00', 1, 0),
(634, '鱼泉榨菜', '2013-03-03 00:00:00', 2, 0),
(635, '双汇香辣香脆肠', '2013-03-03 00:00:00', 2, 0),
(636, '柚子（个）', '2013-03-03 00:00:00', 3, 0),
(637, '卡夫果珍', '2013-03-03 00:00:00', 5, 0),
(638, '棒棒娃牛肉粒', '2013-03-03 00:00:00', 1, 0),
(639, '达利园派（小包）', '2013-03-03 00:00:00', 2, 0),
(640, '绿箭口香糖', '2013-03-03 00:00:00', 1, 0),
(641, '达利园瑞士卷（小包）', '2013-03-03 00:00:00', 1, 0),
(642, '雀巢咖啡粉', '2013-03-03 00:00:00', 1, 0),
(643, '恰恰香瓜子', '2013-03-04 00:00:00', 3, 0),
(644, '大白兔奶糖', '2013-03-04 00:00:00', 1, 0),
(645, '盐水菠萝（块）', '2013-03-04 00:00:00', 18, 0),
(646, '脐橙（个）', '2013-03-04 00:00:00', 22, 0),
(647, '红富士苹果（个）', '2013-03-04 00:00:00', 21, 0),
(648, '椪柑（个）', '2013-03-04 00:00:00', 11, 0),
(649, '皇冠梨（个）', '2013-03-04 00:00:00', 15, 0),
(650, '雀巢脆脆鲨', '2013-03-04 00:00:00', 11, 0),
(651, '得益绿色方便米饭', '2013-03-04 00:00:00', 15, 0),
(652, '双汇香辣香脆肠', '2013-03-04 00:00:00', 5, 0),
(653, '喜之郎什锦果肉果冻布丁', '2013-03-04 00:00:00', 5, 0),
(654, '南方黑芝麻糊', '2013-03-04 00:00:00', 2, 0),
(655, '旺仔QQ糖', '2013-03-04 00:00:00', 2, 0),
(656, '米老头雪花煎卷（大包）', '2013-03-04 00:00:00', 3, 0),
(657, '香飘飘奶茶', '2013-03-04 00:00:00', 7, 0),
(658, '达利园瑞士卷（小包）', '2013-03-04 00:00:00', 1, 0),
(659, '趣多多巧克力味曲奇饼干', '2013-03-04 00:00:00', 8, 0),
(660, '阿尔卑斯硬糖', '2013-03-04 00:00:00', 3, 0),
(661, '徐福记凤梨酥', '2013-03-04 00:00:00', 5, 0),
(662, '达利园法式软面包（小包）', '2013-03-04 00:00:00', 2, 0),
(663, '枣想你阿胶枣', '2013-03-04 00:00:00', 3, 0),
(664, '百事可乐', '2013-03-04 00:00:00', 7, 0),
(665, '有友泡椒凤爪', '2013-03-04 00:00:00', 16, 0),
(666, '口水族香辣黄花鱼', '2013-03-04 00:00:00', 9, 0),
(667, '旺旺小小酥', '2013-03-04 00:00:00', 2, 0),
(668, '有友泡椒花生', '2013-03-04 00:00:00', 3, 0),
(669, '好巴食麻辣豆腐干', '2013-03-04 00:00:00', 4, 0),
(670, '口水娃青豆', '2013-03-04 00:00:00', 1, 0),
(671, '康师傅方便面（桶装）', '2013-03-04 00:00:00', 11, 0),
(672, '康师傅干拌面', '2013-03-04 00:00:00', 13, 0),
(673, '伊利纯牛奶', '2013-03-04 00:00:00', 13, 0),
(674, '康师傅3+2苏打夹心饼干', '2013-03-04 00:00:00', 7, 0),
(675, '日清泡面', '2013-03-04 00:00:00', 24, 0),
(676, '猫哆哩酸角果派', '2013-03-04 00:00:00', 8, 0),
(677, '圣女果（斤）', '2013-03-04 00:00:00', 11, 0),
(678, '雪莲果', '2013-03-04 00:00:00', 5, 0),
(679, '统一阿萨姆奶茶', '2013-03-04 00:00:00', 6, 0),
(680, '雀巢咖啡（瓶装）', '2013-03-04 00:00:00', 3, 0),
(681, '雪花勇闯天涯（罐装）', '2013-03-04 00:00:00', 3, 0),
(682, '康师傅茉莉清茶', '2013-03-04 00:00:00', 1, 0),
(683, '青岛纯生', '2013-03-04 00:00:00', 8, 0),
(684, '真知棒', '2013-03-04 00:00:00', 1, 0),
(685, '雀巢全脂奶粉', '2013-03-04 00:00:00', 9, 0),
(686, '香蕉（根）', '2013-03-04 00:00:00', 20, 0),
(687, '伊利酸酸乳', '2013-03-04 00:00:00', 5, 0),
(688, '徐福记沙琪玛（小包）', '2013-03-04 00:00:00', 2, 0),
(689, '乐事薯片', '2013-03-04 00:00:00', 15, 0),
(690, '柚子（个）', '2013-03-04 00:00:00', 13, 0),
(691, '上帝家园紫薯条', '2013-03-04 00:00:00', 2, 0),
(692, '乡吧佬卤蛋', '2013-03-04 00:00:00', 16, 0),
(693, '卡夫果珍', '2013-03-04 00:00:00', 3, 0),
(694, '奥利奥夹心饼干', '2013-03-04 00:00:00', 3, 0),
(695, '麻辣海带丝', '2013-03-04 00:00:00', 2, 0),
(696, '口水族烤鱿鱼丝', '2013-03-04 00:00:00', 6, 0),
(697, '木瓜', '2013-03-04 00:00:00', 7, 0),
(698, '猕猴桃（个）', '2013-03-04 00:00:00', 5, 0),
(699, '饭扫光', '2013-03-04 00:00:00', 5, 0),
(700, '太平梳打饼干', '2013-03-04 00:00:00', 4, 0),
(701, '香辣金针菇', '2013-03-04 00:00:00', 2, 0),
(702, '有友泡椒猪皮', '2013-03-04 00:00:00', 1, 0),
(703, '核桃', '2013-03-04 00:00:00', 4, 0),
(704, '棒棒娃手撕牛肉', '2013-03-04 00:00:00', 4, 0),
(705, '加多宝', '2013-03-04 00:00:00', 1, 0),
(706, '波力海苔 ', '2013-03-04 00:00:00', 2, 0),
(707, '松子', '2013-03-04 00:00:00', 1, 0),
(708, '鱼泉榨菜', '2013-03-04 00:00:00', 2, 0),
(709, '德芙丝滑牛奶巧克力 ', '2013-03-04 00:00:00', 1, 0),
(710, '雪碧', '2013-03-04 00:00:00', 2, 0),
(711, '美汁源果粒橙', '2013-03-04 00:00:00', 1, 0),
(712, '圣女果脯', '2013-03-04 00:00:00', 1, 0),
(713, '半边梅', '2013-03-04 00:00:00', 1, 0),
(714, '蒙牛真果粒', '2013-03-04 00:00:00', 3, 0),
(715, '西麦燕麦片', '2013-03-04 00:00:00', 1, 0),
(716, '话梅', '2013-03-04 00:00:00', 1, 0),
(717, '达利园派（小包）', '2013-03-04 00:00:00', 2, 0),
(718, '沙糖桔（斤）', '2013-03-04 00:00:00', 2, 0),
(719, '旺旺挑逗', '2013-03-04 00:00:00', 1, 0),
(720, '乌梅', '2013-03-04 00:00:00', 1, 0),
(721, '双汇玉米热狗', '2013-03-04 00:00:00', 3, 0),
(722, '旺旺大米饼', '2013-03-04 00:00:00', 2, 0),
(723, '旺宝大杏仁', '2013-03-04 00:00:00', 1, 0),
(724, '银鹭八宝粥罐头', '2013-03-04 00:00:00', 1, 0),
(725, '老干妈风味豆豉', '2013-03-04 00:00:00', 1, 0),
(726, '旺宝开心果', '2013-03-04 00:00:00', 1, 0),
(727, '徐福记凤梨酥', '2013-03-05 00:00:00', 5, 0),
(728, '恰恰香瓜子', '2013-03-05 00:00:00', 5, 0),
(729, '喜之郎什锦果肉果冻布丁', '2013-03-05 00:00:00', 8, 0),
(730, '趣多多巧克力味曲奇饼干', '2013-03-05 00:00:00', 6, 0),
(731, '雪花勇闯天涯（罐装）', '2013-03-05 00:00:00', 6, 0),
(732, '有友泡椒凤爪', '2013-03-05 00:00:00', 4, 0),
(733, '米老头雪花煎卷（大包）', '2013-03-05 00:00:00', 3, 0),
(734, '香飘飘奶茶', '2013-03-05 00:00:00', 7, 0),
(735, '达利园瑞士卷（小包）', '2013-03-05 00:00:00', 4, 0),
(736, '阿尔卑斯硬糖', '2013-03-05 00:00:00', 6, 0),
(737, '雀巢脆脆鲨', '2013-03-05 00:00:00', 5, 0),
(738, '达利园法式软面包（小包）', '2013-03-05 00:00:00', 5, 0),
(739, '口水族香辣黄花鱼', '2013-03-05 00:00:00', 2, 0),
(740, '旺旺小小酥', '2013-03-05 00:00:00', 3, 0),
(741, '有友泡椒花生', '2013-03-05 00:00:00', 5, 0),
(742, '好巴食麻辣豆腐干', '2013-03-05 00:00:00', 4, 0),
(743, '枣想你阿胶枣', '2013-03-05 00:00:00', 4, 0),
(744, '青岛纯生', '2013-03-05 00:00:00', 9, 0),
(745, '口水娃青豆', '2013-03-05 00:00:00', 4, 0),
(746, '康师傅方便面（桶装）', '2013-03-05 00:00:00', 15, 0),
(747, '康师傅干拌面', '2013-03-05 00:00:00', 5, 0),
(748, '伊利纯牛奶', '2013-03-05 00:00:00', 11, 0),
(749, '康师傅3+2苏打夹心饼干', '2013-03-05 00:00:00', 5, 0),
(750, '得益绿色方便米饭', '2013-03-05 00:00:00', 8, 0),
(751, '日清泡面', '2013-03-05 00:00:00', 13, 0),
(752, '红富士苹果（个）', '2013-03-05 00:00:00', 21, 0),
(753, '猫哆哩酸角果派', '2013-03-05 00:00:00', 6, 0),
(754, '盐水菠萝（块）', '2013-03-05 00:00:00', 19, 0),
(755, '皇冠梨（个）', '2013-03-05 00:00:00', 11, 0),
(756, '脐橙（个）', '2013-03-05 00:00:00', 21, 0),
(757, '木瓜', '2013-03-05 00:00:00', 9, 0),
(758, '乌梅', '2013-03-05 00:00:00', 2, 0),
(759, '圣女果（斤）', '2013-03-05 00:00:00', 16, 0),
(760, '雀巢全脂奶粉', '2013-03-05 00:00:00', 3, 0),
(761, '核桃', '2013-03-05 00:00:00', 4, 0),
(762, '雪莲果', '2013-03-05 00:00:00', 9, 0),
(763, '统一阿萨姆奶茶', '2013-03-05 00:00:00', 1, 0),
(764, '柚子（个）', '2013-03-05 00:00:00', 11, 0),
(765, '香蕉（根）', '2013-03-05 00:00:00', 27, 0),
(766, '猕猴桃（个）', '2013-03-05 00:00:00', 14, 0),
(767, '卡夫果珍', '2013-03-05 00:00:00', 3, 0),
(768, '棒棒娃牛肉粒', '2013-03-05 00:00:00', 15, 0),
(769, '南方黑芝麻糊', '2013-03-05 00:00:00', 3, 0),
(770, '圣女果脯', '2013-03-05 00:00:00', 1, 0),
(771, '旺宝开心果', '2013-03-05 00:00:00', 3, 0),
(772, '徐福记草莓酥', '2013-03-05 00:00:00', 1, 0),
(773, '蒙牛真果粒', '2013-03-05 00:00:00', 3, 0),
(774, '棒棒娃手撕牛肉', '2013-03-05 00:00:00', 2, 0),
(775, '康师傅茉莉清茶', '2013-03-05 00:00:00', 2, 0),
(776, '银鹭八宝粥罐头', '2013-03-05 00:00:00', 1, 0),
(777, '百事可乐', '2013-03-05 00:00:00', 1, 0),
(778, '雀巢咖啡（瓶装）', '2013-03-05 00:00:00', 2, 0),
(779, '雪碧', '2013-03-05 00:00:00', 3, 0),
(780, '大白兔奶糖', '2013-03-05 00:00:00', 7, 0),
(781, '加多宝', '2013-03-05 00:00:00', 3, 0),
(782, '美汁源果粒橙', '2013-03-05 00:00:00', 2, 0),
(783, '有友泡椒猪皮', '2013-03-05 00:00:00', 4, 0),
(784, '话梅', '2013-03-05 00:00:00', 2, 0),
(785, '乐事薯片', '2013-03-05 00:00:00', 6, 0),
(786, '伊利酸酸乳', '2013-03-05 00:00:00', 2, 0),
(787, '甘草瓜子', '2013-03-05 00:00:00', 1, 0),
(788, '半边梅', '2013-03-05 00:00:00', 4, 0),
(789, '旺旺大米饼', '2013-03-05 00:00:00', 9, 0),
(790, '椪柑（个）', '2013-03-05 00:00:00', 2, 0),
(791, '什锦大果篮', '2013-03-05 00:00:00', 9, 0),
(792, '雀巢咖啡粉', '2013-03-05 00:00:00', 4, 0),
(793, '老干妈风味豆豉', '2013-03-05 00:00:00', 1, 0),
(794, '奥利奥夹心饼干', '2013-03-05 00:00:00', 3, 0),
(795, '松子', '2013-03-05 00:00:00', 2, 0),
(796, '旺宝大杏仁', '2013-03-05 00:00:00', 2, 0),
(797, '麻辣海带丝', '2013-03-05 00:00:00', 2, 0),
(798, '达利园派（小包）', '2013-03-05 00:00:00', 1, 0),
(799, '鱼泉榨菜', '2013-03-05 00:00:00', 2, 0),
(800, '盐水菠萝（碗）', '2013-03-05 00:00:00', 6, 0),
(801, '双汇泡椒风味肠', '2013-03-05 00:00:00', 3, 0),
(802, '乡吧佬卤蛋', '2013-03-05 00:00:00', 2, 0),
(803, 'MM豆', '2013-03-05 00:00:00', 1, 0),
(804, '怡口莲巧克力风味夹心牛奶糖', '2013-03-05 00:00:00', 26, 0),
(805, '波力海苔 ', '2013-03-05 00:00:00', 12, 0),
(806, '双汇玉米热狗', '2013-03-05 00:00:00', 3, 0),
(807, '饭扫光', '2013-03-05 00:00:00', 1, 0),
(808, '沙糖桔（斤）', '2013-03-05 00:00:00', 1, 0),
(809, '真知棒', '2013-03-05 00:00:00', 1, 0),
(810, '徐福记凤梨酥', '2013-03-06 00:00:00', 8, 0),
(811, '雀巢全脂奶粉', '2013-03-06 00:00:00', 2, 0),
(812, 'MM豆', '2013-03-06 00:00:00', 2, 0),
(813, '统一阿萨姆奶茶', '2013-03-06 00:00:00', 4, 0),
(814, '脐橙（个）', '2013-03-06 00:00:00', 14, 0),
(815, '得益绿色方便米饭', '2013-03-06 00:00:00', 16, 0),
(816, '康师傅方便面（桶装）', '2013-03-06 00:00:00', 24, 0),
(817, '双汇香辣香脆肠', '2013-03-06 00:00:00', 6, 0),
(818, '雪花勇闯天涯（罐装）', '2013-03-06 00:00:00', 5, 0),
(819, '棒棒娃手撕牛肉', '2013-03-06 00:00:00', 3, 0),
(820, '有友泡椒凤爪', '2013-03-06 00:00:00', 14, 0),
(821, '波力海苔 ', '2013-03-06 00:00:00', 5, 0),
(822, '旺旺挑逗', '2013-03-06 00:00:00', 2, 0),
(823, '米老头雪花煎卷（大包）', '2013-03-06 00:00:00', 2, 0),
(824, '康师傅干拌面', '2013-03-06 00:00:00', 15, 0),
(825, '香飘飘奶茶', '2013-03-06 00:00:00', 4, 0),
(826, '达利园瑞士卷（小包）', '2013-03-06 00:00:00', 7, 0),
(827, '趣多多巧克力味曲奇饼干', '2013-03-06 00:00:00', 6, 0),
(828, '阿尔卑斯硬糖', '2013-03-06 00:00:00', 2, 0),
(829, '雀巢脆脆鲨', '2013-03-06 00:00:00', 9, 0),
(830, '达利园法式软面包（小包）', '2013-03-06 00:00:00', 5, 0),
(831, '恰恰香瓜子', '2013-03-06 00:00:00', 5, 0),
(832, '口水族香辣黄花鱼', '2013-03-06 00:00:00', 6, 0),
(833, '旺旺小小酥', '2013-03-06 00:00:00', 2, 0),
(834, '有友泡椒花生', '2013-03-06 00:00:00', 5, 0),
(835, '好巴食麻辣豆腐干', '2013-03-06 00:00:00', 3, 0),
(836, '枣想你阿胶枣', '2013-03-06 00:00:00', 11, 0),
(837, '乐事薯片', '2013-03-06 00:00:00', 8, 0),
(838, '青岛纯生', '2013-03-06 00:00:00', 12, 0),
(839, '口水娃青豆', '2013-03-06 00:00:00', 7, 0),
(840, '伊利纯牛奶', '2013-03-06 00:00:00', 12, 0),
(841, '康师傅3+2苏打夹心饼干', '2013-03-06 00:00:00', 7, 0),
(842, '日清泡面', '2013-03-06 00:00:00', 9, 0),
(843, '红富士苹果（个）', '2013-03-06 00:00:00', 21, 0),
(844, '猫哆哩酸角果派', '2013-03-06 00:00:00', 5, 0),
(845, '盐水菠萝（碗）', '2013-03-06 00:00:00', 22, 0),
(846, '喜之郎什锦果肉果冻布丁', '2013-03-06 00:00:00', 12, 0),
(847, '皇冠梨（个）', '2013-03-06 00:00:00', 14, 0),
(848, '圣女果（斤）', '2013-03-06 00:00:00', 17, 0),
(849, '柚子（个）', '2013-03-06 00:00:00', 13, 0),
(850, '加多宝', '2013-03-06 00:00:00', 5, 0),
(851, '半边梅', '2013-03-06 00:00:00', 2, 0),
(852, '有友泡椒猪皮', '2013-03-06 00:00:00', 4, 0),
(853, '猕猴桃（个）', '2013-03-06 00:00:00', 9, 0),
(854, '太平梳打饼干', '2013-03-06 00:00:00', 5, 0),
(855, '徐福记沙琪玛（小包）', '2013-03-06 00:00:00', 3, 0),
(856, '旺宝大杏仁', '2013-03-06 00:00:00', 2, 0),
(857, '口水族烤鱿鱼丝', '2013-03-06 00:00:00', 2, 0),
(858, '百世兴酒鬼花生', '2013-03-06 00:00:00', 3, 0),
(859, '饭扫光', '2013-03-06 00:00:00', 5, 0),
(860, '香辣金针菇', '2013-03-06 00:00:00', 5, 0),
(861, '甘草瓜子', '2013-03-06 00:00:00', 4, 0),
(862, '维他型豆奶粉', '2013-03-06 00:00:00', 2, 0),
(863, '乌梅', '2013-03-06 00:00:00', 2, 0),
(864, '南方黑芝麻糊', '2013-03-06 00:00:00', 5, 0),
(865, '沙糖桔（斤）', '2013-03-06 00:00:00', 3, 0),
(866, '西麦燕麦片', '2013-03-06 00:00:00', 1, 0),
(867, '什锦大果篮', '2013-03-06 00:00:00', 15, 0),
(868, '乡吧佬卤蛋', '2013-03-06 00:00:00', 10, 0),
(869, '银鹭八宝粥罐头', '2013-03-06 00:00:00', 3, 0),
(870, '双汇泡椒风味肠', '2013-03-06 00:00:00', 4, 0),
(871, '木瓜', '2013-03-06 00:00:00', 8, 0),
(872, '香蕉（根）', '2013-03-06 00:00:00', 20, 0),
(873, '雪莲果', '2013-03-06 00:00:00', 14, 0),
(874, '椪柑（个）', '2013-03-06 00:00:00', 1, 0),
(875, '旺旺大米饼', '2013-03-06 00:00:00', 5, 0),
(876, '果肉汇', '2013-03-06 00:00:00', 1, 0),
(877, '达利园派（小包）', '2013-03-06 00:00:00', 1, 0),
(878, '伊利酸酸乳', '2013-03-06 00:00:00', 1, 0),
(879, '核桃', '2013-03-06 00:00:00', 1, 0),
(880, '旺宝开心果', '2013-03-06 00:00:00', 2, 0),
(881, '麻辣海带丝', '2013-03-06 00:00:00', 1, 0),
(882, '鱼泉榨菜', '2013-03-06 00:00:00', 1, 0),
(883, '老干妈风味豆豉', '2013-03-06 00:00:00', 2, 0),
(884, '百斯顿成都小吃葡萄干', '2013-03-06 00:00:00', 2, 0),
(885, '雀巢咖啡粉', '2013-03-06 00:00:00', 2, 0),
(886, '美汁源果粒橙', '2013-03-06 00:00:00', 5, 0),
(887, '雪碧', '2013-03-06 00:00:00', 2, 0),
(888, '绿箭口香糖', '2013-03-06 00:00:00', 1, 0),
(889, '徐福记草莓酥', '2013-03-06 00:00:00', 1, 0),
(890, '话梅', '2013-03-06 00:00:00', 1, 0),
(891, '松子', '2013-03-06 00:00:00', 2, 0),
(892, '圣女果脯', '2013-03-06 00:00:00', 2, 0),
(893, '蒙牛真果粒', '2013-03-06 00:00:00', 4, 0),
(894, '美丽心情', '2013-03-06 00:00:00', 21, 0);
INSERT INTO `cart_item_view` (`id`, `item_name`, `time`, `view`, `item_id`) VALUES
(895, '满满都是爱', '2013-03-06 00:00:00', 24, 0),
(896, '休闲时刻', '2013-03-06 00:00:00', 12, 0),
(897, '健康生活', '2013-03-06 00:00:00', 18, 0),
(898, '卡夫果珍', '2013-03-06 00:00:00', 2, 0),
(899, '棒棒娃牛肉粒', '2013-03-06 00:00:00', 2, 0),
(900, '奥利奥夹心饼干', '2013-03-06 00:00:00', 4, 0),
(901, '上帝家园紫薯条', '2013-03-06 00:00:00', 2, 0),
(902, '大白兔奶糖', '2013-03-06 00:00:00', 2, 0),
(903, '双汇玉米热狗', '2013-03-06 00:00:00', 4, 0),
(904, '百事可乐', '2013-03-06 00:00:00', 1, 0),
(905, '盐水菠萝', '2013-03-06 00:00:00', 9, 0),
(906, '旺仔QQ糖', '2013-03-06 00:00:00', 3, 0),
(907, '田园日', '2013-03-06 00:00:00', 1, 0),
(908, '香甜午后', '2013-03-06 00:00:00', 6, 0),
(909, '扑面田园风', '2013-03-06 00:00:00', 3, 0),
(910, '春日里的野餐', '2013-03-06 00:00:00', 2, 0),
(911, '嘴巴的小假期', '2013-03-06 00:00:00', 1, 0),
(912, '西麦燕麦片', '2013-03-07 00:00:00', 3, 0),
(913, '奥利奥夹心饼干', '2013-03-07 00:00:00', 5, 0),
(914, '南方黑芝麻糊', '2013-03-07 00:00:00', 5, 0),
(915, '日清泡面', '2013-03-07 00:00:00', 17, 0),
(916, '嘴巴的小假期', '2013-03-07 00:00:00', 9, 0),
(917, '春日里的野餐', '2013-03-07 00:00:00', 19, 0),
(918, '旺仔QQ糖', '2013-03-07 00:00:00', 3, 0),
(919, '扑面田园风', '2013-03-07 00:00:00', 9, 0),
(920, '香甜午后', '2013-03-07 00:00:00', 15, 0),
(921, '红富士苹果（个）', '2013-03-07 00:00:00', 16, 0),
(922, '松子', '2013-03-07 00:00:00', 3, 0),
(923, '旺宝开心果', '2013-03-07 00:00:00', 6, 0),
(924, '旺宝大杏仁', '2013-03-07 00:00:00', 2, 0),
(925, '得益绿色方便米饭', '2013-03-07 00:00:00', 10, 0),
(926, '饭扫光', '2013-03-07 00:00:00', 2, 0),
(927, '伊利纯牛奶', '2013-03-07 00:00:00', 5, 0),
(928, '柚子（个）', '2013-03-07 00:00:00', 13, 0),
(929, '蒙牛真果粒', '2013-03-07 00:00:00', 5, 0),
(930, '米老头雪花煎卷（大包）', '2013-03-07 00:00:00', 3, 0),
(931, '香飘飘奶茶', '2013-03-07 00:00:00', 3, 0),
(932, '达利园瑞士卷（小包）', '2013-03-07 00:00:00', 5, 0),
(933, '趣多多巧克力味曲奇饼干', '2013-03-07 00:00:00', 2, 0),
(934, '阿尔卑斯硬糖', '2013-03-07 00:00:00', 3, 0),
(935, '徐福记凤梨酥', '2013-03-07 00:00:00', 5, 0),
(936, '雀巢脆脆鲨', '2013-03-07 00:00:00', 5, 0),
(937, '达利园法式软面包（小包）', '2013-03-07 00:00:00', 3, 0),
(938, '有友泡椒凤爪', '2013-03-07 00:00:00', 17, 0),
(939, '恰恰香瓜子', '2013-03-07 00:00:00', 3, 0),
(940, '口水族香辣黄花鱼', '2013-03-07 00:00:00', 3, 0),
(941, '旺旺小小酥', '2013-03-07 00:00:00', 6, 0),
(942, '有友泡椒花生', '2013-03-07 00:00:00', 5, 0),
(943, '好巴食麻辣豆腐干', '2013-03-07 00:00:00', 5, 0),
(944, '乐事薯片', '2013-03-07 00:00:00', 9, 0),
(945, '青岛纯生', '2013-03-07 00:00:00', 4, 0),
(946, '口水娃青豆', '2013-03-07 00:00:00', 3, 0),
(947, '康师傅方便面（桶装）', '2013-03-07 00:00:00', 12, 0),
(948, '康师傅干拌面', '2013-03-07 00:00:00', 8, 0),
(949, '康师傅3+2苏打夹心饼干', '2013-03-07 00:00:00', 7, 0),
(950, '双汇泡椒风味肠', '2013-03-07 00:00:00', 4, 0),
(951, '猫哆哩酸角果派', '2013-03-07 00:00:00', 6, 0),
(952, '盐水菠萝', '2013-03-07 00:00:00', 19, 0),
(953, '圣女果（斤）', '2013-03-07 00:00:00', 12, 0),
(954, '脐橙（个）', '2013-03-07 00:00:00', 19, 0),
(955, '什锦大果篮', '2013-03-07 00:00:00', 22, 0),
(956, '喜之郎什锦果肉果冻布丁', '2013-03-07 00:00:00', 4, 0),
(957, '枣想你阿胶枣', '2013-03-07 00:00:00', 9, 0),
(958, '美丽心情', '2013-03-07 00:00:00', 11, 0),
(959, '健康生活', '2013-03-07 00:00:00', 9, 0),
(960, '休闲时刻', '2013-03-07 00:00:00', 3, 0),
(961, '满满都是爱', '2013-03-07 00:00:00', 6, 0),
(962, '上帝家园紫薯条', '2013-03-07 00:00:00', 3, 0),
(963, '乡吧佬卤蛋', '2013-03-07 00:00:00', 5, 0),
(964, '绿箭口香糖', '2013-03-07 00:00:00', 3, 0),
(965, '银鹭八宝粥罐头', '2013-03-07 00:00:00', 3, 0),
(966, '加多宝', '2013-03-07 00:00:00', 3, 0),
(967, '大白兔奶糖', '2013-03-07 00:00:00', 3, 0),
(968, '双汇玉米热狗', '2013-03-07 00:00:00', 3, 0),
(969, '雪花勇闯天涯（罐装）', '2013-03-07 00:00:00', 4, 0),
(970, '统一阿萨姆奶茶', '2013-03-07 00:00:00', 3, 0),
(971, '口水族烤鱿鱼丝', '2013-03-07 00:00:00', 5, 0),
(972, '木瓜', '2013-03-07 00:00:00', 9, 0),
(973, '雀巢咖啡（瓶装）', '2013-03-07 00:00:00', 6, 0),
(974, '康师傅茉莉清茶', '2013-03-07 00:00:00', 4, 0),
(975, '香辣金针菇', '2013-03-07 00:00:00', 5, 0),
(976, '伊利酸酸乳', '2013-03-07 00:00:00', 2, 0),
(977, '香蕉（根）', '2013-03-07 00:00:00', 18, 0),
(978, '达利园派（小包）', '2013-03-07 00:00:00', 2, 0),
(979, '太平梳打饼干', '2013-03-07 00:00:00', 4, 0),
(980, '黄瓜', '2013-03-07 00:00:00', 2, 0),
(981, '黯然销魂瓜', '2013-03-07 00:00:00', 202, 0),
(982, '猕猴桃（个）', '2013-03-07 00:00:00', 8, 0),
(983, '皇冠梨（个）', '2013-03-07 00:00:00', 8, 0),
(984, '雪莲果', '2013-03-07 00:00:00', 7, 0),
(985, '雪碧', '2013-03-07 00:00:00', 7, 0),
(986, '百事可乐', '2013-03-07 00:00:00', 4, 0),
(987, '美汁源果粒橙', '2013-03-07 00:00:00', 3, 0),
(988, '百斯顿成都小吃葡萄干', '2013-03-07 00:00:00', 4, 0),
(989, '甘草瓜子', '2013-03-07 00:00:00', 4, 0),
(990, '百世兴酒鬼花生', '2013-03-07 00:00:00', 2, 0),
(991, '怡口莲巧克力风味夹心牛奶糖', '2013-03-07 00:00:00', 2, 0),
(992, '老干妈风味豆豉', '2013-03-07 00:00:00', 2, 0),
(993, '鱼泉榨菜', '2013-03-07 00:00:00', 2, 0),
(994, '麻辣海带丝', '2013-03-07 00:00:00', 4, 0),
(995, '徐福记草莓酥', '2013-03-07 00:00:00', 2, 0),
(996, '旺旺大米饼', '2013-03-07 00:00:00', 2, 0),
(997, '旺旺挑逗', '2013-03-07 00:00:00', 1, 0),
(998, '沙糖桔（斤）', '2013-03-07 00:00:00', 2, 0),
(999, 'MM豆', '2013-03-07 00:00:00', 2, 0),
(1000, '德芙丝滑牛奶巧克力 ', '2013-03-07 00:00:00', 1, 0),
(1001, '椪柑（个）', '2013-03-07 00:00:00', 1, 0),
(1002, '核桃', '2013-03-07 00:00:00', 1, 0),
(1003, '维他型豆奶粉', '2013-03-07 00:00:00', 1, 0),
(1004, '真知棒', '2013-03-07 00:00:00', 2, 0),
(1005, '半边梅', '2013-03-07 00:00:00', 1, 0),
(1006, '果肉汇', '2013-03-07 00:00:00', 1, 0),
(1007, '卡夫果珍', '2013-03-07 00:00:00', 2, 0),
(1008, '徐福记沙琪玛（小包）', '2013-03-07 00:00:00', 1, 0),
(1009, '话梅', '2013-03-07 00:00:00', 1, 0),
(1010, '棒棒娃牛肉粒', '2013-03-07 00:00:00', 1, 0),
(1011, '雀巢全脂奶粉', '2013-03-07 00:00:00', 1, 0),
(1012, '双汇香辣香脆肠', '2013-03-07 00:00:00', 2, 0),
(1013, '雀巢咖啡粉', '2013-03-07 00:00:00', 2, 0),
(1014, '波力海苔 ', '2013-03-07 00:00:00', 2, 0),
(1015, '乌梅', '2013-03-07 00:00:00', 1, 0),
(1016, '圣女果脯', '2013-03-07 00:00:00', 3, 0),
(1017, '有友泡椒猪皮', '2013-03-07 00:00:00', 1, 0),
(1018, '棒棒娃手撕牛肉', '2013-03-07 00:00:00', 1, 0),
(1019, '康师傅3+2苏打夹心饼干', '2013-03-08 00:00:00', 4, 0),
(1020, '黯然销魂瓜', '2013-03-08 00:00:00', 13, 0),
(1021, '果肉汇', '2013-03-08 00:00:00', 3, 0),
(1022, '棒棒娃牛肉粒', '2013-03-08 00:00:00', 1, 0),
(1023, '柚子（个）', '2013-03-08 00:00:00', 5, 0),
(1024, '圣女果（斤）', '2013-03-08 00:00:00', 8, 0),
(1025, '双汇玉米热狗', '2013-03-08 00:00:00', 4, 0),
(1026, '蒙牛真果粒', '2013-03-08 00:00:00', 5, 0),
(1027, '银鹭八宝粥罐头', '2013-03-08 00:00:00', 3, 0),
(1028, '康师傅方便面（桶装）', '2013-03-08 00:00:00', 9, 0),
(1029, '雪莲果', '2013-03-08 00:00:00', 4, 0),
(1030, '好巴食麻辣豆腐干', '2013-03-08 00:00:00', 4, 0),
(1031, '百事可乐', '2013-03-08 00:00:00', 3, 0),
(1032, '卡夫果珍', '2013-03-08 00:00:00', 1, 0),
(1033, '得益绿色方便米饭', '2013-03-08 00:00:00', 8, 0),
(1034, '大白兔奶糖', '2013-03-08 00:00:00', 2, 0),
(1035, '盐水菠萝', '2013-03-08 00:00:00', 15, 0),
(1036, '旺旺小小酥', '2013-03-08 00:00:00', 2, 0),
(1037, '香飘飘奶茶', '2013-03-08 00:00:00', 8, 0),
(1038, '伊利酸酸乳', '2013-03-08 00:00:00', 1, 0),
(1039, '加多宝', '2013-03-08 00:00:00', 2, 0),
(1040, '奥利奥夹心饼干', '2013-03-08 00:00:00', 5, 0),
(1041, '口水族香辣黄花鱼', '2013-03-08 00:00:00', 3, 0),
(1042, '什锦大果篮', '2013-03-08 00:00:00', 65, 0),
(1043, '猫哆哩酸角果派', '2013-03-08 00:00:00', 10, 0),
(1044, '康师傅干拌面', '2013-03-08 00:00:00', 7, 0),
(1045, '有友泡椒花生', '2013-03-08 00:00:00', 3, 0),
(1046, '百斯顿成都小吃葡萄干', '2013-03-08 00:00:00', 1, 0),
(1047, '双汇泡椒风味肠', '2013-03-08 00:00:00', 3, 0),
(1048, '恰恰香瓜子', '2013-03-08 00:00:00', 2, 0),
(1049, '南方黑芝麻糊', '2013-03-08 00:00:00', 4, 0),
(1050, '波力海苔 ', '2013-03-08 00:00:00', 1, 0),
(1051, '香蕉（根）', '2013-03-08 00:00:00', 18, 0),
(1052, '日清泡面', '2013-03-08 00:00:00', 30, 0),
(1053, '喜之郎什锦果肉果冻布丁', '2013-03-08 00:00:00', 5, 0),
(1054, '上帝家园紫薯条', '2013-03-08 00:00:00', 5, 0),
(1055, '脐橙（个）', '2013-03-08 00:00:00', 16, 0),
(1056, '春日里的野餐', '2013-03-08 00:00:00', 1, 0),
(1057, '皇冠梨（个）', '2013-03-08 00:00:00', 11, 0),
(1058, '木瓜', '2013-03-08 00:00:00', 9, 0),
(1059, '雀巢脆脆鲨', '2013-03-08 00:00:00', 5, 0),
(1060, '绿箭口香糖', '2013-03-08 00:00:00', 1, 0),
(1061, '雪花勇闯天涯（罐装）', '2013-03-08 00:00:00', 2, 0),
(1062, '乐事薯片', '2013-03-08 00:00:00', 7, 0),
(1063, '雪碧', '2013-03-08 00:00:00', 3, 0),
(1064, '康师傅茉莉清茶', '2013-03-08 00:00:00', 3, 0),
(1065, '美汁源果粒橙', '2013-03-08 00:00:00', 4, 0),
(1066, '统一阿萨姆奶茶', '2013-03-08 00:00:00', 4, 0),
(1067, '伊利纯牛奶', '2013-03-08 00:00:00', 3, 0),
(1068, '双汇香辣香脆肠', '2013-03-08 00:00:00', 4, 0),
(1069, '雀巢咖啡（瓶装）', '2013-03-08 00:00:00', 2, 0),
(1070, '怡口莲巧克力风味夹心牛奶糖', '2013-03-08 00:00:00', 3, 0),
(1071, '雀巢咖啡粉', '2013-03-08 00:00:00', 1, 0),
(1072, '徐福记凤梨酥', '2013-03-08 00:00:00', 3, 0),
(1073, '德芙丝滑牛奶巧克力 ', '2013-03-08 00:00:00', 4, 0),
(1074, '椪柑（个）', '2013-03-08 00:00:00', 3, 0),
(1075, '甘草瓜子', '2013-03-08 00:00:00', 1, 0),
(1076, '旺旺挑逗', '2013-03-08 00:00:00', 1, 0),
(1077, '枣想你阿胶枣', '2013-03-08 00:00:00', 2, 0),
(1078, '猕猴桃（个）', '2013-03-08 00:00:00', 7, 0),
(1079, '西麦燕麦片', '2013-03-08 00:00:00', 3, 0),
(1080, '乌梅', '2013-03-08 00:00:00', 2, 0),
(1081, '徐福记沙琪玛（小包）', '2013-03-08 00:00:00', 1, 0),
(1082, '达利园瑞士卷（小包）', '2013-03-08 00:00:00', 2, 0),
(1083, '达利园派（小包）', '2013-03-08 00:00:00', 1, 0),
(1084, '达利园法式软面包（小包）', '2013-03-08 00:00:00', 3, 0),
(1085, '米老头雪花煎卷（大包）', '2013-03-08 00:00:00', 3, 0),
(1086, '口水族烤鱿鱼丝', '2013-03-08 00:00:00', 2, 0),
(1087, '松子', '2013-03-08 00:00:00', 1, 0),
(1088, '有友泡椒凤爪', '2013-03-08 00:00:00', 8, 0),
(1089, '乡吧佬卤蛋', '2013-03-08 00:00:00', 5, 0),
(1090, '红富士苹果（个）', '2013-03-08 00:00:00', 13, 0),
(1091, '核桃', '2013-03-08 00:00:00', 1, 0),
(1092, '旺宝大杏仁', '2013-03-08 00:00:00', 1, 0),
(1093, '太平梳打饼干', '2013-03-08 00:00:00', 3, 0),
(1094, '老干妈风味豆豉', '2013-03-08 00:00:00', 2, 0),
(1095, '趣多多巧克力味曲奇饼干', '2013-03-08 00:00:00', 3, 0),
(1096, '维他型豆奶粉', '2013-03-08 00:00:00', 2, 0),
(1097, '百世兴酒鬼花生', '2013-03-08 00:00:00', 2, 0),
(1098, '旺宝开心果', '2013-03-08 00:00:00', 2, 0),
(1099, '鱼泉榨菜', '2013-03-08 00:00:00', 4, 0),
(1100, '饭扫光', '2013-03-08 00:00:00', 3, 0),
(1101, '旺旺大米饼', '2013-03-08 00:00:00', 3, 0),
(1102, '旺仔QQ糖', '2013-03-08 00:00:00', 1, 0),
(1103, '话梅', '2013-03-08 00:00:00', 2, 0),
(1104, '真知棒', '2013-03-08 00:00:00', 1, 0),
(1105, '香辣金针菇', '2013-03-08 00:00:00', 1, 0),
(1106, '麻辣海带丝', '2013-03-08 00:00:00', 1, 0),
(1107, '有友泡椒猪皮', '2013-03-08 00:00:00', 1, 0),
(1108, '圣女果脯', '2013-03-08 00:00:00', 1, 0),
(1109, '口水娃青豆', '2013-03-08 00:00:00', 1, 0),
(1110, '棒棒娃手撕牛肉', '2013-03-08 00:00:00', 1, 0),
(1111, '什锦大果篮', '2013-03-09 00:00:00', 18, 0),
(1112, '雪莲果', '2013-03-09 00:00:00', 21, 0),
(1113, '脐橙（个）', '2013-03-09 00:00:00', 24, 0),
(1114, '香蕉（根）', '2013-03-09 00:00:00', 40, 0),
(1115, '红富士苹果（个）', '2013-03-09 00:00:00', 41, 0),
(1116, '棒棒娃手撕牛肉', '2013-03-09 00:00:00', 5, 0),
(1117, '饭扫光', '2013-03-09 00:00:00', 4, 0),
(1118, '达利园瑞士卷（小包）', '2013-03-09 00:00:00', 3, 0),
(1119, '旺旺大米饼', '2013-03-09 00:00:00', 5, 0),
(1120, '趣多多巧克力味曲奇饼干', '2013-03-09 00:00:00', 7, 0),
(1121, '美汁源果粒橙', '2013-03-09 00:00:00', 4, 0),
(1122, '雀巢全脂奶粉', '2013-03-09 00:00:00', 3, 0),
(1123, '乌梅', '2013-03-09 00:00:00', 3, 0),
(1124, '双汇玉米热狗', '2013-03-09 00:00:00', 6, 0),
(1125, '阿尔卑斯硬糖', '2013-03-09 00:00:00', 2, 0),
(1126, '香辣金针菇', '2013-03-09 00:00:00', 11, 0),
(1127, '有友泡椒猪皮', '2013-03-09 00:00:00', 5, 0),
(1128, '皇冠梨（个）', '2013-03-09 00:00:00', 8, 0),
(1129, '木瓜', '2013-03-09 00:00:00', 37, 0),
(1130, '达利园派（小包）', '2013-03-09 00:00:00', 5, 0),
(1131, '圣女果（斤）', '2013-03-09 00:00:00', 15, 0),
(1132, '太平梳打饼干', '2013-03-09 00:00:00', 5, 0),
(1133, '奥利奥夹心饼干', '2013-03-09 00:00:00', 15, 0),
(1134, '麻辣海带丝', '2013-03-09 00:00:00', 3, 0),
(1135, '柚子（个）', '2013-03-09 00:00:00', 11, 0),
(1136, '雀巢咖啡粉', '2013-03-09 00:00:00', 2, 0),
(1137, '百斯顿成都小吃葡萄干', '2013-03-09 00:00:00', 7, 0),
(1138, '徐福记沙琪玛（小包）', '2013-03-09 00:00:00', 1, 0),
(1139, '康师傅干拌面', '2013-03-09 00:00:00', 19, 0),
(1140, '卡夫果珍', '2013-03-09 00:00:00', 2, 0),
(1141, '伊利酸酸乳', '2013-03-09 00:00:00', 3, 0),
(1142, '得益绿色方便米饭', '2013-03-09 00:00:00', 14, 0),
(1143, '盐水菠萝', '2013-03-09 00:00:00', 62, 0),
(1144, '黯然销魂瓜', '2013-03-09 00:00:00', 1, 0),
(1145, '有友泡椒凤爪', '2013-03-09 00:00:00', 25, 0),
(1146, '大白兔奶糖', '2013-03-09 00:00:00', 4, 0),
(1147, '康师傅3+2苏打夹心饼干', '2013-03-09 00:00:00', 9, 0),
(1148, '沙糖桔（斤）', '2013-03-09 00:00:00', 2, 0),
(1149, '核桃', '2013-03-09 00:00:00', 7, 0),
(1150, '满满都是爱', '2013-03-09 00:00:00', 5, 0),
(1151, '口水族香辣黄花鱼', '2013-03-09 00:00:00', 12, 0),
(1152, '日清泡面', '2013-03-09 00:00:00', 45, 0),
(1153, '猕猴桃（个）', '2013-03-09 00:00:00', 19, 0),
(1154, '雪花勇闯天涯（罐装）', '2013-03-09 00:00:00', 9, 0),
(1155, '南方黑芝麻糊', '2013-03-09 00:00:00', 10, 0),
(1156, '康师傅茉莉清茶', '2013-03-09 00:00:00', 3, 0),
(1157, '美丽心情', '2013-03-09 00:00:00', 2, 0),
(1158, '健康生活', '2013-03-09 00:00:00', 4, 0),
(1159, '休闲时刻', '2013-03-09 00:00:00', 8, 0),
(1160, '真知棒', '2013-03-09 00:00:00', 2, 0),
(1161, '雀巢咖啡（瓶装）', '2013-03-09 00:00:00', 2, 0),
(1162, '统一阿萨姆奶茶', '2013-03-09 00:00:00', 9, 0),
(1163, '恰恰香瓜子', '2013-03-09 00:00:00', 4, 0),
(1164, '乡吧佬卤蛋', '2013-03-09 00:00:00', 14, 0),
(1165, '有友泡椒花生', '2013-03-09 00:00:00', 4, 0),
(1166, '口水族烤鱿鱼丝', '2013-03-09 00:00:00', 12, 0),
(1167, '乐事薯片', '2013-03-09 00:00:00', 25, 0),
(1168, '蒙牛真果粒', '2013-03-09 00:00:00', 8, 0),
(1169, '猫哆哩酸角果派', '2013-03-09 00:00:00', 10, 0),
(1170, '雀巢脆脆鲨', '2013-03-09 00:00:00', 3, 0),
(1171, '棒棒娃牛肉粒', '2013-03-09 00:00:00', 3, 0),
(1172, '怡口莲巧克力风味夹心牛奶糖', '2013-03-09 00:00:00', 1, 0),
(1173, '伊利纯牛奶', '2013-03-09 00:00:00', 10, 0),
(1174, '上帝家园紫薯条', '2013-03-09 00:00:00', 9, 0),
(1175, '旺宝开心果', '2013-03-09 00:00:00', 7, 0),
(1176, '米老头雪花煎卷（大包）', '2013-03-09 00:00:00', 1, 0),
(1177, '银鹭八宝粥罐头', '2013-03-09 00:00:00', 3, 0),
(1178, '康师傅方便面（桶装）', '2013-03-09 00:00:00', 32, 0),
(1179, '黄瓜', '2013-03-09 00:00:00', 10, 0),
(1180, '老干妈风味豆豉', '2013-03-09 00:00:00', 3, 0),
(1181, '雪碧', '2013-03-09 00:00:00', 6, 0),
(1182, '双汇泡椒风味肠', '2013-03-09 00:00:00', 4, 0),
(1183, '嘴巴的小假期', '2013-03-09 00:00:00', 4, 0),
(1184, '青岛纯生', '2013-03-09 00:00:00', 17, 0),
(1185, '徐福记草莓酥', '2013-03-09 00:00:00', 2, 0),
(1186, '好巴食麻辣豆腐干', '2013-03-09 00:00:00', 11, 0),
(1187, '圣女果脯', '2013-03-09 00:00:00', 3, 0),
(1188, '口水娃青豆', '2013-03-09 00:00:00', 2, 0),
(1189, '喜之郎什锦果肉果冻布丁', '2013-03-09 00:00:00', 4, 0),
(1190, '加多宝', '2013-03-09 00:00:00', 1, 0),
(1191, '绿箭口香糖', '2013-03-09 00:00:00', 1, 0),
(1192, '旺旺小小酥', '2013-03-09 00:00:00', 10, 0),
(1193, '旺仔QQ糖', '2013-03-09 00:00:00', 8, 0),
(1194, '西瓜（片）', '2013-03-09 00:00:00', 50, 0),
(1195, '柠檬', '2013-03-09 00:00:00', 26, 0),
(1196, '桑葚', '2013-03-09 00:00:00', 52, 0),
(1197, '芒果', '2013-03-09 00:00:00', 60, 0),
(1198, '枣想你阿胶枣', '2013-03-09 00:00:00', 7, 0),
(1199, '达利园法式软面包（小包）', '2013-03-09 00:00:00', 1, 0),
(1200, '椪柑（个）', '2013-03-09 00:00:00', 3, 0),
(1201, '双汇香辣香脆肠', '2013-03-09 00:00:00', 6, 0),
(1202, '波力海苔 ', '2013-03-09 00:00:00', 2, 0),
(1203, '百事可乐', '2013-03-09 00:00:00', 8, 0),
(1204, '旺宝大杏仁', '2013-03-09 00:00:00', 4, 0),
(1205, '半边梅', '2013-03-09 00:00:00', 1, 0),
(1206, '西麦燕麦片', '2013-03-09 00:00:00', 3, 0),
(1207, '香甜午后', '2013-03-09 00:00:00', 4, 0),
(1208, '春日里的野餐', '2013-03-09 00:00:00', 5, 0),
(1209, '话梅', '2013-03-09 00:00:00', 3, 0),
(1210, '松子', '2013-03-09 00:00:00', 1, 0),
(1211, '徐福记凤梨酥', '2013-03-09 00:00:00', 1, 0),
(1212, '果肉汇', '2013-03-09 00:00:00', 1, 0),
(1213, '扑面田园风', '2013-03-09 00:00:00', 2, 0),
(1214, 'MM豆', '2013-03-09 00:00:00', 1, 0),
(1215, '双汇香辣香脆肠', '2013-03-10 00:00:00', 16, 0),
(1216, '香蕉（根）', '2013-03-10 00:00:00', 21, 0),
(1217, '百事可乐', '2013-03-10 00:00:00', 17, 0),
(1218, '芒果', '2013-03-10 00:00:00', 109, 0),
(1219, '康师傅方便面（桶装）', '2013-03-10 00:00:00', 35, 0),
(1220, '趣多多巧克力味曲奇饼干', '2013-03-10 00:00:00', 12, 0),
(1221, '伊利纯牛奶', '2013-03-10 00:00:00', 4, 0),
(1222, '西瓜（片）', '2013-03-10 00:00:00', 54, 0),
(1223, '盐水菠萝', '2013-03-10 00:00:00', 62, 0),
(1224, '统一阿萨姆奶茶', '2013-03-10 00:00:00', 11, 0),
(1225, '康师傅3+2苏打夹心饼干', '2013-03-10 00:00:00', 8, 0),
(1226, '徐福记沙琪玛（小包）', '2013-03-10 00:00:00', 4, 0),
(1227, '日清泡面', '2013-03-10 00:00:00', 50, 0),
(1228, '圣女果脯', '2013-03-10 00:00:00', 9, 0),
(1229, '达利园派（小包）', '2013-03-10 00:00:00', 5, 0),
(1230, '红富士苹果（个）', '2013-03-10 00:00:00', 32, 0),
(1231, '柠檬', '2013-03-10 00:00:00', 23, 0),
(1232, '青岛纯生', '2013-03-10 00:00:00', 16, 0),
(1233, '得益绿色方便米饭', '2013-03-10 00:00:00', 27, 0),
(1234, '乐事薯片', '2013-03-10 00:00:00', 25, 0),
(1235, '什锦大果篮', '2013-03-10 00:00:00', 19, 0),
(1236, '休闲时刻', '2013-03-10 00:00:00', 4, 0),
(1237, '雪花勇闯天涯（罐装）', '2013-03-10 00:00:00', 14, 0),
(1238, '话梅', '2013-03-10 00:00:00', 10, 0),
(1239, '奥利奥夹心饼干', '2013-03-10 00:00:00', 12, 0),
(1240, '枣想你阿胶枣', '2013-03-10 00:00:00', 12, 0),
(1241, '脐橙（个）', '2013-03-10 00:00:00', 37, 0),
(1242, '柚子（个）', '2013-03-10 00:00:00', 11, 0),
(1243, '核桃', '2013-03-10 00:00:00', 15, 0),
(1244, '口水族香辣黄花鱼', '2013-03-10 00:00:00', 17, 0),
(1245, '黄瓜', '2013-03-10 00:00:00', 17, 0),
(1246, '木瓜', '2013-03-10 00:00:00', 28, 0),
(1247, '猕猴桃（个）', '2013-03-10 00:00:00', 22, 0),
(1248, '香辣金针菇', '2013-03-10 00:00:00', 7, 0),
(1249, '圣女果（斤）', '2013-03-10 00:00:00', 17, 0),
(1250, '雪莲果', '2013-03-10 00:00:00', 34, 0),
(1251, '德芙丝滑牛奶巧克力 ', '2013-03-10 00:00:00', 10, 0),
(1252, '真知棒', '2013-03-10 00:00:00', 4, 0),
(1253, '椪柑（个）', '2013-03-10 00:00:00', 4, 0),
(1254, '康师傅干拌面', '2013-03-10 00:00:00', 18, 0),
(1255, '桑葚', '2013-03-10 00:00:00', 50, 0),
(1256, '猫哆哩酸角果派', '2013-03-10 00:00:00', 12, 0),
(1257, '百世兴酒鬼花生', '2013-03-10 00:00:00', 3, 0),
(1258, '双汇泡椒风味肠', '2013-03-10 00:00:00', 7, 0),
(1259, '银鹭八宝粥罐头', '2013-03-10 00:00:00', 10, 0),
(1260, '康师傅茉莉清茶', '2013-03-10 00:00:00', 5, 0),
(1261, '南方黑芝麻糊', '2013-03-10 00:00:00', 6, 0),
(1262, '蒙牛真果粒', '2013-03-10 00:00:00', 16, 0),
(1263, '太平梳打饼干', '2013-03-10 00:00:00', 3, 0),
(1264, '皇冠梨（个）', '2013-03-10 00:00:00', 9, 0),
(1265, '口水族烤鱿鱼丝', '2013-03-10 00:00:00', 10, 0),
(1266, '有友泡椒凤爪', '2013-03-10 00:00:00', 25, 0),
(1267, '好巴食麻辣豆腐干', '2013-03-10 00:00:00', 4, 0),
(1268, '旺旺小小酥', '2013-03-10 00:00:00', 11, 0),
(1269, 'MM豆', '2013-03-10 00:00:00', 4, 0),
(1270, '春日里的野餐', '2013-03-10 00:00:00', 8, 0),
(1271, '达利园瑞士卷（小包）', '2013-03-10 00:00:00', 4, 0),
(1272, '饭扫光', '2013-03-10 00:00:00', 7, 0),
(1273, '达利园法式软面包（小包）', '2013-03-10 00:00:00', 4, 0),
(1274, '口水娃青豆', '2013-03-10 00:00:00', 6, 0),
(1275, '棒棒娃牛肉粒', '2013-03-10 00:00:00', 5, 0),
(1276, '旺仔QQ糖', '2013-03-10 00:00:00', 9, 0),
(1277, '大白兔奶糖', '2013-03-10 00:00:00', 2, 0),
(1278, '松子', '2013-03-10 00:00:00', 3, 0),
(1279, '雀巢脆脆鲨', '2013-03-10 00:00:00', 10, 0),
(1280, '绿箭口香糖', '2013-03-10 00:00:00', 4, 0),
(1281, '雪碧', '2013-03-10 00:00:00', 3, 0),
(1282, '乡吧佬卤蛋', '2013-03-10 00:00:00', 11, 0),
(1283, '鱼泉榨菜', '2013-03-10 00:00:00', 5, 0),
(1284, '双汇玉米热狗', '2013-03-10 00:00:00', 7, 0),
(1285, '麻辣海带丝', '2013-03-10 00:00:00', 6, 0),
(1286, '有友泡椒花生', '2013-03-10 00:00:00', 9, 0),
(1287, '旺旺大米饼', '2013-03-10 00:00:00', 11, 0),
(1288, '喜之郎什锦果肉果冻布丁', '2013-03-10 00:00:00', 9, 0),
(1289, '雀巢咖啡（瓶装）', '2013-03-10 00:00:00', 6, 0),
(1290, '美汁源果粒橙', '2013-03-10 00:00:00', 3, 0),
(1291, '雀巢咖啡粉', '2013-03-10 00:00:00', 2, 0),
(1292, '伊利酸酸乳', '2013-03-10 00:00:00', 4, 0),
(1293, '半边梅', '2013-03-10 00:00:00', 6, 0),
(1294, '沙糖桔（斤）', '2013-03-10 00:00:00', 2, 0),
(1295, '旺旺挑逗', '2013-03-10 00:00:00', 2, 0),
(1296, '百斯顿成都小吃葡萄干', '2013-03-10 00:00:00', 8, 0),
(1297, '恰恰香瓜子', '2013-03-10 00:00:00', 5, 0),
(1298, '旺宝开心果', '2013-03-10 00:00:00', 6, 0),
(1299, '棒棒娃手撕牛肉', '2013-03-10 00:00:00', 13, 0),
(1300, '嘴巴的小假期', '2013-03-10 00:00:00', 4, 0),
(1301, '乌梅', '2013-03-10 00:00:00', 5, 0),
(1302, '满满都是爱', '2013-03-10 00:00:00', 3, 0),
(1303, '雀巢全脂奶粉', '2013-03-10 00:00:00', 1, 0),
(1304, '卡夫果珍', '2013-03-10 00:00:00', 1, 0),
(1305, '上帝家园紫薯条', '2013-03-10 00:00:00', 4, 0),
(1306, '加多宝', '2013-03-10 00:00:00', 3, 0),
(1307, '唐记锅巴', '2013-03-10 00:00:00', 11, 0),
(1308, '果町屋椰果布丁', '2013-03-10 00:00:00', 21, 0),
(1309, '徐福记草莓酥', '2013-03-10 00:00:00', 4, 0),
(1310, '健康生活', '2013-03-10 00:00:00', 1, 0),
(1311, '香飘飘奶茶', '2013-03-10 00:00:00', 1, 0),
(1312, '西麦燕麦片', '2013-03-10 00:00:00', 1, 0),
(1313, '有友泡椒猪皮', '2013-03-10 00:00:00', 9, 0),
(1314, '波力海苔 ', '2013-03-10 00:00:00', 3, 0),
(1315, '美丽心情', '2013-03-10 00:00:00', 1, 0),
(1316, '米老头雪花煎卷（大包）', '2013-03-10 00:00:00', 1, 0),
(1317, '阿尔卑斯硬糖', '2013-03-10 00:00:00', 1, 0),
(1318, '怡口莲巧克力风味夹心牛奶糖', '2013-03-10 00:00:00', 2, 0),
(1319, '香甜午后', '2013-03-10 00:00:00', 1, 0),
(1320, '老干妈风味豆豉', '2013-03-10 00:00:00', 2, 0),
(1321, '米老头雪花煎卷（大包）', '2013-03-11 00:00:00', 5, 0),
(1322, '旺仔QQ糖', '2013-03-11 00:00:00', 8, 0),
(1323, '木瓜', '2013-03-11 00:00:00', 18, 0),
(1324, '枣想你阿胶枣', '2013-03-11 00:00:00', 12, 0),
(1325, '雀巢脆脆鲨', '2013-03-11 00:00:00', 8, 0),
(1326, '果町屋椰果布丁', '2013-03-11 00:00:00', 18, 0),
(1327, '乐事薯片', '2013-03-11 00:00:00', 17, 0),
(1328, '百事可乐', '2013-03-11 00:00:00', 11, 0),
(1329, '趣多多巧克力味曲奇饼干', '2013-03-11 00:00:00', 5, 0),
(1330, '猕猴桃（个）', '2013-03-11 00:00:00', 14, 0),
(1331, '圣女果脯', '2013-03-11 00:00:00', 6, 0),
(1332, '香蕉（根）', '2013-03-11 00:00:00', 20, 0),
(1333, '脐橙（个）', '2013-03-11 00:00:00', 15, 0),
(1334, '青岛纯生', '2013-03-11 00:00:00', 13, 0),
(1335, '皇冠梨（个）', '2013-03-11 00:00:00', 9, 0),
(1336, '半边梅', '2013-03-11 00:00:00', 6, 0),
(1337, '加多宝', '2013-03-11 00:00:00', 5, 0),
(1338, '话梅', '2013-03-11 00:00:00', 6, 0),
(1339, '椪柑（个）', '2013-03-11 00:00:00', 1, 0),
(1340, '盐水菠萝', '2013-03-11 00:00:00', 24, 0),
(1341, '雪花勇闯天涯（罐装）', '2013-03-11 00:00:00', 5, 0),
(1342, '达利园瑞士卷（小包）', '2013-03-11 00:00:00', 5, 0),
(1343, '松子', '2013-03-11 00:00:00', 5, 0),
(1344, '乌梅', '2013-03-11 00:00:00', 3, 0),
(1345, '果肉汇', '2013-03-11 00:00:00', 2, 0),
(1346, '南方黑芝麻糊', '2013-03-11 00:00:00', 8, 0),
(1347, '甘草瓜子', '2013-03-11 00:00:00', 2, 0),
(1348, '口水娃青豆', '2013-03-11 00:00:00', 5, 0),
(1349, '旺宝开心果', '2013-03-11 00:00:00', 4, 0),
(1350, '美汁源果粒橙', '2013-03-11 00:00:00', 3, 0),
(1351, '旺宝大杏仁', '2013-03-11 00:00:00', 6, 0),
(1352, '核桃', '2013-03-11 00:00:00', 7, 0),
(1353, '雪碧', '2013-03-11 00:00:00', 4, 0),
(1354, '有友泡椒花生', '2013-03-11 00:00:00', 6, 0),
(1355, '旺旺小小酥', '2013-03-11 00:00:00', 6, 0),
(1356, '康师傅方便面（桶装）', '2013-03-11 00:00:00', 21, 0),
(1357, '日清泡面', '2013-03-11 00:00:00', 23, 0),
(1358, '双汇泡椒风味肠', '2013-03-11 00:00:00', 5, 0),
(1359, '奥利奥夹心饼干', '2013-03-11 00:00:00', 6, 0),
(1360, '蒙牛真果粒', '2013-03-11 00:00:00', 4, 0),
(1361, '达利园派（小包）', '2013-03-11 00:00:00', 2, 0),
(1362, '康师傅3+2苏打夹心饼干', '2013-03-11 00:00:00', 6, 0),
(1363, '太平梳打饼干', '2013-03-11 00:00:00', 6, 0),
(1364, '雀巢咖啡粉', '2013-03-11 00:00:00', 5, 0),
(1365, '达利园法式软面包（小包）', '2013-03-11 00:00:00', 5, 0),
(1366, '好巴食麻辣豆腐干', '2013-03-11 00:00:00', 5, 0),
(1367, '康师傅干拌面', '2013-03-11 00:00:00', 12, 0),
(1368, '双汇香辣香脆肠', '2013-03-11 00:00:00', 12, 0),
(1369, '得益绿色方便米饭', '2013-03-11 00:00:00', 13, 0),
(1370, '徐福记草莓酥', '2013-03-11 00:00:00', 4, 0),
(1371, '雀巢咖啡（瓶装）', '2013-03-11 00:00:00', 6, 0),
(1372, '统一阿萨姆奶茶', '2013-03-11 00:00:00', 3, 0),
(1373, '口水族烤鱿鱼丝', '2013-03-11 00:00:00', 8, 0),
(1374, '有友泡椒凤爪', '2013-03-11 00:00:00', 11, 0),
(1375, '猫哆哩酸角果派', '2013-03-11 00:00:00', 6, 0),
(1376, '口水族香辣黄花鱼', '2013-03-11 00:00:00', 13, 0),
(1377, '桑葚', '2013-03-11 00:00:00', 15, 0),
(1378, '雪莲果', '2013-03-11 00:00:00', 16, 0),
(1379, '西瓜（片）', '2013-03-11 00:00:00', 8, 0),
(1380, '柠檬', '2013-03-11 00:00:00', 10, 0),
(1381, '芒果', '2013-03-11 00:00:00', 64, 0),
(1382, '旺旺挑逗', '2013-03-11 00:00:00', 4, 0),
(1383, '百世兴酒鬼花生', '2013-03-11 00:00:00', 2, 0),
(1384, '喜之郎什锦果肉果冻布丁', '2013-03-11 00:00:00', 3, 0),
(1385, '恰恰香瓜子', '2013-03-11 00:00:00', 6, 0),
(1386, '香飘飘奶茶', '2013-03-11 00:00:00', 3, 0),
(1387, '德芙丝滑牛奶巧克力 ', '2013-03-11 00:00:00', 9, 0),
(1388, '卡夫果珍', '2013-03-11 00:00:00', 3, 0),
(1389, '银鹭八宝粥罐头', '2013-03-11 00:00:00', 4, 0),
(1390, '伊利纯牛奶', '2013-03-11 00:00:00', 4, 0),
(1391, '沙糖桔（斤）', '2013-03-11 00:00:00', 2, 0),
(1392, '有友泡椒猪皮', '2013-03-11 00:00:00', 5, 0),
(1393, '伊利酸酸乳', '2013-03-11 00:00:00', 3, 0),
(1394, '旺旺大米饼', '2013-03-11 00:00:00', 4, 0),
(1395, '麻辣海带丝', '2013-03-11 00:00:00', 3, 0),
(1396, '香辣金针菇', '2013-03-11 00:00:00', 3, 0),
(1397, '老干妈风味豆豉', '2013-03-11 00:00:00', 3, 0),
(1398, '双汇玉米热狗', '2013-03-11 00:00:00', 5, 0),
(1399, '波力海苔 ', '2013-03-11 00:00:00', 4, 0),
(1400, '康师傅茉莉清茶', '2013-03-11 00:00:00', 3, 0),
(1401, '绿箭口香糖', '2013-03-11 00:00:00', 2, 0),
(1402, '大白兔奶糖', '2013-03-11 00:00:00', 5, 0),
(1403, '阿尔卑斯硬糖', '2013-03-11 00:00:00', 3, 0),
(1404, '红富士苹果（个）', '2013-03-11 00:00:00', 16, 0),
(1405, '棒棒娃牛肉粒', '2013-03-11 00:00:00', 4, 0),
(1406, '雀巢全脂奶粉', '2013-03-11 00:00:00', 2, 0),
(1407, '徐福记包馅酥', '2013-03-11 00:00:00', 3, 0),
(1408, '扑面田园风', '2013-03-11 00:00:00', 5, 0),
(1409, '圣女果（斤）', '2013-03-11 00:00:00', 5, 0),
(1410, '柚子（个）', '2013-03-11 00:00:00', 2, 0),
(1411, '黄瓜', '2013-03-11 00:00:00', 5, 0),
(1412, '满满都是爱', '2013-03-11 00:00:00', 4, 0),
(1413, '棒棒娃手撕牛肉', '2013-03-11 00:00:00', 3, 0),
(1414, '唐记锅巴', '2013-03-11 00:00:00', 7, 0),
(1415, '徐福记沙琪玛（小包）', '2013-03-11 00:00:00', 2, 0),
(1416, 'MM豆', '2013-03-11 00:00:00', 2, 0),
(1417, '乡吧佬卤蛋', '2013-03-11 00:00:00', 5, 0),
(1418, '百斯顿成都小吃葡萄干', '2013-03-11 00:00:00', 2, 0),
(1419, '什锦大果篮', '2013-03-11 00:00:00', 10, 0),
(1420, '果肉荟', '2013-03-11 00:00:00', 24, 0),
(1421, '休闲时刻', '2013-03-11 00:00:00', 5, 0),
(1422, '西瓜', '2013-03-11 00:00:00', 3, 0),
(1423, '麻辣萝卜干', '2013-03-11 00:00:00', 6, 0),
(1424, '西瓜（碗）', '2013-03-11 00:00:00', 12, 0),
(1425, '麻辣豇豆', '2013-03-11 00:00:00', 13, 0),
(1426, '哈密瓜（碗）', '2013-03-11 00:00:00', 8, 0),
(1427, '柚子', '2013-03-11 00:00:00', 7, 0),
(1428, '香甜午后', '2013-03-11 00:00:00', 8, 0),
(1429, '草莓（盒）', '2013-03-11 00:00:00', 14, 0),
(1430, '火龙果', '2013-03-11 00:00:00', 8, 0),
(1431, '真知棒', '2013-03-11 00:00:00', 2, 0),
(1432, '春日里的野餐', '2013-03-11 00:00:00', 2, 0),
(1433, '美丽心情', '2013-03-11 00:00:00', 3, 0),
(1434, '上帝家园紫薯条', '2013-03-11 00:00:00', 6, 0),
(1435, '怡口莲巧克力风味夹心牛奶糖', '2013-03-11 00:00:00', 1, 0),
(1436, '鱼泉榨菜', '2013-03-11 00:00:00', 3, 0),
(1437, '饭扫光', '2013-03-11 00:00:00', 2, 0),
(1438, '维他型豆奶粉', '2013-03-11 00:00:00', 1, 0),
(1439, '西麦燕麦片', '2013-03-11 00:00:00', 2, 0),
(1440, '嘴巴的小假期', '2013-03-11 00:00:00', 1, 0),
(1441, '龙眼（斤）', '2013-03-11 00:00:00', 8, 0),
(1442, '小金桔（斤）', '2013-03-11 00:00:00', 3, 0),
(1443, '盐水菠萝', '2013-03-12 00:00:00', 40, 0),
(1444, '喜之郎什锦果肉果冻布丁', '2013-03-12 00:00:00', 4, 0),
(1445, '哈密瓜（碗）', '2013-03-12 00:00:00', 22, 0),
(1446, '枣想你阿胶枣', '2013-03-12 00:00:00', 9, 0),
(1447, '奥利奥夹心饼干', '2013-03-12 00:00:00', 13, 0),
(1448, '大白兔奶糖', '2013-03-12 00:00:00', 3, 0),
(1449, '旺旺小小酥', '2013-03-12 00:00:00', 7, 0),
(1450, '乡吧佬卤蛋', '2013-03-12 00:00:00', 17, 0),
(1451, '小金桔（斤）', '2013-03-12 00:00:00', 21, 0),
(1452, '康师傅方便面（桶装）', '2013-03-12 00:00:00', 20, 0),
(1453, '得益绿色方便米饭', '2013-03-12 00:00:00', 25, 0),
(1454, '火龙果', '2013-03-12 00:00:00', 61, 0),
(1455, '桑葚', '2013-03-12 00:00:00', 27, 0),
(1456, '草莓（盒）', '2013-03-12 00:00:00', 89, 0),
(1457, '雪碧', '2013-03-12 00:00:00', 8, 0),
(1458, '百事可乐', '2013-03-12 00:00:00', 9, 0),
(1459, '健康生活', '2013-03-12 00:00:00', 2, 0),
(1460, '龙眼（斤）', '2013-03-12 00:00:00', 13, 0),
(1461, '乐事薯片', '2013-03-12 00:00:00', 19, 0),
(1462, '雀巢咖啡粉', '2013-03-12 00:00:00', 11, 0),
(1463, '芒果', '2013-03-12 00:00:00', 49, 0),
(1464, '黄瓜', '2013-03-12 00:00:00', 19, 0),
(1465, '棒棒娃手撕牛肉', '2013-03-12 00:00:00', 4, 0),
(1466, '恰恰香瓜子', '2013-03-12 00:00:00', 6, 0),
(1467, '什锦大果篮', '2013-03-12 00:00:00', 11, 0),
(1468, '麻辣豇豆', '2013-03-12 00:00:00', 18, 0),
(1469, '麻辣萝卜干', '2013-03-12 00:00:00', 4, 0),
(1470, '康师傅3+2苏打夹心饼干', '2013-03-12 00:00:00', 18, 0),
(1471, '香辣金针菇', '2013-03-12 00:00:00', 3, 0),
(1472, '果肉荟', '2013-03-12 00:00:00', 17, 0),
(1473, '达利园派（小包）', '2013-03-12 00:00:00', 5, 0),
(1474, '南方黑芝麻糊', '2013-03-12 00:00:00', 3, 0),
(1475, '西瓜（碗）', '2013-03-12 00:00:00', 34, 0),
(1476, '木瓜', '2013-03-12 00:00:00', 18, 0),
(1477, '柠檬', '2013-03-12 00:00:00', 14, 0),
(1478, '半边梅', '2013-03-12 00:00:00', 9, 0),
(1479, '口水族香辣黄花鱼', '2013-03-12 00:00:00', 9, 0),
(1480, '果町屋椰果布丁', '2013-03-12 00:00:00', 4, 0),
(1481, '猫哆哩酸角果派', '2013-03-12 00:00:00', 3, 0),
(1482, '有友泡椒凤爪', '2013-03-12 00:00:00', 12, 0),
(1483, '口水族烤鱿鱼丝', '2013-03-12 00:00:00', 9, 0),
(1484, '统一阿萨姆奶茶', '2013-03-12 00:00:00', 4, 0),
(1485, '徐福记草莓酥', '2013-03-12 00:00:00', 6, 0),
(1486, '双汇香辣香脆肠', '2013-03-12 00:00:00', 20, 0),
(1487, '雀巢咖啡（瓶装）', '2013-03-12 00:00:00', 8, 0),
(1488, '康师傅干拌面', '2013-03-12 00:00:00', 15, 0),
(1489, '好巴食麻辣豆腐干', '2013-03-12 00:00:00', 6, 0),
(1490, '达利园法式软面包（小包）', '2013-03-12 00:00:00', 4, 0),
(1491, '太平梳打饼干', '2013-03-12 00:00:00', 3, 0),
(1492, '蒙牛真果粒', '2013-03-12 00:00:00', 7, 0),
(1493, '双汇泡椒风味肠', '2013-03-12 00:00:00', 5, 0),
(1494, '日清泡面', '2013-03-12 00:00:00', 18, 0),
(1495, '趣多多巧克力味曲奇饼干', '2013-03-12 00:00:00', 11, 0),
(1496, '青岛纯生', '2013-03-12 00:00:00', 9, 0),
(1497, '核桃', '2013-03-12 00:00:00', 2, 0),
(1498, '旺仔QQ糖', '2013-03-12 00:00:00', 2, 0),
(1499, '真知棒', '2013-03-12 00:00:00', 1, 0),
(1500, '圣女果脯', '2013-03-12 00:00:00', 4, 0),
(1501, '雪莲果', '2013-03-12 00:00:00', 12, 0),
(1502, '唐记锅巴', '2013-03-12 00:00:00', 6, 0),
(1503, '乌梅', '2013-03-12 00:00:00', 2, 0),
(1504, '甘草瓜子', '2013-03-12 00:00:00', 2, 0),
(1505, '松子', '2013-03-12 00:00:00', 1, 0),
(1506, '话梅', '2013-03-12 00:00:00', 2, 0),
(1507, '上帝家园紫薯条', '2013-03-12 00:00:00', 5, 0),
(1508, '百斯顿成都小吃葡萄干', '2013-03-12 00:00:00', 5, 0),
(1509, '旺旺挑逗', '2013-03-12 00:00:00', 1, 0),
(1510, '口水娃青豆', '2013-03-12 00:00:00', 3, 0),
(1511, '旺宝开心果', '2013-03-12 00:00:00', 4, 0),
(1512, '旺宝大杏仁', '2013-03-12 00:00:00', 2, 0),
(1513, '百世兴酒鬼花生', '2013-03-12 00:00:00', 2, 0),
(1514, '雀巢脆脆鲨', '2013-03-12 00:00:00', 3, 0),
(1515, '徐福记包馅酥', '2013-03-12 00:00:00', 2, 0),
(1516, '达利园瑞士卷（小包）', '2013-03-12 00:00:00', 1, 0),
(1517, '米老头雪花煎卷（大包）', '2013-03-12 00:00:00', 3, 0),
(1518, '徐福记沙琪玛（小包）', '2013-03-12 00:00:00', 3, 0),
(1519, '旺旺大米饼', '2013-03-12 00:00:00', 3, 0),
(1520, '有友泡椒花生', '2013-03-12 00:00:00', 1, 0),
(1521, '波力海苔 ', '2013-03-12 00:00:00', 2, 0),
(1522, '麻辣海带丝', '2013-03-12 00:00:00', 3, 0),
(1523, '棒棒娃牛肉粒', '2013-03-12 00:00:00', 2, 0),
(1524, 'MM豆', '2013-03-12 00:00:00', 2, 0),
(1525, '德芙丝滑牛奶巧克力 ', '2013-03-12 00:00:00', 6, 0),
(1526, '阿尔卑斯硬糖', '2013-03-12 00:00:00', 1, 0),
(1527, '绿箭口香糖', '2013-03-12 00:00:00', 2, 0),
(1528, '有友泡椒猪皮', '2013-03-12 00:00:00', 3, 0),
(1529, '怡口莲巧克力风味夹心牛奶糖', '2013-03-12 00:00:00', 1, 0),
(1530, '双汇玉米热狗', '2013-03-12 00:00:00', 6, 0),
(1531, '老干妈风味豆豉', '2013-03-12 00:00:00', 1, 0),
(1532, '鱼泉榨菜', '2013-03-12 00:00:00', 2, 0),
(1533, '饭扫光', '2013-03-12 00:00:00', 2, 0),
(1534, '康师傅茉莉清茶', '2013-03-12 00:00:00', 3, 0),
(1535, '美汁源果粒橙', '2013-03-12 00:00:00', 4, 0),
(1536, '银鹭八宝粥罐头', '2013-03-12 00:00:00', 5, 0),
(1537, '香飘飘奶茶', '2013-03-12 00:00:00', 3, 0),
(1538, '卡夫果珍', '2013-03-12 00:00:00', 1, 0),
(1539, '加多宝', '2013-03-12 00:00:00', 2, 0),
(1540, '维他型豆奶粉', '2013-03-12 00:00:00', 2, 0),
(1541, '伊利酸酸乳', '2013-03-12 00:00:00', 2, 0),
(1542, '红富士苹果（个）', '2013-03-12 00:00:00', 25, 0),
(1543, '皇冠梨（个）', '2013-03-12 00:00:00', 10, 0),
(1544, '柚子', '2013-03-12 00:00:00', 6, 0),
(1545, '脐橙（个）', '2013-03-12 00:00:00', 23, 0),
(1546, '椪柑（个）', '2013-03-12 00:00:00', 2, 0),
(1547, '圣女果（斤）', '2013-03-12 00:00:00', 21, 0),
(1548, '猕猴桃（个）', '2013-03-12 00:00:00', 24, 0),
(1549, '春日里的野餐', '2013-03-12 00:00:00', 1, 0),
(1550, '满满都是爱', '2013-03-12 00:00:00', 2, 0),
(1551, '伊利纯牛奶', '2013-03-12 00:00:00', 7, 0),
(1552, '香蕉（根）', '2013-03-12 00:00:00', 31, 0),
(1553, '香甜午后', '2013-03-12 00:00:00', 4, 0),
(1554, '休闲时刻', '2013-03-12 00:00:00', 4, 0),
(1555, '雪花勇闯天涯（罐装）', '2013-03-12 00:00:00', 4, 0),
(1556, '扑面田园风', '2013-03-12 00:00:00', 1, 0),
(1557, '新希望杯装酸奶', '2013-03-12 00:00:00', 20, 0),
(1558, '新希望成都老酸奶', '2013-03-12 00:00:00', 16, 0),
(1559, '新希望袋装酸奶', '2013-03-12 00:00:00', 6, 0),
(1560, '新希望V美五仁露', '2013-03-12 00:00:00', 4, 0),
(1561, '雀巢全脂奶粉', '2013-03-12 00:00:00', 1, 0),
(1562, '伊利优酸乳', '2013-03-12 00:00:00', 3, 0),
(1563, '新希望纯牛奶', '2013-03-12 00:00:00', 15, 0),
(1564, '沙糖桔（斤）', '2013-03-12 00:00:00', 1, 0),
(1565, '西麦燕麦片', '2013-03-12 00:00:00', 1, 0),
(1566, '麻辣豇豆', '2013-03-13 00:00:00', 15, 0),
(1567, '香蕉（根）', '2013-03-13 00:00:00', 33, 0),
(1568, '盐水菠萝', '2013-03-13 00:00:00', 35, 0),
(1569, '红富士苹果（个）', '2013-03-13 00:00:00', 21, 0),
(1570, '康师傅方便面（桶装）', '2013-03-13 00:00:00', 34, 0),
(1571, '康师傅干拌面', '2013-03-13 00:00:00', 11, 0),
(1572, '日清泡面', '2013-03-13 00:00:00', 35, 0),
(1573, '奥利奥夹心饼干', '2013-03-13 00:00:00', 13, 0),
(1574, '喜之郎什锦果肉果冻布丁', '2013-03-13 00:00:00', 3, 0),
(1575, '芒果', '2013-03-13 00:00:00', 11, 0),
(1576, '黄瓜', '2013-03-13 00:00:00', 11, 0),
(1577, '脐橙（个）', '2013-03-13 00:00:00', 15, 0),
(1578, '西瓜（碗）', '2013-03-13 00:00:00', 11, 0),
(1579, '圣女果（斤）', '2013-03-13 00:00:00', 13, 0),
(1580, '皇冠梨（个）', '2013-03-13 00:00:00', 16, 0),
(1581, '桑葚', '2013-03-13 00:00:00', 8, 0),
(1582, '美丽心情', '2013-03-13 00:00:00', 7, 0),
(1583, '徐福记沙琪玛（小包）', '2013-03-13 00:00:00', 4, 0),
(1584, '达利园派（小包）', '2013-03-13 00:00:00', 7, 0),
(1585, '得益绿色方便米饭', '2013-03-13 00:00:00', 13, 0),
(1586, '休闲时刻', '2013-03-13 00:00:00', 4, 0),
(1587, '雀巢咖啡（瓶装）', '2013-03-13 00:00:00', 3, 0),
(1588, '火龙果', '2013-03-13 00:00:00', 22, 0),
(1589, '青岛纯生', '2013-03-13 00:00:00', 9, 0),
(1590, '香辣金针菇', '2013-03-13 00:00:00', 2, 0),
(1591, '饭扫光', '2013-03-13 00:00:00', 2, 0),
(1592, '旺宝开心果', '2013-03-13 00:00:00', 3, 0),
(1593, '康师傅茉莉清茶', '2013-03-13 00:00:00', 2, 0),
(1594, 'V美果蔬乳酸菌饮品', '2013-03-13 00:00:00', 3, 0),
(1595, '原浆核桃花生乳', '2013-03-13 00:00:00', 4, 0),
(1596, '新希望纯牛奶', '2013-03-13 00:00:00', 21, 0),
(1597, '新希望袋装酸奶', '2013-03-13 00:00:00', 6, 0),
(1598, '蒙牛真果粒', '2013-03-13 00:00:00', 2, 0),
(1599, 'V美五仁露', '2013-03-13 00:00:00', 2, 0),
(1600, '伊利优酸乳', '2013-03-13 00:00:00', 4, 0),
(1601, '新希望杯装酸奶', '2013-03-13 00:00:00', 11, 0),
(1602, '新希望成都老酸奶', '2013-03-13 00:00:00', 24, 0),
(1603, '统一阿萨姆奶茶', '2013-03-13 00:00:00', 3, 0),
(1604, '有友泡椒凤爪', '2013-03-13 00:00:00', 22, 0),
(1605, '口水族烤鱿鱼丝', '2013-03-13 00:00:00', 5, 0),
(1606, '南方黑芝麻糊', '2013-03-13 00:00:00', 6, 0),
(1607, '有友泡椒猪皮', '2013-03-13 00:00:00', 2, 0),
(1608, '哈密瓜（碗）', '2013-03-13 00:00:00', 10, 0),
(1609, '雪莲果', '2013-03-13 00:00:00', 6, 0),
(1610, '雪花勇闯天涯（罐装）', '2013-03-13 00:00:00', 6, 0),
(1611, '雀巢全脂奶粉', '2013-03-13 00:00:00', 1, 0),
(1612, '双汇玉米热狗', '2013-03-13 00:00:00', 3, 0),
(1613, '什锦大果篮', '2013-03-13 00:00:00', 9, 0),
(1614, '棒棒娃手撕牛肉', '2013-03-13 00:00:00', 1, 0),
(1615, '乌梅', '2013-03-13 00:00:00', 3, 0),
(1616, '口水族香辣黄花鱼', '2013-03-13 00:00:00', 5, 0),
(1617, '真知棒', '2013-03-13 00:00:00', 2, 0),
(1618, '恰恰香瓜子', '2013-03-13 00:00:00', 2, 0),
(1619, '木瓜', '2013-03-13 00:00:00', 14, 0),
(1620, '沙糖桔（斤）', '2013-03-13 00:00:00', 2, 0),
(1621, '柠檬', '2013-03-13 00:00:00', 8, 0),
(1622, '健康生活', '2013-03-13 00:00:00', 3, 0),
(1623, '趣多多巧克力味曲奇饼干', '2013-03-13 00:00:00', 14, 0),
(1624, '核桃', '2013-03-13 00:00:00', 2, 0),
(1625, '满满都是爱', '2013-03-13 00:00:00', 6, 0),
(1626, '草莓（盒）', '2013-03-13 00:00:00', 17, 0),
(1627, '乐事薯片', '2013-03-13 00:00:00', 22, 0),
(1628, '唐记锅巴', '2013-03-13 00:00:00', 13, 0),
(1629, '双汇泡椒风味肠', '2013-03-13 00:00:00', 8, 0),
(1630, '乡吧佬卤蛋', '2013-03-13 00:00:00', 9, 0),
(1631, '有友泡椒花生', '2013-03-13 00:00:00', 3, 0),
(1632, '柚子', '2013-03-13 00:00:00', 2, 0),
(1633, '鱼泉榨菜', '2013-03-13 00:00:00', 2, 0),
(1634, '麻辣萝卜干', '2013-03-13 00:00:00', 7, 0),
(1635, '猫哆哩酸角果派', '2013-03-13 00:00:00', 8, 0),
(1636, '好巴食麻辣豆腐干', '2013-03-13 00:00:00', 4, 0),
(1637, '半边梅', '2013-03-13 00:00:00', 7, 0),
(1638, '小金桔（斤）', '2013-03-13 00:00:00', 5, 0),
(1639, '双汇香辣香脆肠', '2013-03-13 00:00:00', 8, 0),
(1640, '美汁源果粒橙', '2013-03-13 00:00:00', 2, 0),
(1641, '徐福记草莓酥', '2013-03-13 00:00:00', 5, 0),
(1642, '旺仔QQ糖', '2013-03-13 00:00:00', 3, 0),
(1643, '猕猴桃（个）', '2013-03-13 00:00:00', 7, 0),
(1644, '雪碧', '2013-03-13 00:00:00', 1, 0),
(1645, '雀巢咖啡粉', '2013-03-13 00:00:00', 6, 0),
(1646, '龙眼（斤）', '2013-03-13 00:00:00', 6, 0),
(1647, '康师傅3+2苏打夹心饼干', '2013-03-13 00:00:00', 6, 0),
(1648, '伊利纯牛奶', '2013-03-13 00:00:00', 8, 0),
(1649, '香甜午后', '2013-03-13 00:00:00', 7, 0),
(1650, '果町屋椰果布丁', '2013-03-13 00:00:00', 3, 0),
(1651, '嘴巴的小假期', '2013-03-13 00:00:00', 5, 0),
(1652, '大白兔奶糖', '2013-03-13 00:00:00', 2, 0),
(1653, '枣想你阿胶枣', '2013-03-13 00:00:00', 7, 0),
(1654, '雀巢脆脆鲨', '2013-03-13 00:00:00', 7, 0),
(1655, '太平梳打饼干', '2013-03-13 00:00:00', 4, 0),
(1656, '百世兴酒鬼花生', '2013-03-13 00:00:00', 1, 0),
(1657, '桑葚（大盒）', '2013-03-13 00:00:00', 14, 0),
(1658, '果肉荟', '2013-03-13 00:00:00', 5, 0),
(1659, '草莓（斤）', '2013-03-13 00:00:00', 30, 0),
(1660, '米老头雪花煎卷（大包）', '2013-03-13 00:00:00', 4, 0),
(1661, '银鹭八宝粥罐头', '2013-03-13 00:00:00', 2, 0),
(1662, '圣女果脯', '2013-03-13 00:00:00', 4, 0),
(1663, '旺宝大杏仁', '2013-03-13 00:00:00', 4, 0),
(1664, '青瑅', '2013-03-13 00:00:00', 28, 0),
(1665, '香飘飘奶茶', '2013-03-13 00:00:00', 2, 0),
(1666, '扑面田园风', '2013-03-13 00:00:00', 3, 0),
(1667, '葡萄', '2013-03-13 00:00:00', 11, 0),
(1668, '松子', '2013-03-13 00:00:00', 2, 0),
(1669, '小芒果', '2013-03-13 00:00:00', 20, 0),
(1670, 'MM豆', '2013-03-13 00:00:00', 2, 0),
(1671, '春日里的野餐', '2013-03-13 00:00:00', 1, 0),
(1672, '百斯顿成都小吃葡萄干', '2013-03-13 00:00:00', 5, 0),
(1673, '波力海苔 ', '2013-03-13 00:00:00', 2, 0),
(1674, '徐福记包馅酥', '2013-03-13 00:00:00', 2, 0),
(1675, '上帝家园紫薯条', '2013-03-13 00:00:00', 5, 0),
(1676, '麻辣海带丝', '2013-03-13 00:00:00', 6, 0),
(1677, '旺旺小小酥', '2013-03-13 00:00:00', 4, 0),
(1678, '绿箭口香糖', '2013-03-13 00:00:00', 1, 0),
(1679, '口水娃青豆', '2013-03-13 00:00:00', 1, 0),
(1680, '阿尔卑斯硬糖', '2013-03-13 00:00:00', 1, 0),
(1681, '旺旺大米饼', '2013-03-13 00:00:00', 3, 0),
(1682, '达利园瑞士卷（小包）', '2013-03-13 00:00:00', 3, 0),
(1683, '旺旺挑逗', '2013-03-13 00:00:00', 1, 0),
(1684, '达利园法式软面包（小包）', '2013-03-13 00:00:00', 3, 0),
(1685, '百事可乐', '2013-03-13 00:00:00', 1, 0),
(1686, '话梅', '2013-03-13 00:00:00', 1, 0),
(1687, '老干妈风味豆豉', '2013-03-13 00:00:00', 1, 0),
(1688, '德芙丝滑牛奶巧克力 ', '2013-03-13 00:00:00', 2, 0),
(1689, '加多宝', '2013-03-13 00:00:00', 1, 0),
(1690, '怡口莲巧克力风味夹心牛奶糖', '2013-03-13 00:00:00', 1, 0),
(1691, '康师傅方便面（桶装）', '2013-03-14 00:00:00', 12, 0),
(1692, '趣多多巧克力味曲奇饼干', '2013-03-14 00:00:00', 7, 0),
(1693, '猕猴桃（个）', '2013-03-14 00:00:00', 16, 0),
(1694, '小芒果', '2013-03-14 00:00:00', 37, 0),
(1695, '桑葚（大盒）', '2013-03-14 00:00:00', 20, 0),
(1696, '草莓（斤）', '2013-03-14 00:00:00', 34, 0),
(1697, '麻辣豇豆', '2013-03-14 00:00:00', 9, 0),
(1698, '小金桔（斤）', '2013-03-14 00:00:00', 5, 0),
(1699, '雪碧', '2013-03-14 00:00:00', 2, 0),
(1700, '徐福记包馅酥', '2013-03-14 00:00:00', 4, 0),
(1701, '龙眼（斤）', '2013-03-14 00:00:00', 20, 0),
(1702, '葡萄', '2013-03-14 00:00:00', 44, 0),
(1703, '旺宝开心果', '2013-03-14 00:00:00', 2, 0),
(1704, '徐福记沙琪玛（小包）', '2013-03-14 00:00:00', 1, 0),
(1705, '果肉荟', '2013-03-14 00:00:00', 15, 0),
(1706, '米老头雪花煎卷（大包）', '2013-03-14 00:00:00', 1, 0),
(1707, '青瑅', '2013-03-14 00:00:00', 16, 0),
(1708, '话梅', '2013-03-14 00:00:00', 2, 0),
(1709, '麻辣海带丝', '2013-03-14 00:00:00', 2, 0),
(1710, '什锦大果篮', '2013-03-14 00:00:00', 10, 0),
(1711, '百世兴酒鬼花生', '2013-03-14 00:00:00', 2, 0),
(1712, '恰恰香瓜子', '2013-03-14 00:00:00', 1, 0),
(1713, '西瓜（碗）', '2013-03-14 00:00:00', 6, 0),
(1714, '加多宝', '2013-03-14 00:00:00', 2, 0),
(1715, '旺旺大米饼', '2013-03-14 00:00:00', 3, 0),
(1716, '椪柑（个）', '2013-03-14 00:00:00', 1, 0),
(1717, '春日里的野餐', '2013-03-14 00:00:00', 3, 0),
(1718, '好巴食麻辣豆腐干', '2013-03-14 00:00:00', 3, 0),
(1719, '上帝家园紫薯条', '2013-03-14 00:00:00', 2, 0),
(1720, '香甜午后', '2013-03-14 00:00:00', 4, 0),
(1721, '甘草瓜子', '2013-03-14 00:00:00', 2, 0),
(1722, '双汇香辣香脆肠', '2013-03-14 00:00:00', 10, 0),
(1723, '德芙丝滑牛奶巧克力 ', '2013-03-14 00:00:00', 3, 0),
(1724, '有友泡椒花生', '2013-03-14 00:00:00', 3, 0),
(1725, '新希望成都老酸奶', '2013-03-14 00:00:00', 17, 0),
(1726, '半边梅', '2013-03-14 00:00:00', 7, 0),
(1727, '双汇泡椒风味肠', '2013-03-14 00:00:00', 13, 0),
(1728, '香蕉（根）', '2013-03-14 00:00:00', 26, 0),
(1729, '满满都是爱', '2013-03-14 00:00:00', 2, 0),
(1730, '哈密瓜（碗）', '2013-03-14 00:00:00', 8, 0),
(1731, '日清泡面', '2013-03-14 00:00:00', 20, 0),
(1732, '棒棒娃手撕牛肉', '2013-03-14 00:00:00', 2, 0),
(1733, '红富士苹果（个）', '2013-03-14 00:00:00', 10, 0),
(1734, '麻辣萝卜干', '2013-03-14 00:00:00', 6, 0),
(1735, '得益绿色方便米饭', '2013-03-14 00:00:00', 11, 0),
(1736, '雀巢咖啡（瓶装）', '2013-03-14 00:00:00', 6, 0),
(1737, '徐福记草莓酥', '2013-03-14 00:00:00', 3, 0),
(1738, '新希望杯装酸奶', '2013-03-14 00:00:00', 5, 0),
(1739, '统一阿萨姆奶茶', '2013-03-14 00:00:00', 4, 0),
(1740, '枣想你阿胶枣', '2013-03-14 00:00:00', 3, 0),
(1741, '口水族烤鱿鱼丝', '2013-03-14 00:00:00', 9, 0),
(1742, '有友泡椒凤爪', '2013-03-14 00:00:00', 17, 0),
(1743, '猫哆哩酸角果派', '2013-03-14 00:00:00', 4, 0),
(1744, '果町屋椰果布丁', '2013-03-14 00:00:00', 12, 0),
(1745, '口水族香辣黄花鱼', '2013-03-14 00:00:00', 5, 0),
(1746, '青岛纯生', '2013-03-14 00:00:00', 3, 0),
(1747, '乐事薯片', '2013-03-14 00:00:00', 17, 0),
(1748, '柠檬', '2013-03-14 00:00:00', 6, 0),
(1749, '奥利奥夹心饼干', '2013-03-14 00:00:00', 10, 0),
(1750, '新希望袋装酸奶', '2013-03-14 00:00:00', 2, 0),
(1751, '达利园法式软面包（小包）', '2013-03-14 00:00:00', 4, 0),
(1752, '康师傅3+2苏打夹心饼干', '2013-03-14 00:00:00', 7, 0),
(1753, '太平梳打饼干', '2013-03-14 00:00:00', 5, 0),
(1754, '雀巢咖啡粉', '2013-03-14 00:00:00', 3, 0),
(1755, '南方黑芝麻糊', '2013-03-14 00:00:00', 2, 0),
(1756, '康师傅干拌面', '2013-03-14 00:00:00', 4, 0),
(1757, '乌梅', '2013-03-14 00:00:00', 5, 0),
(1758, '维他型豆奶粉', '2013-03-14 00:00:00', 1, 0),
(1759, '圣女果（斤）', '2013-03-14 00:00:00', 11, 0),
(1760, '西麦燕麦片', '2013-03-14 00:00:00', 2, 0),
(1761, '雀巢脆脆鲨', '2013-03-14 00:00:00', 3, 0),
(1762, '休闲时刻', '2013-03-14 00:00:00', 3, 0),
(1763, '新希望纯牛奶', '2013-03-14 00:00:00', 4, 0),
(1764, '唐记锅巴', '2013-03-14 00:00:00', 7, 0),
(1765, '原浆核桃花生乳', '2013-03-14 00:00:00', 3, 0),
(1766, '乡吧佬卤蛋', '2013-03-14 00:00:00', 7, 0),
(1767, '波力海苔 ', '2013-03-14 00:00:00', 2, 0),
(1768, '木瓜', '2013-03-14 00:00:00', 8, 0),
(1769, '脐橙（个）', '2013-03-14 00:00:00', 17, 0),
(1770, '火龙果', '2013-03-14 00:00:00', 2, 0),
(1771, '盐水菠萝', '2013-03-14 00:00:00', 32, 0),
(1772, '百斯顿成都小吃葡萄干', '2013-03-14 00:00:00', 1, 0),
(1773, '旺宝大杏仁', '2013-03-14 00:00:00', 2, 0),
(1774, '雪花勇闯天涯（罐装）', '2013-03-14 00:00:00', 3, 0),
(1775, '有友泡椒猪皮', '2013-03-14 00:00:00', 7, 0),
(1776, '雪莲果', '2013-03-14 00:00:00', 3, 0),
(1777, '柚子', '2013-03-14 00:00:00', 4, 0),
(1778, '健康生活', '2013-03-14 00:00:00', 1, 0),
(1779, '皇冠梨（个）', '2013-03-14 00:00:00', 7, 0),
(1780, '嘴巴的小假期', '2013-03-14 00:00:00', 1, 0),
(1781, '松子', '2013-03-14 00:00:00', 2, 0),
(1782, '沙糖桔（斤）', '2013-03-14 00:00:00', 1, 0),
(1783, '棒棒娃牛肉粒', '2013-03-14 00:00:00', 2, 0),
(1784, '饭扫光', '2013-03-14 00:00:00', 6, 0);
INSERT INTO `cart_item_view` (`id`, `item_name`, `time`, `view`, `item_id`) VALUES
(1785, '香辣金针菇', '2013-03-14 00:00:00', 5, 0),
(1786, '卡夫果珍', '2013-03-14 00:00:00', 1, 0),
(1787, '靖淞源新疆葡萄干', '2013-03-14 00:00:00', 3, 0),
(1788, '扑面田园风', '2013-03-14 00:00:00', 2, 0),
(1789, '黄瓜', '2013-03-14 00:00:00', 4, 0),
(1790, '哈密瓜（块）', '2013-03-14 00:00:00', 1, 0),
(1791, '伊利纯牛奶', '2013-03-14 00:00:00', 2, 0),
(1792, '喜之郎什锦果肉果冻布丁', '2013-03-14 00:00:00', 2, 0),
(1793, '哈密瓜', '2013-03-14 00:00:00', 3, 0),
(1794, '旺仔QQ糖', '2013-03-14 00:00:00', 2, 0),
(1795, '真知棒', '2013-03-14 00:00:00', 8, 0),
(1796, '成都记忆瓶装酸奶（可退瓶）', '2013-03-14 00:00:00', 14, 0),
(1797, '美丽心情', '2013-03-14 00:00:00', 3, 0),
(1798, '老干妈风味豆豉', '2013-03-14 00:00:00', 3, 0),
(1799, '旺旺小小酥', '2013-03-14 00:00:00', 3, 0),
(1800, 'MM豆', '2013-03-14 00:00:00', 3, 0),
(1801, '大白兔奶糖', '2013-03-14 00:00:00', 3, 0),
(1802, '达利园派（小包）', '2013-03-14 00:00:00', 2, 0),
(1803, '伊利优酸乳', '2013-03-14 00:00:00', 3, 0),
(1804, '百事可乐', '2013-03-14 00:00:00', 2, 0),
(1805, '银鹭八宝粥罐头', '2013-03-14 00:00:00', 1, 0),
(1806, '香飘飘奶茶', '2013-03-14 00:00:00', 1, 0),
(1807, '圣女果脯', '2013-03-14 00:00:00', 2, 0),
(1808, '双汇玉米热狗', '2013-03-14 00:00:00', 2, 0),
(1809, '果肉荟', '2013-03-15 00:00:00', 28, 0),
(1810, '成都记忆瓶装酸奶（可退瓶）', '2013-03-15 00:00:00', 25, 0),
(1811, '日清泡面', '2013-03-15 00:00:00', 36, 0),
(1812, '青岛纯生', '2013-03-15 00:00:00', 9, 0),
(1813, '雪花勇闯天涯（罐装）', '2013-03-15 00:00:00', 4, 0),
(1814, '草莓（斤）', '2013-03-15 00:00:00', 29, 0),
(1815, '饭扫光', '2013-03-15 00:00:00', 4, 0),
(1816, '波力海苔 ', '2013-03-15 00:00:00', 4, 0),
(1817, '旺旺大米饼', '2013-03-15 00:00:00', 3, 0),
(1818, '棒棒娃手撕牛肉', '2013-03-15 00:00:00', 3, 0),
(1819, '葡萄', '2013-03-15 00:00:00', 8, 0),
(1820, '口水族香辣黄花鱼', '2013-03-15 00:00:00', 11, 0),
(1821, '双汇香辣香脆肠', '2013-03-15 00:00:00', 9, 0),
(1822, '鱼泉榨菜', '2013-03-15 00:00:00', 3, 0),
(1823, '老干妈风味豆豉', '2013-03-15 00:00:00', 3, 0),
(1824, '麻辣海带丝', '2013-03-15 00:00:00', 4, 0),
(1825, '哈密瓜', '2013-03-15 00:00:00', 21, 0),
(1826, '黄瓜', '2013-03-15 00:00:00', 6, 0),
(1827, '小芒果', '2013-03-15 00:00:00', 37, 0),
(1828, '双汇泡椒风味肠', '2013-03-15 00:00:00', 10, 0),
(1829, '口水族烤鱿鱼丝', '2013-03-15 00:00:00', 11, 0),
(1830, '得益绿色方便米饭', '2013-03-15 00:00:00', 12, 0),
(1831, '盐水菠萝', '2013-03-15 00:00:00', 41, 0),
(1832, '米老头雪花煎卷（大包）', '2013-03-15 00:00:00', 3, 0),
(1833, '桑葚（大盒）', '2013-03-15 00:00:00', 12, 0),
(1834, '奥利奥夹心饼干', '2013-03-15 00:00:00', 10, 0),
(1835, '好巴食麻辣豆腐干', '2013-03-15 00:00:00', 12, 0),
(1836, '柠檬', '2013-03-15 00:00:00', 6, 0),
(1837, '西瓜（碗）', '2013-03-15 00:00:00', 17, 0),
(1838, '香蕉（根）', '2013-03-15 00:00:00', 38, 0),
(1839, '红富士苹果（个）', '2013-03-15 00:00:00', 26, 0),
(1840, '皇冠梨（个）', '2013-03-15 00:00:00', 9, 0),
(1841, '徐福记沙琪玛（小包）', '2013-03-15 00:00:00', 3, 0),
(1842, '麻辣豇豆', '2013-03-15 00:00:00', 10, 0),
(1843, '喜之郎什锦果肉果冻布丁', '2013-03-15 00:00:00', 9, 0),
(1844, '雀巢咖啡（瓶装）', '2013-03-15 00:00:00', 9, 0),
(1845, '圣女果（斤）', '2013-03-15 00:00:00', 15, 0),
(1846, '什锦大果篮', '2013-03-15 00:00:00', 7, 0),
(1847, '康师傅茉莉清茶', '2013-03-15 00:00:00', 2, 0),
(1848, '雪碧', '2013-03-15 00:00:00', 4, 0),
(1849, '百事可乐', '2013-03-15 00:00:00', 4, 0),
(1850, '有友泡椒凤爪', '2013-03-15 00:00:00', 16, 0),
(1851, '乡吧佬卤蛋', '2013-03-15 00:00:00', 12, 0),
(1852, '果町屋椰果布丁', '2013-03-15 00:00:00', 14, 0),
(1853, '龙眼（斤）', '2013-03-15 00:00:00', 15, 0),
(1854, '新希望杯装酸奶', '2013-03-15 00:00:00', 19, 0),
(1855, '雀巢咖啡粉', '2013-03-15 00:00:00', 7, 0),
(1856, '乐事薯片', '2013-03-15 00:00:00', 18, 0),
(1857, '银鹭八宝粥罐头', '2013-03-15 00:00:00', 3, 0),
(1858, '木瓜', '2013-03-15 00:00:00', 4, 0),
(1859, '康师傅方便面（桶装）', '2013-03-15 00:00:00', 17, 0),
(1860, '唐记锅巴', '2013-03-15 00:00:00', 7, 0),
(1861, '上帝家园紫薯条', '2013-03-15 00:00:00', 7, 0),
(1862, '半边梅', '2013-03-15 00:00:00', 5, 0),
(1863, 'MM豆', '2013-03-15 00:00:00', 2, 0),
(1864, '雪莲果', '2013-03-15 00:00:00', 11, 0),
(1865, '柚子', '2013-03-15 00:00:00', 8, 0),
(1866, '康师傅3+2苏打夹心饼干', '2013-03-15 00:00:00', 10, 0),
(1867, '猕猴桃（个）', '2013-03-15 00:00:00', 13, 0),
(1868, '新希望袋装酸奶', '2013-03-15 00:00:00', 7, 0),
(1869, '有友泡椒猪皮', '2013-03-15 00:00:00', 2, 0),
(1870, '双汇玉米热狗', '2013-03-15 00:00:00', 4, 0),
(1871, '青瑅', '2013-03-15 00:00:00', 7, 0),
(1872, '趣多多巧克力味曲奇饼干', '2013-03-15 00:00:00', 8, 0),
(1873, '话梅', '2013-03-15 00:00:00', 5, 0),
(1874, '新希望纯牛奶', '2013-03-15 00:00:00', 11, 0),
(1875, '真知棒', '2013-03-15 00:00:00', 2, 0),
(1876, '美丽心情', '2013-03-15 00:00:00', 2, 0),
(1877, '春日里的野餐', '2013-03-15 00:00:00', 4, 0),
(1878, '南方黑芝麻糊', '2013-03-15 00:00:00', 6, 0),
(1879, '扑面田园风', '2013-03-15 00:00:00', 2, 0),
(1880, '脐橙（个）', '2013-03-15 00:00:00', 11, 0),
(1881, '火龙果', '2013-03-15 00:00:00', 10, 0),
(1882, '徐福记草莓酥', '2013-03-15 00:00:00', 6, 0),
(1883, '康师傅干拌面', '2013-03-15 00:00:00', 9, 0),
(1884, '新希望成都老酸奶', '2013-03-15 00:00:00', 11, 0),
(1885, '猫哆哩酸角果派', '2013-03-15 00:00:00', 7, 0),
(1886, '枣想你阿胶枣', '2013-03-15 00:00:00', 5, 0),
(1887, '统一阿萨姆奶茶', '2013-03-15 00:00:00', 6, 0),
(1888, '麻辣萝卜干', '2013-03-15 00:00:00', 5, 0),
(1889, '阿尔卑斯硬糖', '2013-03-15 00:00:00', 2, 0),
(1890, '达利园法式软面包（小包）', '2013-03-15 00:00:00', 5, 0),
(1891, '太平梳打饼干', '2013-03-15 00:00:00', 5, 0),
(1892, '达利园派（小包）', '2013-03-15 00:00:00', 9, 0),
(1893, '小金桔（斤）', '2013-03-15 00:00:00', 11, 0),
(1894, '乌梅', '2013-03-15 00:00:00', 3, 0),
(1895, '圣女果脯', '2013-03-15 00:00:00', 3, 0),
(1896, '靖淞源新疆葡萄干', '2013-03-15 00:00:00', 4, 0),
(1897, '旺宝大杏仁', '2013-03-15 00:00:00', 9, 0),
(1898, '松子', '2013-03-15 00:00:00', 2, 0),
(1899, '雀巢脆脆鲨', '2013-03-15 00:00:00', 2, 0),
(1900, '旺旺小小酥', '2013-03-15 00:00:00', 5, 0),
(1901, '达利园瑞士卷（小包）', '2013-03-15 00:00:00', 1, 0),
(1902, '徐福记包馅酥', '2013-03-15 00:00:00', 1, 0),
(1903, '旺仔QQ糖', '2013-03-15 00:00:00', 5, 0),
(1904, '德芙丝滑牛奶巧克力 ', '2013-03-15 00:00:00', 1, 0),
(1905, '有友泡椒花生', '2013-03-15 00:00:00', 3, 0),
(1906, '香辣金针菇', '2013-03-15 00:00:00', 2, 0),
(1907, '棒棒娃牛肉粒', '2013-03-15 00:00:00', 2, 0),
(1908, '大白兔奶糖', '2013-03-15 00:00:00', 1, 0),
(1909, '怡口莲巧克力风味夹心牛奶糖', '2013-03-15 00:00:00', 1, 0),
(1910, '绿箭口香糖', '2013-03-15 00:00:00', 1, 0),
(1911, '西麦燕麦片', '2013-03-15 00:00:00', 1, 0),
(1912, '香飘飘奶茶', '2013-03-15 00:00:00', 3, 0),
(1913, '美汁源果粒橙', '2013-03-15 00:00:00', 1, 0),
(1914, '加多宝', '2013-03-15 00:00:00', 2, 0),
(1915, '雀巢全脂奶粉', '2013-03-15 00:00:00', 1, 0),
(1916, '卡夫果珍', '2013-03-15 00:00:00', 1, 0),
(1917, '维他型豆奶粉', '2013-03-15 00:00:00', 4, 0),
(1918, '伊利优酸乳', '2013-03-15 00:00:00', 3, 0),
(1919, '原浆核桃花生乳', '2013-03-15 00:00:00', 1, 0),
(1920, 'V美五仁露', '2013-03-15 00:00:00', 2, 0),
(1921, '蒙牛真果粒', '2013-03-15 00:00:00', 1, 0),
(1922, 'V美果蔬乳酸菌饮品', '2013-03-15 00:00:00', 1, 0),
(1923, '满满都是爱', '2013-03-15 00:00:00', 1, 0),
(1924, '香甜午后', '2013-03-15 00:00:00', 1, 0),
(1925, '休闲时刻', '2013-03-15 00:00:00', 2, 0),
(1926, '健康生活', '2013-03-15 00:00:00', 2, 0),
(1927, '嘴巴的小假期', '2013-03-15 00:00:00', 1, 0),
(1928, '伊利纯牛奶', '2013-03-15 00:00:00', 2, 0),
(1929, '百世兴酒鬼花生', '2013-03-15 00:00:00', 1, 0),
(1930, '恰恰香瓜子', '2013-03-15 00:00:00', 1, 0),
(1931, '旺宝开心果', '2013-03-15 00:00:00', 1, 0),
(1932, '椪柑（个）', '2013-03-15 00:00:00', 1, 0),
(1933, '甘草瓜子', '2013-03-15 00:00:00', 1, 0),
(1934, '沙糖桔（斤）', '2013-03-15 00:00:00', 1, 0),
(1935, '核桃', '2013-03-15 00:00:00', 1, 0),
(1936, '旺旺挑逗', '2013-03-15 00:00:00', 1, 0),
(1937, '口水娃青豆', '2013-03-15 00:00:00', 2, 0),
(1938, '火龙果（碗装）', '2013-03-15 00:00:00', 2, 0),
(1939, '日清泡面', '2013-03-16 00:00:00', 18, 0),
(1940, '小芒果', '2013-03-16 00:00:00', 28, 0),
(1941, '麻辣豇豆', '2013-03-16 00:00:00', 9, 0),
(1942, '草莓（斤）', '2013-03-16 00:00:00', 8, 0),
(1943, '盐水菠萝', '2013-03-16 00:00:00', 29, 0),
(1944, '果肉荟', '2013-03-16 00:00:00', 13, 0),
(1945, '哈密瓜', '2013-03-16 00:00:00', 15, 0),
(1946, '红富士苹果（个）', '2013-03-16 00:00:00', 22, 0),
(1947, '皇冠梨（个）', '2013-03-16 00:00:00', 7, 0),
(1948, '椪柑（个）', '2013-03-16 00:00:00', 1, 0),
(1949, '猕猴桃（个）', '2013-03-16 00:00:00', 18, 0),
(1950, '香蕉（根）', '2013-03-16 00:00:00', 37, 0),
(1951, '枣想你阿胶枣', '2013-03-16 00:00:00', 4, 0),
(1952, '青瑅', '2013-03-16 00:00:00', 1, 0),
(1953, '香甜午后', '2013-03-16 00:00:00', 6, 0),
(1954, '旺宝大杏仁', '2013-03-16 00:00:00', 3, 0),
(1955, '靖淞源新疆葡萄干', '2013-03-16 00:00:00', 3, 0),
(1956, '旺宝开心果', '2013-03-16 00:00:00', 1, 0),
(1957, '果町屋椰果布丁', '2013-03-16 00:00:00', 9, 0),
(1958, '有友泡椒花生', '2013-03-16 00:00:00', 5, 0),
(1959, '波力海苔 ', '2013-03-16 00:00:00', 2, 0),
(1960, '西瓜（碗）', '2013-03-16 00:00:00', 23, 0),
(1961, '口水娃青豆', '2013-03-16 00:00:00', 1, 0),
(1962, '好巴食麻辣豆腐干', '2013-03-16 00:00:00', 5, 0),
(1963, '小金桔（斤）', '2013-03-16 00:00:00', 8, 0),
(1964, '桑葚（大盒）', '2013-03-16 00:00:00', 2, 0),
(1965, '雪莲果', '2013-03-16 00:00:00', 4, 0),
(1966, '南方黑芝麻糊', '2013-03-16 00:00:00', 3, 0),
(1967, '柠檬', '2013-03-16 00:00:00', 4, 0),
(1968, '康师傅干拌面', '2013-03-16 00:00:00', 10, 0),
(1969, '新希望纯牛奶', '2013-03-16 00:00:00', 6, 0),
(1970, '原浆核桃花生乳', '2013-03-16 00:00:00', 4, 0),
(1971, '新希望袋装酸奶', '2013-03-16 00:00:00', 9, 0),
(1972, '蒙牛真果粒', '2013-03-16 00:00:00', 4, 0),
(1973, 'V美果蔬乳酸菌饮品', '2013-03-16 00:00:00', 2, 0),
(1974, 'V美五仁露', '2013-03-16 00:00:00', 2, 0),
(1975, '伊利优酸乳', '2013-03-16 00:00:00', 3, 0),
(1976, '新希望杯装酸奶', '2013-03-16 00:00:00', 9, 0),
(1977, '新希望成都老酸奶', '2013-03-16 00:00:00', 8, 0),
(1978, '龙眼（斤）', '2013-03-16 00:00:00', 6, 0),
(1979, '饭扫光', '2013-03-16 00:00:00', 9, 0),
(1980, '鱼泉榨菜', '2013-03-16 00:00:00', 3, 0),
(1981, '老干妈风味豆豉', '2013-03-16 00:00:00', 2, 0),
(1982, '得益绿色方便米饭', '2013-03-16 00:00:00', 11, 0),
(1983, '有友泡椒凤爪', '2013-03-16 00:00:00', 8, 0),
(1984, '黄瓜', '2013-03-16 00:00:00', 7, 0),
(1985, '棒棒娃手撕牛肉', '2013-03-16 00:00:00', 2, 0),
(1986, '双汇香辣香脆肠', '2013-03-16 00:00:00', 15, 0),
(1987, '休闲时刻', '2013-03-16 00:00:00', 6, 0),
(1988, '乐事薯片', '2013-03-16 00:00:00', 18, 0),
(1989, '康师傅3+2苏打夹心饼干', '2013-03-16 00:00:00', 11, 0),
(1990, '火龙果（碗装）', '2013-03-16 00:00:00', 9, 0),
(1991, '旺旺小小酥', '2013-03-16 00:00:00', 5, 0),
(1992, '奥利奥夹心饼干', '2013-03-16 00:00:00', 4, 0),
(1993, '雀巢咖啡（瓶装）', '2013-03-16 00:00:00', 5, 0),
(1994, '什锦大果篮', '2013-03-16 00:00:00', 3, 0),
(1995, '成都记忆瓶装酸奶（可退瓶）', '2013-03-16 00:00:00', 19, 0),
(1996, '统一阿萨姆奶茶', '2013-03-16 00:00:00', 4, 0),
(1997, '脐橙（个）', '2013-03-16 00:00:00', 17, 0),
(1998, '康师傅方便面（桶装）', '2013-03-16 00:00:00', 17, 0),
(1999, '乡吧佬卤蛋', '2013-03-16 00:00:00', 7, 0),
(2000, '大白兔奶糖', '2013-03-16 00:00:00', 4, 0),
(2001, '半边梅', '2013-03-16 00:00:00', 4, 0),
(2002, '德芙丝滑牛奶巧克力 ', '2013-03-16 00:00:00', 2, 0),
(2003, '百世兴酒鬼花生', '2013-03-16 00:00:00', 1, 0),
(2004, '百事可乐', '2013-03-16 00:00:00', 11, 0),
(2005, '嘴巴的小假期', '2013-03-16 00:00:00', 1, 0),
(2006, '春日里的野餐', '2013-03-16 00:00:00', 3, 0),
(2007, '西麦燕麦片', '2013-03-16 00:00:00', 5, 0),
(2008, '雀巢咖啡粉', '2013-03-16 00:00:00', 2, 0),
(2009, '旺仔QQ糖', '2013-03-16 00:00:00', 6, 0),
(2010, '绿箭口香糖', '2013-03-16 00:00:00', 1, 0),
(2011, '松子', '2013-03-16 00:00:00', 2, 0),
(2012, '趣多多巧克力味曲奇饼干', '2013-03-16 00:00:00', 3, 0),
(2013, '话梅', '2013-03-16 00:00:00', 2, 0),
(2014, '上帝家园紫薯条', '2013-03-16 00:00:00', 6, 0),
(2015, '美汁源果粒橙', '2013-03-16 00:00:00', 6, 0),
(2016, '徐福记草莓酥', '2013-03-16 00:00:00', 3, 0),
(2017, '康师傅茉莉清茶', '2013-03-16 00:00:00', 3, 0),
(2018, '雪花勇闯天涯（罐装）', '2013-03-16 00:00:00', 2, 0),
(2019, '双汇玉米热狗', '2013-03-16 00:00:00', 8, 0),
(2020, '双汇泡椒风味肠', '2013-03-16 00:00:00', 4, 0),
(2021, '麻辣萝卜干', '2013-03-16 00:00:00', 3, 0),
(2022, '圣女果脯', '2013-03-16 00:00:00', 1, 0),
(2023, '香辣金针菇', '2013-03-16 00:00:00', 5, 0),
(2024, '雪碧', '2013-03-16 00:00:00', 5, 0),
(2025, '甘草瓜子', '2013-03-16 00:00:00', 1, 0),
(2026, '圣女果（斤）', '2013-03-16 00:00:00', 15, 0),
(2027, '雀巢脆脆鲨', '2013-03-16 00:00:00', 6, 0),
(2028, '麻辣海带丝', '2013-03-16 00:00:00', 2, 0),
(2029, '卡夫果珍', '2013-03-16 00:00:00', 1, 0),
(2030, '青岛纯生', '2013-03-16 00:00:00', 11, 0),
(2031, '口水族烤鱿鱼丝', '2013-03-16 00:00:00', 4, 0),
(2032, '太平梳打饼干', '2013-03-16 00:00:00', 4, 0),
(2033, '达利园派（小包）', '2013-03-16 00:00:00', 5, 0),
(2034, 'MM豆', '2013-03-16 00:00:00', 5, 0),
(2035, '唐记锅巴', '2013-03-16 00:00:00', 3, 0),
(2036, '达利园法式软面包（小包）', '2013-03-16 00:00:00', 2, 0),
(2037, '猫哆哩酸角果派', '2013-03-16 00:00:00', 1, 0),
(2038, '柚子', '2013-03-16 00:00:00', 4, 0),
(2039, '米老头雪花煎卷（大包）', '2013-03-16 00:00:00', 4, 0),
(2040, '木瓜', '2013-03-16 00:00:00', 4, 0),
(2041, '大果粒（雪梨+菠萝）', '2013-03-16 00:00:00', 7, 0),
(2042, '徐福记沙琪玛（小包）', '2013-03-16 00:00:00', 1, 0),
(2043, '维他型豆奶粉', '2013-03-16 00:00:00', 1, 0),
(2044, '旺旺大米饼', '2013-03-16 00:00:00', 2, 0),
(2045, '满满都是爱', '2013-03-16 00:00:00', 2, 0),
(2046, '银鹭八宝粥罐头', '2013-03-16 00:00:00', 3, 0),
(2047, '口水族香辣黄花鱼', '2013-03-16 00:00:00', 8, 0),
(2048, '棒棒娃牛肉粒', '2013-03-16 00:00:00', 2, 0),
(2049, '扑面田园风', '2013-03-16 00:00:00', 2, 0),
(2050, '有友泡椒猪皮', '2013-03-16 00:00:00', 2, 0),
(2051, '喜之郎什锦果肉果冻布丁', '2013-03-16 00:00:00', 2, 0),
(2052, '葡萄', '2013-03-16 00:00:00', 5, 0),
(2053, '阿尔卑斯硬糖', '2013-03-16 00:00:00', 2, 0),
(2054, '西瓜（碗）', '2013-03-17 00:00:00', 26, 0),
(2055, '新希望成都老酸奶', '2013-03-17 00:00:00', 17, 0),
(2056, '火龙果（碗装）', '2013-03-17 00:00:00', 13, 0),
(2057, '恰恰香瓜子', '2013-03-17 00:00:00', 3, 0),
(2058, '什锦大果篮', '2013-03-17 00:00:00', 13, 0),
(2059, '盐水菠萝', '2013-03-17 00:00:00', 46, 0),
(2060, '香蕉（根）', '2013-03-17 00:00:00', 27, 0),
(2061, '麻辣海带丝', '2013-03-17 00:00:00', 4, 0),
(2062, '麻辣豇豆', '2013-03-17 00:00:00', 15, 0),
(2063, '桑葚（大盒）', '2013-03-17 00:00:00', 3, 0),
(2064, '康师傅干拌面', '2013-03-17 00:00:00', 13, 0),
(2065, '雀巢脆脆鲨', '2013-03-17 00:00:00', 3, 0),
(2066, '雪莲果', '2013-03-17 00:00:00', 4, 0),
(2067, '奥利奥夹心饼干', '2013-03-17 00:00:00', 13, 0),
(2068, '猕猴桃（个）', '2013-03-17 00:00:00', 47, 0),
(2069, '哈密瓜', '2013-03-17 00:00:00', 16, 0),
(2070, '双汇泡椒风味肠', '2013-03-17 00:00:00', 6, 0),
(2071, '双汇玉米热狗', '2013-03-17 00:00:00', 5, 0),
(2072, '康师傅方便面（桶装）', '2013-03-17 00:00:00', 19, 0),
(2073, '日清泡面', '2013-03-17 00:00:00', 38, 0),
(2074, '有友泡椒凤爪', '2013-03-17 00:00:00', 17, 0),
(2075, '小芒果', '2013-03-17 00:00:00', 30, 0),
(2076, '乐事薯片', '2013-03-17 00:00:00', 18, 0),
(2077, '雀巢咖啡粉', '2013-03-17 00:00:00', 12, 0),
(2078, '德芙丝滑牛奶巧克力 ', '2013-03-17 00:00:00', 7, 0),
(2079, '大果粒（雪梨+菠萝）', '2013-03-17 00:00:00', 7, 0),
(2080, '统一阿萨姆奶茶', '2013-03-17 00:00:00', 7, 0),
(2081, '枣想你阿胶枣', '2013-03-17 00:00:00', 7, 0),
(2082, '口水族烤鱿鱼丝', '2013-03-17 00:00:00', 9, 0),
(2083, '猫哆哩酸角果派', '2013-03-17 00:00:00', 12, 0),
(2084, '果町屋椰果布丁', '2013-03-17 00:00:00', 20, 0),
(2085, '口水族香辣黄花鱼', '2013-03-17 00:00:00', 8, 0),
(2086, '好巴食麻辣豆腐干', '2013-03-17 00:00:00', 9, 0),
(2087, '得益绿色方便米饭', '2013-03-17 00:00:00', 9, 0),
(2088, '雀巢咖啡（瓶装）', '2013-03-17 00:00:00', 6, 0),
(2089, '徐福记草莓酥', '2013-03-17 00:00:00', 5, 0),
(2090, '双汇香辣香脆肠', '2013-03-17 00:00:00', 7, 0),
(2091, '新希望杯装酸奶', '2013-03-17 00:00:00', 8, 0),
(2092, '南方黑芝麻糊', '2013-03-17 00:00:00', 8, 0),
(2093, '达利园派（小包）', '2013-03-17 00:00:00', 6, 0),
(2094, '康师傅3+2苏打夹心饼干', '2013-03-17 00:00:00', 7, 0),
(2095, '太平梳打饼干', '2013-03-17 00:00:00', 5, 0),
(2096, '达利园法式软面包（小包）', '2013-03-17 00:00:00', 5, 0),
(2097, '新希望袋装酸奶', '2013-03-17 00:00:00', 13, 0),
(2098, '青岛纯生', '2013-03-17 00:00:00', 9, 0),
(2099, '趣多多巧克力味曲奇饼干', '2013-03-17 00:00:00', 13, 0),
(2100, '成都记忆瓶装酸奶（可退瓶）', '2013-03-17 00:00:00', 22, 0),
(2101, '柠檬', '2013-03-17 00:00:00', 18, 0),
(2102, '果肉荟', '2013-03-17 00:00:00', 26, 0),
(2103, '银鹭八宝粥罐头', '2013-03-17 00:00:00', 4, 0),
(2104, '青瑅', '2013-03-17 00:00:00', 2, 0),
(2105, '波力海苔 ', '2013-03-17 00:00:00', 4, 0),
(2106, '旺旺小小酥', '2013-03-17 00:00:00', 10, 0),
(2107, '脐橙（个）', '2013-03-17 00:00:00', 11, 0),
(2108, '葡萄', '2013-03-17 00:00:00', 2, 0),
(2109, '柚子', '2013-03-17 00:00:00', 9, 0),
(2110, '雪花勇闯天涯（罐装）', '2013-03-17 00:00:00', 5, 0),
(2111, '嘴巴的小假期', '2013-03-17 00:00:00', 3, 0),
(2112, '小金桔（斤）', '2013-03-17 00:00:00', 14, 0),
(2113, '圣女果（斤）', '2013-03-17 00:00:00', 10, 0),
(2114, '唐记锅巴', '2013-03-17 00:00:00', 4, 0),
(2115, '米老头雪花煎卷（大包）', '2013-03-17 00:00:00', 5, 0),
(2116, '话梅', '2013-03-17 00:00:00', 3, 0),
(2117, '红富士苹果（个）', '2013-03-17 00:00:00', 23, 0),
(2118, '木瓜', '2013-03-17 00:00:00', 14, 0),
(2119, '龙眼（斤）', '2013-03-17 00:00:00', 9, 0),
(2120, '徐福记沙琪玛（小包）', '2013-03-17 00:00:00', 5, 0),
(2121, '达利园瑞士卷（小包）', '2013-03-17 00:00:00', 3, 0),
(2122, '皇冠梨（个）', '2013-03-17 00:00:00', 9, 0),
(2123, '新希望纯牛奶', '2013-03-17 00:00:00', 8, 0),
(2124, '蒙牛真果粒', '2013-03-17 00:00:00', 3, 0),
(2125, '香飘飘奶茶', '2013-03-17 00:00:00', 3, 0),
(2126, '百事可乐', '2013-03-17 00:00:00', 5, 0),
(2127, '康师傅茉莉清茶', '2013-03-17 00:00:00', 5, 0),
(2128, '雪碧', '2013-03-17 00:00:00', 6, 0),
(2129, '美汁源果粒橙', '2013-03-17 00:00:00', 4, 0),
(2130, '草莓（斤）', '2013-03-17 00:00:00', 14, 0),
(2131, '西麦燕麦片', '2013-03-17 00:00:00', 4, 0),
(2132, '上帝家园紫薯条', '2013-03-17 00:00:00', 7, 0),
(2133, '加多宝', '2013-03-17 00:00:00', 5, 0),
(2134, '雀巢全脂奶粉', '2013-03-17 00:00:00', 3, 0),
(2135, '维他型豆奶粉', '2013-03-17 00:00:00', 2, 0),
(2136, '卡夫果珍', '2013-03-17 00:00:00', 4, 0),
(2137, '伊利优酸乳', '2013-03-17 00:00:00', 6, 0),
(2138, '原浆核桃花生乳', '2013-03-17 00:00:00', 2, 0),
(2139, 'V美五仁露', '2013-03-17 00:00:00', 3, 0),
(2140, 'V美果蔬乳酸菌饮品', '2013-03-17 00:00:00', 2, 0),
(2141, '靖淞源新疆葡萄干', '2013-03-17 00:00:00', 6, 0),
(2142, '喜之郎什锦果肉果冻布丁', '2013-03-17 00:00:00', 4, 0),
(2143, '沙糖桔（斤）', '2013-03-17 00:00:00', 1, 0),
(2144, '旺仔QQ糖', '2013-03-17 00:00:00', 6, 0),
(2145, '旺宝大杏仁', '2013-03-17 00:00:00', 10, 0),
(2146, '核桃', '2013-03-17 00:00:00', 1, 0),
(2147, '休闲时刻', '2013-03-17 00:00:00', 7, 0),
(2148, '旺旺大米饼', '2013-03-17 00:00:00', 8, 0),
(2149, '大白兔奶糖', '2013-03-17 00:00:00', 5, 0),
(2150, '怡口莲巧克力风味夹心牛奶糖', '2013-03-17 00:00:00', 4, 0),
(2151, '真知棒', '2013-03-17 00:00:00', 4, 0),
(2152, '棒棒娃手撕牛肉', '2013-03-17 00:00:00', 5, 0),
(2153, '饭扫光', '2013-03-17 00:00:00', 2, 0),
(2154, '乡吧佬卤蛋', '2013-03-17 00:00:00', 8, 0),
(2155, '鱼泉榨菜', '2013-03-17 00:00:00', 1, 0),
(2156, '有友泡椒花生', '2013-03-17 00:00:00', 3, 0),
(2157, '棒棒娃牛肉粒', '2013-03-17 00:00:00', 3, 0),
(2158, '黄瓜', '2013-03-17 00:00:00', 6, 0),
(2159, '乌梅', '2013-03-17 00:00:00', 2, 0),
(2160, '百世兴酒鬼花生', '2013-03-17 00:00:00', 3, 0),
(2161, '伊利纯牛奶', '2013-03-17 00:00:00', 1, 0),
(2162, '半边梅', '2013-03-17 00:00:00', 4, 0),
(2163, '椪柑（个）', '2013-03-17 00:00:00', 1, 0),
(2164, '阿尔卑斯硬糖', '2013-03-17 00:00:00', 1, 0),
(2165, 'MM豆', '2013-03-17 00:00:00', 5, 0),
(2166, '麻辣萝卜干', '2013-03-17 00:00:00', 3, 0),
(2167, '有友泡椒猪皮', '2013-03-17 00:00:00', 6, 0),
(2168, '香辣金针菇', '2013-03-17 00:00:00', 9, 0),
(2169, '旺宝开心果', '2013-03-17 00:00:00', 4, 0),
(2170, '徐福记包馅酥', '2013-03-17 00:00:00', 4, 0),
(2171, '松子', '2013-03-17 00:00:00', 2, 0),
(2172, '圣女果脯', '2013-03-17 00:00:00', 1, 0),
(2173, '香甜午后', '2013-03-17 00:00:00', 1, 0),
(2174, '满满都是爱', '2013-03-17 00:00:00', 1, 0),
(2175, '春日里的野餐', '2013-03-17 00:00:00', 1, 0),
(2176, '美丽心情', '2013-03-17 00:00:00', 1, 0),
(2177, '口水娃青豆', '2013-03-17 00:00:00', 2, 0),
(2178, '旺旺挑逗', '2013-03-17 00:00:00', 1, 0),
(2179, '哈密瓜（碗）', '2013-03-17 00:00:00', 2, 0),
(2180, '火龙果（碗）', '2013-03-17 00:00:00', 1, 0),
(2181, '乡吧佬卤蛋', '2013-03-18 00:00:00', 31, 0),
(2182, '红富士苹果（个）', '2013-03-18 00:00:00', 16, 0),
(2183, '圣女果（斤）', '2013-03-18 00:00:00', 28, 0),
(2184, '原浆核桃花生乳', '2013-03-18 00:00:00', 4, 0),
(2185, '靖淞源新疆葡萄干', '2013-03-18 00:00:00', 15, 0),
(2186, '成都记忆瓶装酸奶（可退瓶）', '2013-03-18 00:00:00', 116, 0),
(2187, '口水族香辣黄花鱼', '2013-03-18 00:00:00', 27, 0),
(2188, '西瓜（碗）', '2013-03-18 00:00:00', 23, 0),
(2189, '果町屋椰果布丁', '2013-03-18 00:00:00', 23, 0),
(2190, '百世兴酒鬼花生', '2013-03-18 00:00:00', 5, 0),
(2191, '盐水菠萝', '2013-03-18 00:00:00', 5, 0),
(2192, '新希望袋装酸奶', '2013-03-18 00:00:00', 17, 0),
(2193, '得益绿色方便米饭', '2013-03-18 00:00:00', 29, 0),
(2194, '休闲时刻', '2013-03-18 00:00:00', 14, 0),
(2195, '蒙牛真果粒', '2013-03-18 00:00:00', 5, 0),
(2196, 'MM豆', '2013-03-18 00:00:00', 4, 0),
(2197, '新希望纯牛奶', '2013-03-18 00:00:00', 5, 0),
(2198, '旺旺小小酥', '2013-03-18 00:00:00', 11, 0),
(2199, '徐福记草莓酥', '2013-03-18 00:00:00', 9, 0),
(2200, '葡萄', '2013-03-18 00:00:00', 2, 0),
(2201, '双汇玉米热狗', '2013-03-18 00:00:00', 14, 0),
(2202, '双汇香辣香脆肠', '2013-03-18 00:00:00', 28, 0),
(2203, '真知棒', '2013-03-18 00:00:00', 4, 0),
(2204, '喜之郎什锦果肉果冻布丁', '2013-03-18 00:00:00', 10, 0),
(2205, '枣想你阿胶枣', '2013-03-18 00:00:00', 4, 0),
(2206, '好巴食麻辣豆腐干', '2013-03-18 00:00:00', 16, 0),
(2207, '康师傅干拌面', '2013-03-18 00:00:00', 29, 0),
(2208, '雀巢咖啡（瓶装）', '2013-03-18 00:00:00', 10, 0),
(2209, '麻辣豇豆', '2013-03-18 00:00:00', 23, 0),
(2210, '新希望杯装酸奶', '2013-03-18 00:00:00', 241, 0),
(2211, '南方黑芝麻糊', '2013-03-18 00:00:00', 11, 0),
(2212, '奥利奥夹心饼干', '2013-03-18 00:00:00', 28, 0),
(2213, '达利园派（小包）', '2013-03-18 00:00:00', 4, 0),
(2214, '康师傅3+2苏打夹心饼干', '2013-03-18 00:00:00', 31, 0),
(2215, '太平梳打饼干', '2013-03-18 00:00:00', 10, 0),
(2216, '达利园法式软面包（小包）', '2013-03-18 00:00:00', 11, 0),
(2217, '青岛纯生', '2013-03-18 00:00:00', 17, 0),
(2218, '乐事薯片', '2013-03-18 00:00:00', 70, 0),
(2219, '趣多多巧克力味曲奇饼干', '2013-03-18 00:00:00', 21, 0),
(2220, '康师傅方便面（桶装）', '2013-03-18 00:00:00', 46, 0),
(2221, '大果粒（雪梨+菠萝）', '2013-03-18 00:00:00', 12, 0),
(2222, '日清泡面', '2013-03-18 00:00:00', 83, 0),
(2223, '双汇泡椒风味肠', '2013-03-18 00:00:00', 21, 0),
(2224, '口水族烤鱿鱼丝', '2013-03-18 00:00:00', 13, 0),
(2225, '统一阿萨姆奶茶', '2013-03-18 00:00:00', 13, 0),
(2226, '有友泡椒凤爪', '2013-03-18 00:00:00', 44, 0),
(2227, '猫哆哩酸角果派', '2013-03-18 00:00:00', 9, 0),
(2228, '新希望成都老酸奶', '2013-03-18 00:00:00', 28, 0),
(2229, '哈密瓜（碗）', '2013-03-18 00:00:00', 23, 0),
(2230, '小芒果', '2013-03-18 00:00:00', 2, 0),
(2231, '柠檬', '2013-03-18 00:00:00', 47, 0),
(2232, '火龙果（碗）', '2013-03-18 00:00:00', 3, 0),
(2233, '果肉荟', '2013-03-18 00:00:00', 42, 0),
(2234, '猕猴桃（个）', '2013-03-18 00:00:00', 21, 0),
(2235, '香辣金针菇', '2013-03-18 00:00:00', 14, 0),
(2236, '徐福记包馅酥', '2013-03-18 00:00:00', 11, 0),
(2237, '雪莲果', '2013-03-18 00:00:00', 19, 0),
(2238, '青瑅', '2013-03-18 00:00:00', 1, 0),
(2239, '什锦大果篮', '2013-03-18 00:00:00', 18, 0),
(2240, '美丽心情', '2013-03-18 00:00:00', 5, 0),
(2241, '健康生活', '2013-03-18 00:00:00', 5, 0),
(2242, '雀巢全脂奶粉', '2013-03-18 00:00:00', 5, 0),
(2243, '木瓜', '2013-03-18 00:00:00', 20, 0),
(2244, '草莓（斤）', '2013-03-18 00:00:00', 3, 0),
(2245, '皇冠梨（个）', '2013-03-18 00:00:00', 3, 0),
(2246, '柚子', '2013-03-18 00:00:00', 18, 0),
(2247, '米老头雪花煎卷（大包）', '2013-03-18 00:00:00', 10, 0),
(2248, '旺宝大杏仁', '2013-03-18 00:00:00', 10, 0),
(2249, '有友泡椒花生', '2013-03-18 00:00:00', 5, 0),
(2250, '满满都是爱', '2013-03-18 00:00:00', 10, 0),
(2251, '核桃', '2013-03-18 00:00:00', 1, 0),
(2252, '沙糖桔（斤）', '2013-03-18 00:00:00', 3, 0),
(2253, '西麦燕麦片', '2013-03-18 00:00:00', 6, 0),
(2254, '麻辣萝卜干', '2013-03-18 00:00:00', 9, 0),
(2255, '恰恰香瓜子', '2013-03-18 00:00:00', 5, 0),
(2256, '棒棒娃手撕牛肉', '2013-03-18 00:00:00', 8, 0),
(2257, '雪花勇闯天涯（罐装）', '2013-03-18 00:00:00', 7, 0),
(2258, '康师傅茉莉清茶', '2013-03-18 00:00:00', 2, 0),
(2259, '乌梅', '2013-03-18 00:00:00', 3, 0),
(2260, '雀巢咖啡粉', '2013-03-18 00:00:00', 7, 0),
(2261, '半边梅', '2013-03-18 00:00:00', 14, 0),
(2262, '龙眼（斤）', '2013-03-18 00:00:00', 8, 0),
(2263, '小金桔（斤）', '2013-03-18 00:00:00', 24, 0),
(2264, '香蕉（根）', '2013-03-18 00:00:00', 22, 0),
(2265, '脐橙（个）', '2013-03-18 00:00:00', 10, 0),
(2266, '黄瓜', '2013-03-18 00:00:00', 4, 0),
(2267, '上帝家园紫薯条', '2013-03-18 00:00:00', 14, 0),
(2268, '圣女果脯', '2013-03-18 00:00:00', 3, 0),
(2269, '话梅', '2013-03-18 00:00:00', 6, 0),
(2270, '口水娃青豆', '2013-03-18 00:00:00', 13, 0),
(2271, '旺宝开心果', '2013-03-18 00:00:00', 8, 0),
(2272, '松子', '2013-03-18 00:00:00', 1, 0),
(2273, '旺旺挑逗', '2013-03-18 00:00:00', 3, 0),
(2274, '雀巢脆脆鲨', '2013-03-18 00:00:00', 10, 0),
(2275, '达利园瑞士卷（小包）', '2013-03-18 00:00:00', 7, 0),
(2276, '徐福记沙琪玛（小包）', '2013-03-18 00:00:00', 3, 0),
(2277, '旺仔QQ糖', '2013-03-18 00:00:00', 3, 0),
(2278, '有友泡椒猪皮', '2013-03-18 00:00:00', 14, 0),
(2279, '德芙丝滑牛奶巧克力 ', '2013-03-18 00:00:00', 9, 0),
(2280, '棒棒娃牛肉粒', '2013-03-18 00:00:00', 2, 0),
(2281, '波力海苔 ', '2013-03-18 00:00:00', 7, 0),
(2282, '麻辣海带丝', '2013-03-18 00:00:00', 10, 0),
(2283, '大白兔奶糖', '2013-03-18 00:00:00', 6, 0),
(2284, '怡口莲巧克力风味夹心牛奶糖', '2013-03-18 00:00:00', 2, 0),
(2285, '阿尔卑斯硬糖', '2013-03-18 00:00:00', 4, 0),
(2286, '绿箭口香糖', '2013-03-18 00:00:00', 5, 0),
(2287, '饭扫光', '2013-03-18 00:00:00', 5, 0),
(2288, '鱼泉榨菜', '2013-03-18 00:00:00', 3, 0),
(2289, '老干妈风味豆豉', '2013-03-18 00:00:00', 6, 0),
(2290, '旺旺大米饼', '2013-03-18 00:00:00', 10, 0),
(2291, '盐水菠萝（碗装）', '2013-03-18 00:00:00', 18, 0),
(2292, '草莓（碗）', '2013-03-18 00:00:00', 95, 0),
(2293, '火龙果', '2013-03-18 00:00:00', 46, 0),
(2294, '雪碧', '2013-03-18 00:00:00', 12, 0),
(2295, '芒果', '2013-03-18 00:00:00', 50, 0),
(2296, '香甜午后', '2013-03-18 00:00:00', 9, 0),
(2297, '春日里的野餐', '2013-03-18 00:00:00', 7, 0),
(2298, '美汁源果粒橙', '2013-03-18 00:00:00', 3, 0),
(2299, '百事可乐', '2013-03-18 00:00:00', 11, 0),
(2300, '桑葚（大盒）', '2013-03-18 00:00:00', 3, 0),
(2301, '扑面田园风', '2013-03-18 00:00:00', 6, 0),
(2302, '嘴巴的小假期', '2013-03-18 00:00:00', 8, 0),
(2303, '盐水菠萝（碗）', '2013-03-18 00:00:00', 59, 0),
(2304, '唐记锅巴', '2013-03-18 00:00:00', 23, 0),
(2305, '红富士苹果', '2013-03-18 00:00:00', 48, 0),
(2306, '脐橙', '2013-03-18 00:00:00', 24, 0),
(2307, '皇冠梨', '2013-03-18 00:00:00', 15, 0),
(2308, '猕猴桃', '2013-03-18 00:00:00', 33, 0),
(2309, '椪柑（个）', '2013-03-18 00:00:00', 3, 0),
(2310, '香蕉', '2013-03-18 00:00:00', 81, 0),
(2311, '维他型豆奶粉', '2013-03-18 00:00:00', 3, 0),
(2312, '银鹭八宝粥罐头', '2013-03-18 00:00:00', 5, 0),
(2313, '卡夫果珍', '2013-03-18 00:00:00', 2, 0),
(2314, 'V美五仁露', '2013-03-18 00:00:00', 1, 0),
(2315, '伊利优酸乳', '2013-03-18 00:00:00', 2, 0),
(2316, '加多宝', '2013-03-18 00:00:00', 1, 0),
(2317, '香蕉', '2013-03-19 00:00:00', 121, 0),
(2318, '圣女果（斤）', '2013-03-19 00:00:00', 39, 0),
(2319, '红富士苹果', '2013-03-19 00:00:00', 79, 0),
(2320, '德芙丝滑牛奶巧克力 ', '2013-03-19 00:00:00', 10, 0),
(2321, '草莓（碗）', '2013-03-19 00:00:00', 87, 0),
(2322, '柠檬', '2013-03-19 00:00:00', 43, 0),
(2323, '康师傅3+2苏打夹心饼干', '2013-03-19 00:00:00', 17, 0),
(2324, '得益绿色方便米饭', '2013-03-19 00:00:00', 37, 0),
(2325, '桑葚（大盒）', '2013-03-19 00:00:00', 3, 0),
(2326, '银鹭八宝粥罐头', '2013-03-19 00:00:00', 5, 0),
(2327, '乐事薯片', '2013-03-19 00:00:00', 36, 0),
(2328, '南方黑芝麻糊', '2013-03-19 00:00:00', 12, 0),
(2329, '日清泡面', '2013-03-19 00:00:00', 72, 0),
(2330, '盐水菠萝（碗）', '2013-03-19 00:00:00', 87, 0),
(2331, '康师傅方便面（桶装）', '2013-03-19 00:00:00', 74, 0),
(2332, '半边梅', '2013-03-19 00:00:00', 18, 0),
(2333, '新希望杯装酸奶', '2013-03-19 00:00:00', 30, 0),
(2334, '猕猴桃', '2013-03-19 00:00:00', 71, 0),
(2335, '火龙果', '2013-03-19 00:00:00', 43, 0),
(2336, '脐橙', '2013-03-19 00:00:00', 25, 0),
(2337, '西瓜（碗）', '2013-03-19 00:00:00', 16, 0),
(2338, '芒果', '2013-03-19 00:00:00', 58, 0),
(2339, '皇冠梨', '2013-03-19 00:00:00', 21, 0),
(2340, '木瓜', '2013-03-19 00:00:00', 28, 0),
(2341, '雪莲果', '2013-03-19 00:00:00', 46, 0),
(2342, '果肉荟', '2013-03-19 00:00:00', 38, 0),
(2343, '柚子', '2013-03-19 00:00:00', 17, 0),
(2344, '哈密瓜（碗）', '2013-03-19 00:00:00', 35, 0),
(2345, '小金桔（斤）', '2013-03-19 00:00:00', 29, 0),
(2346, '龙眼（斤）', '2013-03-19 00:00:00', 9, 0),
(2347, '趣多多巧克力味曲奇饼干', '2013-03-19 00:00:00', 23, 0),
(2348, '雀巢脆脆鲨', '2013-03-19 00:00:00', 11, 0),
(2349, '旺旺小小酥', '2013-03-19 00:00:00', 16, 0),
(2350, '达利园法式软面包（小包）', '2013-03-19 00:00:00', 9, 0),
(2351, '靖淞源新疆葡萄干', '2013-03-19 00:00:00', 15, 0),
(2352, '旺宝大杏仁', '2013-03-19 00:00:00', 13, 0),
(2353, '旺宝开心果', '2013-03-19 00:00:00', 9, 0),
(2354, '百世兴酒鬼花生', '2013-03-19 00:00:00', 6, 0),
(2355, '乡吧佬卤蛋', '2013-03-19 00:00:00', 47, 0),
(2356, '成都记忆瓶装酸奶（可退瓶）', '2013-03-19 00:00:00', 66, 0),
(2357, '青岛纯生', '2013-03-19 00:00:00', 17, 0),
(2358, '双汇香辣香脆肠', '2013-03-19 00:00:00', 34, 0),
(2359, '康师傅干拌面', '2013-03-19 00:00:00', 42, 0),
(2360, '徐福记包馅酥', '2013-03-19 00:00:00', 18, 0),
(2361, '雀巢咖啡（瓶装）', '2013-03-19 00:00:00', 14, 0),
(2362, '果町屋椰果布丁', '2013-03-19 00:00:00', 29, 0),
(2363, '绿箭口香糖', '2013-03-19 00:00:00', 5, 0),
(2364, '大白兔奶糖', '2013-03-19 00:00:00', 5, 0),
(2365, '百事可乐', '2013-03-19 00:00:00', 9, 0),
(2366, '健康生活', '2013-03-19 00:00:00', 3, 0),
(2367, '唐记锅巴', '2013-03-19 00:00:00', 8, 0),
(2368, '猫哆哩酸角果派', '2013-03-19 00:00:00', 382, 0),
(2369, 'V美果蔬乳酸菌饮品', '2013-03-19 00:00:00', 2, 0),
(2370, '新希望袋装酸奶', '2013-03-19 00:00:00', 10, 0),
(2371, '乌梅', '2013-03-19 00:00:00', 5, 0),
(2372, '什锦大果篮', '2013-03-19 00:00:00', 13, 0),
(2373, '双汇玉米热狗', '2013-03-19 00:00:00', 17, 0),
(2374, '雪花勇闯天涯（罐装）', '2013-03-19 00:00:00', 12, 0),
(2375, '新希望成都老酸奶', '2013-03-19 00:00:00', 23, 0),
(2376, '枣想你阿胶枣', '2013-03-19 00:00:00', 12, 0),
(2377, '圣女果脯', '2013-03-19 00:00:00', 2, 0),
(2378, '老干妈风味豆豉', '2013-03-19 00:00:00', 5, 0),
(2379, '加多宝', '2013-03-19 00:00:00', 1, 0),
(2380, '统一阿萨姆奶茶', '2013-03-19 00:00:00', 7, 0),
(2381, '雪碧', '2013-03-19 00:00:00', 7, 0),
(2382, '美汁源果粒橙', '2013-03-19 00:00:00', 5, 0),
(2383, '香飘飘奶茶', '2013-03-19 00:00:00', 1, 0),
(2384, '卡夫果珍', '2013-03-19 00:00:00', 3, 0),
(2385, '维他型豆奶粉', '2013-03-19 00:00:00', 2, 0),
(2386, '西麦燕麦片', '2013-03-19 00:00:00', 5, 0),
(2387, '大果粒（雪梨+菠萝）', '2013-03-19 00:00:00', 3, 0),
(2388, '青瑅', '2013-03-19 00:00:00', 2, 0),
(2389, '有友泡椒凤爪', '2013-03-19 00:00:00', 31, 0),
(2390, '有友泡椒猪皮', '2013-03-19 00:00:00', 15, 0),
(2391, '香辣金针菇', '2013-03-19 00:00:00', 15, 0),
(2392, '口水娃青豆', '2013-03-19 00:00:00', 10, 0),
(2393, '有友泡椒花生', '2013-03-19 00:00:00', 4, 0),
(2394, '口水族香辣黄花鱼', '2013-03-19 00:00:00', 19, 0),
(2395, '麻辣豇豆', '2013-03-19 00:00:00', 27, 0),
(2396, '奥利奥夹心饼干', '2013-03-19 00:00:00', 12, 0),
(2397, '好巴食麻辣豆腐干', '2013-03-19 00:00:00', 15, 0),
(2398, '真知棒', '2013-03-19 00:00:00', 5, 0),
(2399, '旺仔QQ糖', '2013-03-19 00:00:00', 5, 0),
(2400, '休闲时刻', '2013-03-19 00:00:00', 12, 0),
(2401, '满满都是爱', '2013-03-19 00:00:00', 7, 0),
(2402, '棒棒娃手撕牛肉', '2013-03-19 00:00:00', 7, 0),
(2403, '春日里的野餐', '2013-03-19 00:00:00', 7, 0),
(2404, '扑面田园风', '2013-03-19 00:00:00', 4, 0),
(2405, '美丽心情', '2013-03-19 00:00:00', 8, 0),
(2406, '雀巢咖啡粉', '2013-03-19 00:00:00', 9, 0),
(2407, '旺旺大米饼', '2013-03-19 00:00:00', 4, 0),
(2408, '饭扫光', '2013-03-19 00:00:00', 3, 0),
(2409, '上帝家园紫薯条', '2013-03-19 00:00:00', 4, 0),
(2410, '口水族烤鱿鱼丝', '2013-03-19 00:00:00', 16, 0),
(2411, '麻辣海带丝', '2013-03-19 00:00:00', 18, 0),
(2412, '嘴巴的小假期', '2013-03-19 00:00:00', 4, 0),
(2413, '达利园派（小包）', '2013-03-19 00:00:00', 9, 0),
(2414, '麻辣萝卜干', '2013-03-19 00:00:00', 9, 0),
(2415, '双汇泡椒风味肠', '2013-03-19 00:00:00', 13, 0),
(2416, '达利园瑞士卷（小包）', '2013-03-19 00:00:00', 5, 0),
(2417, '旺旺挑逗', '2013-03-19 00:00:00', 2, 0),
(2418, '波力海苔 ', '2013-03-19 00:00:00', 1, 0),
(2419, '新希望纯牛奶', '2013-03-19 00:00:00', 7, 0),
(2420, '伊利纯牛奶', '2013-03-19 00:00:00', 2, 0),
(2421, '果肉汇', '2013-03-19 00:00:00', 1, 0),
(2422, '恰恰香瓜子', '2013-03-19 00:00:00', 4, 0),
(2423, '蒙牛真果粒', '2013-03-19 00:00:00', 2, 0),
(2424, '米老头雪花煎卷（大包）', '2013-03-19 00:00:00', 6, 0),
(2425, '阿尔卑斯硬糖', '2013-03-19 00:00:00', 2, 0),
(2426, '徐福记沙琪玛（小包）', '2013-03-19 00:00:00', 8, 0),
(2427, '太平梳打饼干', '2013-03-19 00:00:00', 6, 0),
(2428, '松子', '2013-03-19 00:00:00', 3, 0),
(2429, '椪柑（个）', '2013-03-19 00:00:00', 2, 0),
(2430, '伊利优酸乳', '2013-03-19 00:00:00', 2, 0),
(2431, 'MM豆', '2013-03-19 00:00:00', 4, 0),
(2432, '葡萄', '2013-03-19 00:00:00', 1, 0),
(2433, '话梅', '2013-03-19 00:00:00', 1, 0),
(2434, '原浆核桃花生乳', '2013-03-19 00:00:00', 2, 0),
(2435, '喜之郎什锦果肉果冻布丁', '2013-03-19 00:00:00', 3, 0),
(2436, '雀巢全脂奶粉', '2013-03-19 00:00:00', 1, 0),
(2437, '鱼泉榨菜', '2013-03-19 00:00:00', 2, 0),
(2438, '怡口莲巧克力风味夹心牛奶糖', '2013-03-19 00:00:00', 1, 0),
(2439, '猫哆哩酸角果派', '2013-03-20 00:00:00', 14, 0),
(2440, '果肉荟', '2013-03-20 00:00:00', 35, 0),
(2441, '双汇香辣香脆肠', '2013-03-20 00:00:00', 23, 0),
(2442, '新希望纯牛奶', '2013-03-20 00:00:00', 4, 0),
(2443, '芒果', '2013-03-20 00:00:00', 49, 0),
(2444, '奥利奥夹心饼干', '2013-03-20 00:00:00', 6, 0),
(2445, '青岛纯生', '2013-03-20 00:00:00', 22, 0),
(2446, '康师傅方便面（桶装）', '2013-03-20 00:00:00', 341, 0),
(2447, '康师傅3+2苏打夹心饼干', '2013-03-20 00:00:00', 8, 0),
(2448, '盐水菠萝（碗）', '2013-03-20 00:00:00', 72, 0),
(2449, '红富士苹果', '2013-03-20 00:00:00', 52, 0),
(2450, '新希望成都老酸奶', '2013-03-20 00:00:00', 15, 0),
(2451, '木瓜', '2013-03-20 00:00:00', 27, 0),
(2452, '乐事薯片', '2013-03-20 00:00:00', 34, 0),
(2453, '柚子', '2013-03-20 00:00:00', 13, 0),
(2454, '猕猴桃', '2013-03-20 00:00:00', 35, 0),
(2455, '柠檬', '2013-03-20 00:00:00', 8, 0),
(2456, '半边梅', '2013-03-20 00:00:00', 13, 0),
(2457, '双汇玉米热狗', '2013-03-20 00:00:00', 8, 0),
(2458, '达利园法式软面包（小包）', '2013-03-20 00:00:00', 13, 0),
(2459, '达利园派（小包）', '2013-03-20 00:00:00', 7, 0),
(2460, '喜之郎什锦果肉果冻布丁', '2013-03-20 00:00:00', 7, 0),
(2461, '趣多多巧克力味曲奇饼干', '2013-03-20 00:00:00', 9, 0),
(2462, '日清泡面', '2013-03-20 00:00:00', 47, 0),
(2463, '草莓（碗）', '2013-03-20 00:00:00', 58, 0),
(2464, '美汁源果粒橙', '2013-03-20 00:00:00', 4, 0),
(2465, '得益绿色方便米饭', '2013-03-20 00:00:00', 23, 0),
(2466, '有友泡椒凤爪', '2013-03-20 00:00:00', 24, 0),
(2467, '麻辣豇豆', '2013-03-20 00:00:00', 24, 0),
(2468, '德芙丝滑牛奶巧克力 ', '2013-03-20 00:00:00', 16, 0),
(2469, '旺宝开心果', '2013-03-20 00:00:00', 9, 0),
(2470, '靖淞源新疆葡萄干', '2013-03-20 00:00:00', 9, 0),
(2471, '旺旺小小酥', '2013-03-20 00:00:00', 18, 0),
(2472, '桑葚（大盒）', '2013-03-20 00:00:00', 4, 0),
(2473, '香辣金针菇', '2013-03-20 00:00:00', 14, 0),
(2474, '香蕉', '2013-03-20 00:00:00', 94, 0),
(2475, '麻辣萝卜干', '2013-03-20 00:00:00', 7, 0),
(2476, '波力海苔 ', '2013-03-20 00:00:00', 5, 0),
(2477, '圣女果（斤）', '2013-03-20 00:00:00', 30, 0),
(2478, '雀巢咖啡粉', '2013-03-20 00:00:00', 5, 0),
(2479, '小金桔（斤）', '2013-03-20 00:00:00', 29, 0),
(2480, '真知棒', '2013-03-20 00:00:00', 5, 0),
(2481, '雪莲果', '2013-03-20 00:00:00', 33, 0),
(2482, '脐橙', '2013-03-20 00:00:00', 25, 0),
(2483, '好巴食麻辣豆腐干', '2013-03-20 00:00:00', 16, 0),
(2484, '太平梳打饼干', '2013-03-20 00:00:00', 6, 0),
(2485, '百世兴酒鬼花生', '2013-03-20 00:00:00', 9, 0),
(2486, '话梅', '2013-03-20 00:00:00', 2, 0),
(2487, '旺旺大米饼', '2013-03-20 00:00:00', 7, 0),
(2488, '有友泡椒花生', '2013-03-20 00:00:00', 2, 0),
(2489, '口水娃青豆', '2013-03-20 00:00:00', 4, 0),
(2490, '旺旺挑逗', '2013-03-20 00:00:00', 6, 0),
(2491, '卡夫果珍', '2013-03-20 00:00:00', 1, 0),
(2492, '香飘飘奶茶', '2013-03-20 00:00:00', 3, 0),
(2493, '统一阿萨姆奶茶', '2013-03-20 00:00:00', 7, 0),
(2494, '哈密瓜（碗）', '2013-03-20 00:00:00', 31, 0),
(2495, '新希望杯装酸奶', '2013-03-20 00:00:00', 19, 0),
(2496, '雪花勇闯天涯（罐装）', '2013-03-20 00:00:00', 5, 0),
(2497, '恰恰香瓜子', '2013-03-20 00:00:00', 6, 0),
(2498, '乡吧佬卤蛋', '2013-03-20 00:00:00', 25, 0),
(2499, '双汇泡椒风味肠', '2013-03-20 00:00:00', 13, 0),
(2500, '旺宝大杏仁', '2013-03-20 00:00:00', 14, 0),
(2501, '成都记忆瓶装酸奶（可退瓶）', '2013-03-20 00:00:00', 21, 0),
(2502, '康师傅干拌面', '2013-03-20 00:00:00', 13, 0),
(2503, '嘴巴的小假期', '2013-03-20 00:00:00', 6, 0),
(2504, '美丽心情', '2013-03-20 00:00:00', 5, 0),
(2505, '休闲时刻', '2013-03-20 00:00:00', 14, 0),
(2506, '春日里的野餐', '2013-03-20 00:00:00', 10, 0),
(2507, '核桃', '2013-03-20 00:00:00', 3, 0),
(2508, '口水族烤鱿鱼丝', '2013-03-20 00:00:00', 3, 0),
(2509, '雀巢咖啡（瓶装）', '2013-03-20 00:00:00', 7, 0),
(2510, '口水族香辣黄花鱼', '2013-03-20 00:00:00', 15, 0),
(2511, '新希望袋装酸奶', '2013-03-20 00:00:00', 3, 0),
(2512, '火龙果', '2013-03-20 00:00:00', 18, 0),
(2513, '西瓜（碗）', '2013-03-20 00:00:00', 14, 0),
(2514, '上帝家园紫薯条', '2013-03-20 00:00:00', 9, 0),
(2515, '果町屋椰果布丁', '2013-03-20 00:00:00', 19, 0),
(2516, '什锦大果篮', '2013-03-20 00:00:00', 7, 0),
(2517, '麻辣海带丝', '2013-03-20 00:00:00', 15, 0),
(2518, '鱼泉榨菜', '2013-03-20 00:00:00', 5, 0),
(2519, '南方黑芝麻糊', '2013-03-20 00:00:00', 5, 0),
(2520, '皇冠梨', '2013-03-20 00:00:00', 10, 0),
(2521, '徐福记沙琪玛（小包）', '2013-03-20 00:00:00', 3, 0),
(2522, '满满都是爱', '2013-03-20 00:00:00', 10, 0),
(2523, '扑面田园风', '2013-03-20 00:00:00', 8, 0),
(2524, 'MM豆', '2013-03-20 00:00:00', 1, 0),
(2525, '健康生活', '2013-03-20 00:00:00', 7, 0),
(2526, '徐福记包馅酥', '2013-03-20 00:00:00', 4, 0),
(2527, '雀巢脆脆鲨', '2013-03-20 00:00:00', 11, 0),
(2528, '雪碧', '2013-03-20 00:00:00', 10, 0),
(2529, '康师傅茉莉清茶', '2013-03-20 00:00:00', 5, 0),
(2530, '棒棒娃牛肉粒', '2013-03-20 00:00:00', 4, 0),
(2531, '棒棒娃手撕牛肉', '2013-03-20 00:00:00', 13, 0),
(2532, '大果粒（雪梨+菠萝）', '2013-03-20 00:00:00', 4, 0),
(2533, '龙眼（斤）', '2013-03-20 00:00:00', 4, 0),
(2534, '有友泡椒猪皮', '2013-03-20 00:00:00', 15, 0),
(2535, '徐福记草莓酥', '2013-03-20 00:00:00', 1, 0),
(2536, '米老头雪花煎卷（大包）', '2013-03-20 00:00:00', 4, 0),
(2537, '圣女果脯', '2013-03-20 00:00:00', 7, 0),
(2538, '加多宝', '2013-03-20 00:00:00', 6, 0),
(2539, '达利园瑞士卷（小包）', '2013-03-20 00:00:00', 2, 0),
(2540, '原浆核桃花生乳', '2013-03-20 00:00:00', 3, 0),
(2541, '唐记锅巴', '2013-03-20 00:00:00', 13, 0),
(2542, '西麦燕麦片', '2013-03-20 00:00:00', 3, 0),
(2543, '枣想你阿胶枣', '2013-03-20 00:00:00', 2, 0),
(2544, '银鹭八宝粥罐头', '2013-03-20 00:00:00', 9, 0),
(2545, '乌梅', '2013-03-20 00:00:00', 7, 0),
(2546, '蒙牛真果粒', '2013-03-20 00:00:00', 6, 0),
(2547, '雀巢全脂奶粉', '2013-03-20 00:00:00', 1, 0),
(2548, '老干妈风味豆豉', '2013-03-20 00:00:00', 6, 0),
(2549, '大白兔奶糖', '2013-03-20 00:00:00', 7, 0),
(2550, '旺仔QQ糖', '2013-03-20 00:00:00', 6, 0),
(2551, '绿箭口香糖', '2013-03-20 00:00:00', 5, 0),
(2552, '饭扫光', '2013-03-20 00:00:00', 7, 0),
(2553, '阿尔卑斯硬糖', '2013-03-20 00:00:00', 2, 0),
(2554, '百事可乐', '2013-03-20 00:00:00', 10, 0),
(2555, '康师傅方便面（桶装）', '2013-03-21 00:00:00', 39, 0),
(2556, '香蕉', '2013-03-21 00:00:00', 122, 0),
(2557, '芒果', '2013-03-21 00:00:00', 67, 0),
(2558, '猕猴桃', '2013-03-21 00:00:00', 44, 0),
(2559, '木瓜', '2013-03-21 00:00:00', 21, 0),
(2560, '红富士苹果', '2013-03-21 00:00:00', 52, 0),
(2561, '哈密瓜（碗）', '2013-03-21 00:00:00', 30, 0),
(2562, '成都记忆瓶装酸奶（可退瓶）', '2013-03-21 00:00:00', 37, 0),
(2563, '新希望袋装酸奶', '2013-03-21 00:00:00', 6, 0),
(2564, '新希望成都老酸奶', '2013-03-21 00:00:00', 25, 0),
(2565, '果肉荟', '2013-03-21 00:00:00', 36, 0),
(2566, '圣女果（斤）', '2013-03-21 00:00:00', 40, 0),
(2567, '椪柑（个）', '2013-03-21 00:00:00', 3, 0),
(2568, '脐橙', '2013-03-21 00:00:00', 38, 0),
(2569, '旺旺小小酥', '2013-03-21 00:00:00', 24, 0),
(2570, '半边梅', '2013-03-21 00:00:00', 12, 0),
(2571, '盐水菠萝（碗）', '2013-03-21 00:00:00', 189, 0),
(2572, '双汇玉米热狗', '2013-03-21 00:00:00', 17, 0),
(2573, '口水族香辣黄花鱼', '2013-03-21 00:00:00', 8, 0),
(2574, '草莓（碗）', '2013-03-21 00:00:00', 38, 0),
(2575, '雪莲果', '2013-03-21 00:00:00', 31, 0),
(2576, '皇冠梨', '2013-03-21 00:00:00', 20, 0),
(2577, '柠檬', '2013-03-21 00:00:00', 17, 0),
(2578, '靖淞源新疆葡萄干', '2013-03-21 00:00:00', 22, 0),
(2579, '旺宝大杏仁', '2013-03-21 00:00:00', 5, 0),
(2580, '百世兴酒鬼花生', '2013-03-21 00:00:00', 7, 0),
(2581, '旺旺挑逗', '2013-03-21 00:00:00', 5, 0),
(2582, '日清泡面', '2013-03-21 00:00:00', 45, 0),
(2583, '老干妈风味豆豉', '2013-03-21 00:00:00', 14, 0),
(2584, '双汇泡椒风味肠', '2013-03-21 00:00:00', 12, 0),
(2585, '新希望杯装酸奶', '2013-03-21 00:00:00', 15, 0),
(2586, '雀巢咖啡粉', '2013-03-21 00:00:00', 6, 0),
(2587, '喜之郎什锦果肉果冻布丁', '2013-03-21 00:00:00', 5, 0),
(2588, '口水族烤鱿鱼丝', '2013-03-21 00:00:00', 12, 0),
(2589, '德芙丝滑牛奶巧克力 ', '2013-03-21 00:00:00', 13, 0),
(2590, '香辣金针菇', '2013-03-21 00:00:00', 22, 0),
(2591, '得益绿色方便米饭', '2013-03-21 00:00:00', 7, 0),
(2592, '话梅', '2013-03-21 00:00:00', 5, 0),
(2593, '银鹭八宝粥罐头', '2013-03-21 00:00:00', 2, 0),
(2594, '米老头雪花煎卷（大包）', '2013-03-21 00:00:00', 12, 0),
(2595, '伊利纯牛奶', '2013-03-21 00:00:00', 2, 0),
(2596, '麻辣萝卜干', '2013-03-21 00:00:00', 2, 0),
(2597, '西麦燕麦片', '2013-03-21 00:00:00', 8, 0),
(2598, '休闲时刻', '2013-03-21 00:00:00', 11, 0),
(2599, '什锦大果篮', '2013-03-21 00:00:00', 6, 0),
(2600, '龙眼（斤）', '2013-03-21 00:00:00', 6, 0),
(2601, '小金桔（斤）', '2013-03-21 00:00:00', 37, 0),
(2602, '上帝家园紫薯条', '2013-03-21 00:00:00', 12, 0),
(2603, '恰恰香瓜子', '2013-03-21 00:00:00', 5, 0),
(2604, '双汇香辣香脆肠', '2013-03-21 00:00:00', 20, 0),
(2605, '枣想你阿胶枣', '2013-03-21 00:00:00', 3, 0),
(2606, '好巴食麻辣豆腐干', '2013-03-21 00:00:00', 8, 0),
(2607, '统一阿萨姆奶茶', '2013-03-21 00:00:00', 7, 0),
(2608, '棒棒娃手撕牛肉', '2013-03-21 00:00:00', 15, 0),
(2609, '真知棒', '2013-03-21 00:00:00', 4, 0),
(2610, '嘴巴的小假期', '2013-03-21 00:00:00', 5, 0),
(2611, '有友泡椒猪皮', '2013-03-21 00:00:00', 11, 0),
(2612, '黄瓜', '2013-03-21 00:00:00', 1, 0),
(2613, '春日里的野餐', '2013-03-21 00:00:00', 5, 0),
(2614, '有友泡椒花生', '2013-03-21 00:00:00', 10, 0),
(2615, '新希望纯牛奶', '2013-03-21 00:00:00', 7, 0),
(2616, '有友泡椒凤爪', '2013-03-21 00:00:00', 12, 0),
(2617, '雀巢咖啡（瓶装）', '2013-03-21 00:00:00', 8, 0),
(2618, '南方黑芝麻糊', '2013-03-21 00:00:00', 10, 0),
(2619, '达利园法式软面包（小包）', '2013-03-21 00:00:00', 10, 0),
(2620, '麻辣豇豆', '2013-03-21 00:00:00', 12, 0),
(2621, '达利园瑞士卷（小包）', '2013-03-21 00:00:00', 2, 0),
(2622, '西瓜（碗）', '2013-03-21 00:00:00', 5, 0),
(2623, '唐记锅巴', '2013-03-21 00:00:00', 18, 0),
(2624, '康师傅茉莉清茶', '2013-03-21 00:00:00', 1, 0),
(2625, '猫哆哩酸角果派', '2013-03-21 00:00:00', 5, 0),
(2626, '雪花勇闯天涯（罐装）', '2013-03-21 00:00:00', 13, 0),
(2627, 'MM豆', '2013-03-21 00:00:00', 1, 0),
(2628, '旺旺大米饼', '2013-03-21 00:00:00', 5, 0),
(2629, '康师傅干拌面', '2013-03-21 00:00:00', 11, 0),
(2630, '乡吧佬卤蛋', '2013-03-21 00:00:00', 28, 0),
(2631, '蒙牛真果粒', '2013-03-21 00:00:00', 2, 0),
(2632, '口水娃青豆', '2013-03-21 00:00:00', 5, 0),
(2633, '满满都是爱', '2013-03-21 00:00:00', 9, 0),
(2634, '果町屋椰果布丁', '2013-03-21 00:00:00', 18, 0),
(2635, '健康生活', '2013-03-21 00:00:00', 5, 0),
(2636, '饭扫光', '2013-03-21 00:00:00', 4, 0),
(2637, '乐事薯片', '2013-03-21 00:00:00', 17, 0),
(2638, '棒棒娃牛肉粒', '2013-03-21 00:00:00', 4, 0),
(2639, '旺仔QQ糖', '2013-03-21 00:00:00', 6, 0),
(2640, '扑面田园风', '2013-03-21 00:00:00', 4, 0),
(2641, '旺宝开心果', '2013-03-21 00:00:00', 2, 0),
(2642, '波力海苔 ', '2013-03-21 00:00:00', 2, 0),
(2643, '加多宝', '2013-03-21 00:00:00', 4, 0),
(2644, '麻辣海带丝', '2013-03-21 00:00:00', 11, 0),
(2645, '徐福记沙琪玛（小包）', '2013-03-21 00:00:00', 7, 0),
(2646, '达利园派（小包）', '2013-03-21 00:00:00', 4, 0),
(2647, '太平梳打饼干', '2013-03-21 00:00:00', 10, 0),
(2648, '奥利奥夹心饼干', '2013-03-21 00:00:00', 2, 0),
(2649, '雪碧', '2013-03-21 00:00:00', 11, 0),
(2650, '百事可乐', '2013-03-21 00:00:00', 6, 0),
(2651, '松子', '2013-03-21 00:00:00', 3, 0),
(2652, '柚子', '2013-03-21 00:00:00', 22, 0),
(2653, '香飘飘奶茶', '2013-03-21 00:00:00', 2, 0),
(2654, '卡夫果珍', '2013-03-21 00:00:00', 17, 0),
(2655, '美丽心情', '2013-03-21 00:00:00', 3, 0),
(2656, '桑葚（大盒）', '2013-03-21 00:00:00', 4, 0),
(2657, '火龙果', '2013-03-21 00:00:00', 10, 0),
(2658, 'V美果蔬乳酸菌饮品', '2013-03-21 00:00:00', 3, 0),
(2659, '徐福记包馅酥', '2013-03-21 00:00:00', 3, 0),
(2660, '青岛纯生', '2013-03-21 00:00:00', 6, 0),
(2661, '雀巢全脂奶粉', '2013-03-21 00:00:00', 6, 0),
(2662, '大果粒（雪梨+菠萝）', '2013-03-21 00:00:00', 3, 0),
(2663, '圣女果脯', '2013-03-21 00:00:00', 1, 0),
(2664, '鱼泉榨菜', '2013-03-21 00:00:00', 2, 0),
(2665, '阿尔卑斯硬糖', '2013-03-21 00:00:00', 3, 0),
(2666, '趣多多巧克力味曲奇饼干', '2013-03-21 00:00:00', 6, 0),
(2667, '怡口莲巧克力风味夹心牛奶糖', '2013-03-21 00:00:00', 1, 0),
(2668, '原浆核桃花生乳', '2013-03-21 00:00:00', 1, 0),
(2669, '伊利优酸乳', '2013-03-21 00:00:00', 1, 0);
INSERT INTO `cart_item_view` (`id`, `item_name`, `time`, `view`, `item_id`) VALUES
(2670, '绿箭口香糖', '2013-03-21 00:00:00', 2, 0),
(2671, '康师傅3+2苏打夹心饼干', '2013-03-21 00:00:00', 1, 0),
(2672, '双汇香辣香脆肠', '2013-03-22 00:00:00', 17, 0),
(2673, '日清泡面', '2013-03-22 00:00:00', 49, 0),
(2674, '麻辣豇豆', '2013-03-22 00:00:00', 22, 0),
(2675, '草莓（碗）', '2013-03-22 00:00:00', 99, 0),
(2676, '满满都是爱', '2013-03-22 00:00:00', 3, 0),
(2677, '旺宝开心果', '2013-03-22 00:00:00', 4, 0),
(2678, '春日里的野餐', '2013-03-22 00:00:00', 4, 0),
(2679, '嘴巴的小假期', '2013-03-22 00:00:00', 4, 0),
(2680, '健康生活', '2013-03-22 00:00:00', 4, 0),
(2681, '哈密瓜（碗）', '2013-03-22 00:00:00', 28, 0),
(2682, '香蕉', '2013-03-22 00:00:00', 97, 0),
(2683, '德芙丝滑牛奶巧克力 ', '2013-03-22 00:00:00', 18, 0),
(2684, '雀巢脆脆鲨', '2013-03-22 00:00:00', 6, 0),
(2685, '盐水菠萝（碗）', '2013-03-22 00:00:00', 70, 0),
(2686, '休闲时刻', '2013-03-22 00:00:00', 9, 0),
(2687, '西瓜（碗）', '2013-03-22 00:00:00', 17, 0),
(2688, '雪碧', '2013-03-22 00:00:00', 8, 0),
(2689, '加多宝', '2013-03-22 00:00:00', 2, 0),
(2690, '美丽心情', '2013-03-22 00:00:00', 3, 0),
(2691, '雪花勇闯天涯（罐装）', '2013-03-22 00:00:00', 8, 0),
(2692, '旺旺小小酥', '2013-03-22 00:00:00', 14, 0),
(2693, '有友泡椒猪皮', '2013-03-22 00:00:00', 110, 0),
(2694, '乡吧佬卤蛋', '2013-03-22 00:00:00', 21, 0),
(2695, '麻辣海带丝', '2013-03-22 00:00:00', 11, 0),
(2696, '西麦燕麦片', '2013-03-22 00:00:00', 3, 0),
(2697, '徐福记沙琪玛（小包）', '2013-03-22 00:00:00', 8, 0),
(2698, '银鹭八宝粥罐头', '2013-03-22 00:00:00', 11, 0),
(2699, '火龙果', '2013-03-22 00:00:00', 24, 0),
(2700, '芒果', '2013-03-22 00:00:00', 89, 0),
(2701, '棒棒娃手撕牛肉', '2013-03-22 00:00:00', 12, 0),
(2702, '伊利优酸乳', '2013-03-22 00:00:00', 1, 0),
(2703, '喜之郎什锦果肉果冻布丁', '2013-03-22 00:00:00', 8, 0),
(2704, '上帝家园紫薯条', '2013-03-22 00:00:00', 23, 0),
(2705, '太平梳打饼干', '2013-03-22 00:00:00', 8, 0),
(2706, '康师傅干拌面', '2013-03-22 00:00:00', 19, 0),
(2707, '美汁源果粒橙', '2013-03-22 00:00:00', 3, 0),
(2708, '话梅', '2013-03-22 00:00:00', 5, 0),
(2709, '香辣金针菇', '2013-03-22 00:00:00', 21, 0),
(2710, '口水娃青豆', '2013-03-22 00:00:00', 9, 0),
(2711, '双汇泡椒风味肠', '2013-03-22 00:00:00', 9, 0),
(2712, '徐福记草莓酥', '2013-03-22 00:00:00', 1, 0),
(2713, '阿尔卑斯硬糖', '2013-03-22 00:00:00', 1, 0),
(2714, '猫哆哩酸角果派', '2013-03-22 00:00:00', 3, 0),
(2715, '绿箭口香糖', '2013-03-22 00:00:00', 1, 0),
(2716, '大白兔奶糖', '2013-03-22 00:00:00', 3, 0),
(2717, '甘草瓜子', '2013-03-22 00:00:00', 1, 0),
(2718, '圣女果脯', '2013-03-22 00:00:00', 2, 0),
(2719, '百世兴酒鬼花生', '2013-03-22 00:00:00', 3, 0),
(2720, '百事可乐', '2013-03-22 00:00:00', 6, 0),
(2721, '得益绿色方便米饭', '2013-03-22 00:00:00', 18, 0),
(2722, '饭扫光', '2013-03-22 00:00:00', 5, 0),
(2723, '红富士苹果', '2013-03-22 00:00:00', 35, 0),
(2724, '脐橙', '2013-03-22 00:00:00', 16, 0),
(2725, '半边梅', '2013-03-22 00:00:00', 10, 0),
(2726, '猕猴桃', '2013-03-22 00:00:00', 20, 0),
(2727, '乐事薯片', '2013-03-22 00:00:00', 37, 0),
(2728, '雀巢咖啡粉', '2013-03-22 00:00:00', 5, 0),
(2729, '旺仔QQ糖', '2013-03-22 00:00:00', 3, 0),
(2730, '徐福记包馅酥', '2013-03-22 00:00:00', 5, 0),
(2731, '南方黑芝麻糊', '2013-03-22 00:00:00', 8, 0),
(2732, '怡口莲巧克力风味夹心牛奶糖', '2013-03-22 00:00:00', 3, 0),
(2733, '好巴食麻辣豆腐干', '2013-03-22 00:00:00', 16, 0),
(2734, '柚子', '2013-03-22 00:00:00', 30, 0),
(2735, '小金桔（斤）', '2013-03-22 00:00:00', 27, 0),
(2736, '木瓜', '2013-03-22 00:00:00', 18, 0),
(2737, '果肉荟', '2013-03-22 00:00:00', 35, 0),
(2738, '康师傅方便面（桶装）', '2013-03-22 00:00:00', 39, 0),
(2739, '成都记忆瓶装酸奶（可退瓶）', '2013-03-22 00:00:00', 32, 0),
(2740, '新希望成都老酸奶', '2013-03-22 00:00:00', 23, 0),
(2741, '果町屋椰果布丁', '2013-03-22 00:00:00', 12, 0),
(2742, '新希望杯装酸奶', '2013-03-22 00:00:00', 9, 0),
(2743, '口水族烤鱿鱼丝', '2013-03-22 00:00:00', 9, 0),
(2744, '达利园法式软面包（小包）', '2013-03-22 00:00:00', 9, 0),
(2745, '达利园派（小包）', '2013-03-22 00:00:00', 4, 0),
(2746, '柠檬', '2013-03-22 00:00:00', 8, 0),
(2747, '新希望纯牛奶', '2013-03-22 00:00:00', 4, 0),
(2748, '新希望袋装酸奶', '2013-03-22 00:00:00', 6, 0),
(2749, '有友泡椒花生', '2013-03-22 00:00:00', 12, 0),
(2750, '口水族香辣黄花鱼', '2013-03-22 00:00:00', 9, 0),
(2751, '有友泡椒凤爪', '2013-03-22 00:00:00', 9, 0),
(2752, '恰恰香瓜子', '2013-03-22 00:00:00', 7, 0),
(2753, '波力海苔 ', '2013-03-22 00:00:00', 2, 0),
(2754, '圣女果（斤）', '2013-03-22 00:00:00', 17, 0),
(2755, '老干妈风味豆豉', '2013-03-22 00:00:00', 7, 0),
(2756, '麻辣萝卜干', '2013-03-22 00:00:00', 9, 0),
(2757, '龙眼（斤）', '2013-03-22 00:00:00', 13, 0),
(2758, '皇冠梨', '2013-03-22 00:00:00', 13, 0),
(2759, '雪莲果', '2013-03-22 00:00:00', 18, 0),
(2760, '米老头雪花煎卷（大包）', '2013-03-22 00:00:00', 7, 0),
(2761, 'MM豆', '2013-03-22 00:00:00', 3, 0),
(2762, '统一阿萨姆奶茶', '2013-03-22 00:00:00', 6, 0),
(2763, '雀巢咖啡（瓶装）', '2013-03-22 00:00:00', 4, 0),
(2764, '唐记锅巴', '2013-03-22 00:00:00', 11, 0),
(2765, '康师傅3+2苏打夹心饼干', '2013-03-22 00:00:00', 5, 0),
(2766, '椪柑（个）', '2013-03-22 00:00:00', 2, 0),
(2767, '桑葚（大盒）', '2013-03-22 00:00:00', 6, 0),
(2768, '青岛纯生', '2013-03-22 00:00:00', 8, 0),
(2769, '双汇玉米热狗', '2013-03-22 00:00:00', 8, 0),
(2770, '枣想你阿胶枣', '2013-03-22 00:00:00', 1, 0),
(2771, '伊利纯牛奶', '2013-03-22 00:00:00', 2, 0),
(2772, '奥利奥夹心饼干', '2013-03-22 00:00:00', 5, 0),
(2773, '黄瓜', '2013-03-22 00:00:00', 1, 0),
(2774, '旺旺大米饼', '2013-03-22 00:00:00', 6, 0),
(2775, '趣多多巧克力味曲奇饼干', '2013-03-22 00:00:00', 2, 0),
(2776, '旺宝大杏仁', '2013-03-22 00:00:00', 1, 0),
(2777, '乌梅', '2013-03-22 00:00:00', 6, 0),
(2778, '扑面田园风', '2013-03-22 00:00:00', 5, 0),
(2779, '雀巢全脂奶粉', '2013-03-22 00:00:00', 4, 0),
(2780, 'V美果蔬乳酸菌饮品', '2013-03-22 00:00:00', 4, 0),
(2781, '蒙牛真果粒', '2013-03-22 00:00:00', 1, 0),
(2782, '棒棒娃牛肉粒', '2013-03-22 00:00:00', 3, 0),
(2783, '什锦大果篮', '2013-03-22 00:00:00', 3, 0),
(2784, '旺旺挑逗', '2013-03-22 00:00:00', 3, 0),
(2785, '松子', '2013-03-22 00:00:00', 1, 0),
(2786, '达利园瑞士卷（小包）', '2013-03-22 00:00:00', 1, 0),
(2787, '康师傅茉莉清茶', '2013-03-22 00:00:00', 2, 0),
(2788, '原浆核桃花生乳', '2013-03-22 00:00:00', 2, 0),
(2789, '靖淞源新疆葡萄干', '2013-03-22 00:00:00', 1, 0),
(2790, '大果粒（雪梨+菠萝）', '2013-03-22 00:00:00', 1, 0),
(2791, '草莓（碗）', '2013-03-23 00:00:00', 83, 0),
(2792, '新希望袋装酸奶', '2013-03-23 00:00:00', 7, 0),
(2793, '柚子', '2013-03-23 00:00:00', 52, 0),
(2794, '有友泡椒猪皮', '2013-03-23 00:00:00', 29, 0),
(2795, '香蕉', '2013-03-23 00:00:00', 143, 0),
(2796, '脐橙', '2013-03-23 00:00:00', 43, 0),
(2797, '皇冠梨', '2013-03-23 00:00:00', 23, 0),
(2798, '红富士苹果', '2013-03-23 00:00:00', 78, 0),
(2799, '圣女果（斤）', '2013-03-23 00:00:00', 37, 0),
(2800, '阿尔卑斯硬糖', '2013-03-23 00:00:00', 2, 0),
(2801, '小金桔（斤）', '2013-03-23 00:00:00', 28, 0),
(2802, '柠檬', '2013-03-23 00:00:00', 19, 0),
(2803, '哈密瓜（碗）', '2013-03-23 00:00:00', 36, 0),
(2804, '火龙果', '2013-03-23 00:00:00', 27, 0),
(2805, '盐水菠萝（碗）', '2013-03-23 00:00:00', 101, 0),
(2806, '唐记锅巴', '2013-03-23 00:00:00', 22, 0),
(2807, '果町屋椰果布丁', '2013-03-23 00:00:00', 23, 0),
(2808, '西瓜（碗）', '2013-03-23 00:00:00', 23, 0),
(2809, '休闲时刻', '2013-03-23 00:00:00', 7, 0),
(2810, '嘴巴的小假期', '2013-03-23 00:00:00', 5, 0),
(2811, '什锦大果篮', '2013-03-23 00:00:00', 9, 0),
(2812, '沙糖桔（斤）', '2013-03-23 00:00:00', 2, 0),
(2813, '芒果', '2013-03-23 00:00:00', 80, 0),
(2814, '猕猴桃', '2013-03-23 00:00:00', 46, 0),
(2815, '雀巢全脂奶粉', '2013-03-23 00:00:00', 2, 0),
(2816, '成都记忆瓶装酸奶（可退瓶）', '2013-03-23 00:00:00', 33, 0),
(2817, 'V美果蔬乳酸菌饮品', '2013-03-23 00:00:00', 3, 0),
(2818, '新希望成都老酸奶', '2013-03-23 00:00:00', 24, 0),
(2819, '木瓜', '2013-03-23 00:00:00', 23, 0),
(2820, '果肉荟', '2013-03-23 00:00:00', 33, 0),
(2821, '雪莲果', '2013-03-23 00:00:00', 29, 0),
(2822, '新希望杯装酸奶', '2013-03-23 00:00:00', 23, 0),
(2823, '棒棒娃牛肉粒', '2013-03-23 00:00:00', 5, 0),
(2824, '松子', '2013-03-23 00:00:00', 4, 0),
(2825, '麻辣豇豆', '2013-03-23 00:00:00', 17, 0),
(2826, '日清泡面', '2013-03-23 00:00:00', 42, 0),
(2827, '乡吧佬卤蛋', '2013-03-23 00:00:00', 35, 0),
(2828, '喜之郎什锦果肉果冻布丁', '2013-03-23 00:00:00', 8, 0),
(2829, '乌梅', '2013-03-23 00:00:00', 7, 0),
(2830, '百世兴酒鬼花生', '2013-03-23 00:00:00', 7, 0),
(2831, '康师傅方便面（桶装）', '2013-03-23 00:00:00', 41, 0),
(2832, '乐事薯片', '2013-03-23 00:00:00', 22, 0),
(2833, '饭扫光', '2013-03-23 00:00:00', 1, 0),
(2834, '雀巢咖啡（瓶装）', '2013-03-23 00:00:00', 5, 0),
(2835, '波力海苔 ', '2013-03-23 00:00:00', 3, 0),
(2836, '得益绿色方便米饭', '2013-03-23 00:00:00', 12, 0),
(2837, '双汇香辣香脆肠', '2013-03-23 00:00:00', 21, 0),
(2838, '双汇玉米热狗', '2013-03-23 00:00:00', 13, 0),
(2839, '康师傅干拌面', '2013-03-23 00:00:00', 26, 0),
(2840, '老干妈风味豆豉', '2013-03-23 00:00:00', 10, 0),
(2841, '旺旺小小酥', '2013-03-23 00:00:00', 22, 0),
(2842, '徐福记包馅酥', '2013-03-23 00:00:00', 6, 0),
(2843, '百事可乐', '2013-03-23 00:00:00', 6, 0),
(2844, '趣多多巧克力味曲奇饼干', '2013-03-23 00:00:00', 3, 0),
(2845, '口水娃青豆', '2013-03-23 00:00:00', 7, 0),
(2846, '新希望纯牛奶', '2013-03-23 00:00:00', 9, 0),
(2847, '有友泡椒凤爪', '2013-03-23 00:00:00', 13, 0),
(2848, '半边梅', '2013-03-23 00:00:00', 3, 0),
(2849, '香辣金针菇', '2013-03-23 00:00:00', 21, 0),
(2850, '龙眼（斤）', '2013-03-23 00:00:00', 18, 0),
(2851, '麻辣萝卜干', '2013-03-23 00:00:00', 4, 0),
(2852, '棒棒娃手撕牛肉', '2013-03-23 00:00:00', 12, 0),
(2853, '德芙丝滑牛奶巧克力 ', '2013-03-23 00:00:00', 9, 0),
(2854, '雪花勇闯天涯（罐装）', '2013-03-23 00:00:00', 10, 0),
(2855, '银鹭八宝粥罐头', '2013-03-23 00:00:00', 5, 0),
(2856, '有友泡椒花生', '2013-03-23 00:00:00', 9, 0),
(2857, '口水族烤鱿鱼丝', '2013-03-23 00:00:00', 8, 0),
(2858, '话梅', '2013-03-23 00:00:00', 5, 0),
(2859, '康师傅3+2苏打夹心饼干', '2013-03-23 00:00:00', 8, 0),
(2860, '徐福记沙琪玛（小包）', '2013-03-23 00:00:00', 5, 0),
(2861, '好巴食麻辣豆腐干', '2013-03-23 00:00:00', 14, 0),
(2862, 'MM豆', '2013-03-23 00:00:00', 5, 0),
(2863, '健康生活', '2013-03-23 00:00:00', 11, 0),
(2864, '扑面田园风', '2013-03-23 00:00:00', 5, 0),
(2865, '雪碧', '2013-03-23 00:00:00', 7, 0),
(2866, '康师傅茉莉清茶', '2013-03-23 00:00:00', 4, 0),
(2867, '美汁源果粒橙', '2013-03-23 00:00:00', 4, 0),
(2868, '满满都是爱', '2013-03-23 00:00:00', 3, 0),
(2869, '雀巢脆脆鲨', '2013-03-23 00:00:00', 8, 0),
(2870, '西麦燕麦片', '2013-03-23 00:00:00', 5, 0),
(2871, '统一阿萨姆奶茶', '2013-03-23 00:00:00', 5, 0),
(2872, '米老头雪花煎卷（大包）', '2013-03-23 00:00:00', 4, 0),
(2873, '旺宝大杏仁', '2013-03-23 00:00:00', 5, 0),
(2874, '旺旺大米饼', '2013-03-23 00:00:00', 11, 0),
(2875, '双汇泡椒风味肠', '2013-03-23 00:00:00', 12, 0),
(2876, '旺仔QQ糖', '2013-03-23 00:00:00', 4, 0),
(2877, '上帝家园紫薯条', '2013-03-23 00:00:00', 6, 0),
(2878, '香飘飘奶茶', '2013-03-23 00:00:00', 109, 0),
(2879, '旺旺挑逗', '2013-03-23 00:00:00', 2, 0),
(2880, '雀巢咖啡粉', '2013-03-23 00:00:00', 4, 0),
(2881, '达利园派（小包）', '2013-03-23 00:00:00', 3, 0),
(2882, '青岛纯生', '2013-03-23 00:00:00', 11, 0),
(2883, '原浆核桃花生乳', '2013-03-23 00:00:00', 3, 0),
(2884, '旺宝开心果', '2013-03-23 00:00:00', 6, 0),
(2885, '奥利奥夹心饼干', '2013-03-23 00:00:00', 8, 0),
(2886, '核桃', '2013-03-23 00:00:00', 2, 0),
(2887, '达利园法式软面包（小包）', '2013-03-23 00:00:00', 5, 0),
(2888, '绿箭口香糖', '2013-03-23 00:00:00', 3, 0),
(2889, '太平梳打饼干', '2013-03-23 00:00:00', 5, 0),
(2890, '大白兔奶糖', '2013-03-23 00:00:00', 4, 0),
(2891, '达利园瑞士卷（小包）', '2013-03-23 00:00:00', 3, 0),
(2892, '春日里的野餐', '2013-03-23 00:00:00', 2, 0),
(2893, '猫哆哩酸角果派', '2013-03-23 00:00:00', 5, 0),
(2894, '椪柑（个）', '2013-03-23 00:00:00', 2, 0),
(2895, '靖淞源新疆葡萄干', '2013-03-23 00:00:00', 7, 0),
(2896, '麻辣海带丝', '2013-03-23 00:00:00', 11, 0),
(2897, '恰恰香瓜子', '2013-03-23 00:00:00', 5, 0),
(2898, '真知棒', '2013-03-23 00:00:00', 3, 0),
(2899, '葡萄', '2013-03-23 00:00:00', 1, 0),
(2900, '南方黑芝麻糊', '2013-03-23 00:00:00', 2, 0),
(2901, '青瑅', '2013-03-23 00:00:00', 1, 0),
(2902, '大果粒（雪梨+菠萝）', '2013-03-23 00:00:00', 5, 0),
(2903, '美丽心情', '2013-03-23 00:00:00', 7, 0),
(2904, '加多宝', '2013-03-23 00:00:00', 3, 0),
(2905, '口水族香辣黄花鱼', '2013-03-23 00:00:00', 5, 0),
(2906, '圣女果脯', '2013-03-23 00:00:00', 3, 0),
(2907, '蒙牛真果粒', '2013-03-23 00:00:00', 3, 0),
(2908, '黄瓜', '2013-03-23 00:00:00', 1, 0),
(2909, '怡口莲巧克力风味夹心牛奶糖', '2013-03-23 00:00:00', 2, 0),
(2910, '桑葚（大盒）', '2013-03-23 00:00:00', 2, 0),
(2911, '甘草瓜子', '2013-03-23 00:00:00', 1, 0),
(2912, '旺旺小小酥', '2013-03-24 00:00:00', 10, 0),
(2913, '康师傅3+2苏打夹心饼干', '2013-03-24 00:00:00', 12, 0),
(2914, '草莓（碗）', '2013-03-24 00:00:00', 9, 0),
(2915, '柚子', '2013-03-24 00:00:00', 10, 0),
(2916, '圣女果（斤）', '2013-03-24 00:00:00', 8, 0),
(2917, '芒果', '2013-03-24 00:00:00', 13, 0),
(2918, '香蕉', '2013-03-24 00:00:00', 11, 0),
(2919, '上帝家园紫薯条', '2013-03-24 00:00:00', 11, 0),
(2920, '饭扫光', '2013-03-24 00:00:00', 6, 0),
(2921, '香飘飘奶茶', '2013-03-24 00:00:00', 4, 0),
(2922, '康师傅干拌面', '2013-03-24 00:00:00', 17, 0),
(2923, '木瓜', '2013-03-24 00:00:00', 3, 0),
(2924, '哈密瓜（碗）', '2013-03-24 00:00:00', 2, 0),
(2925, '盐水菠萝（碗）', '2013-03-24 00:00:00', 6, 0),
(2926, '红富士苹果', '2013-03-24 00:00:00', 8, 0),
(2927, '脐橙', '2013-03-24 00:00:00', 4, 0),
(2928, '日清泡面', '2013-03-24 00:00:00', 65, 0),
(2929, '乡吧佬卤蛋', '2013-03-24 00:00:00', 34, 0),
(2930, '趣多多巧克力味曲奇饼干', '2013-03-24 00:00:00', 2, 0),
(2931, '柠檬', '2013-03-24 00:00:00', 2, 0),
(2932, '得益绿色方便米饭', '2013-03-24 00:00:00', 32, 0),
(2933, '青岛纯生', '2013-03-24 00:00:00', 10, 0),
(2934, '达利园法式软面包（小包）', '2013-03-24 00:00:00', 13, 0),
(2935, '什锦大果篮', '2013-03-24 00:00:00', 1, 0),
(2936, '香辣金针菇', '2013-03-24 00:00:00', 15, 0),
(2937, '桑葚（大盒）', '2013-03-24 00:00:00', 9, 0),
(2938, '口水族香辣黄花鱼', '2013-03-24 00:00:00', 13, 0),
(2939, '棒棒娃牛肉粒', '2013-03-24 00:00:00', 4, 0),
(2940, '葡萄', '2013-03-24 00:00:00', 1, 0),
(2941, '达利园派（小包）', '2013-03-24 00:00:00', 10, 0),
(2942, '徐福记沙琪玛（小包）', '2013-03-24 00:00:00', 9, 0),
(2943, '南方黑芝麻糊', '2013-03-24 00:00:00', 13, 0),
(2944, '小金桔（斤）', '2013-03-24 00:00:00', 6, 0),
(2945, '奥利奥夹心饼干', '2013-03-24 00:00:00', 9, 0),
(2946, '猫哆哩酸角果派', '2013-03-24 00:00:00', 8, 0),
(2947, '美丽心情', '2013-03-24 00:00:00', 6, 0),
(2948, '旺宝开心果', '2013-03-24 00:00:00', 8, 0),
(2949, '新希望杯装酸奶', '2013-03-24 00:00:00', 19, 0),
(2950, '乌梅', '2013-03-24 00:00:00', 4, 0),
(2951, '乐事薯片', '2013-03-24 00:00:00', 44, 0),
(2952, '成都记忆瓶装酸奶（可退瓶）', '2013-03-24 00:00:00', 31, 0),
(2953, '新希望袋装酸奶', '2013-03-24 00:00:00', 16, 0),
(2954, '休闲时刻', '2013-03-24 00:00:00', 9, 0),
(2955, '果町屋椰果布丁', '2013-03-24 00:00:00', 29, 0),
(2956, '猕猴桃', '2013-03-24 00:00:00', 6, 0),
(2957, '雪莲果', '2013-03-24 00:00:00', 25, 0),
(2958, '唐记锅巴', '2013-03-24 00:00:00', 22, 0),
(2959, '雀巢脆脆鲨', '2013-03-24 00:00:00', 12, 0),
(2960, '旺旺大米饼', '2013-03-24 00:00:00', 6, 0),
(2961, '口水族烤鱿鱼丝', '2013-03-24 00:00:00', 20, 0),
(2962, '美汁源果粒橙', '2013-03-24 00:00:00', 9, 0),
(2963, '旺仔QQ糖', '2013-03-24 00:00:00', 4, 0),
(2964, '米老头雪花煎卷（大包）', '2013-03-24 00:00:00', 11, 0),
(2965, '果肉荟', '2013-03-24 00:00:00', 4, 0),
(2966, '双汇玉米热狗', '2013-03-24 00:00:00', 13, 0),
(2967, '麻辣海带丝', '2013-03-24 00:00:00', 14, 0),
(2968, '蒙牛真果粒', '2013-03-24 00:00:00', 1, 0),
(2969, '德芙丝滑牛奶巧克力 ', '2013-03-24 00:00:00', 13, 0),
(2970, '新希望成都老酸奶', '2013-03-24 00:00:00', 22, 0),
(2971, '雪碧', '2013-03-24 00:00:00', 11, 0),
(2972, '西瓜（碗）', '2013-03-24 00:00:00', 2, 0),
(2973, '火龙果', '2013-03-24 00:00:00', 3, 0),
(2974, '龙眼（斤）', '2013-03-24 00:00:00', 4, 0),
(2975, '徐福记包馅酥', '2013-03-24 00:00:00', 6, 0),
(2976, '有友泡椒猪皮', '2013-03-24 00:00:00', 18, 0),
(2977, '满满都是爱', '2013-03-24 00:00:00', 10, 0),
(2978, '康师傅方便面（桶装）', '2013-03-24 00:00:00', 55, 0),
(2979, '春日里的野餐', '2013-03-24 00:00:00', 10, 0),
(2980, '枣想你阿胶枣', '2013-03-24 00:00:00', 2, 0),
(2981, '扑面田园风', '2013-03-24 00:00:00', 7, 0),
(2982, '喜之郎什锦果肉果冻布丁', '2013-03-24 00:00:00', 11, 0),
(2983, '大果粒（雪梨+菠萝）', '2013-03-24 00:00:00', 7, 0),
(2984, '老干妈风味豆豉', '2013-03-24 00:00:00', 8, 0),
(2985, '饕餮果肉荟', '2013-03-24 00:00:00', 37, 0),
(2986, '转运火龙果', '2013-03-24 00:00:00', 35, 0),
(2987, '百事可乐', '2013-03-24 00:00:00', 128, 0),
(2988, 'UP UP UP木瓜', '2013-03-24 00:00:00', 21, 0),
(2989, '有友泡椒凤爪', '2013-03-24 00:00:00', 10, 0),
(2990, '人见人爱圣女果（斤）', '2013-03-24 00:00:00', 37, 0),
(2991, 'IQ增增增香蕉', '2013-03-24 00:00:00', 110, 0),
(2992, '大白皇冠梨', '2013-03-24 00:00:00', 15, 0),
(2993, '害羞的苹果', '2013-03-24 00:00:00', 72, 0),
(2994, '别忘了柚子', '2013-03-24 00:00:00', 27, 0),
(2995, '就爱吃芒果', '2013-03-24 00:00:00', 15, 0),
(2996, '跳跃的小金桔（斤）', '2013-03-24 00:00:00', 36, 0),
(2997, '会隐身的猕猴桃', '2013-03-24 00:00:00', 37, 0),
(2998, 'V美五仁露', '2013-03-24 00:00:00', 1, 0),
(2999, '挑逗舌尖的草莓（碗）', '2013-03-24 00:00:00', 93, 0),
(3000, '油王子菠萝（碗）', '2013-03-24 00:00:00', 70, 0),
(3001, '弄丢了帽子的脐橙', '2013-03-24 00:00:00', 40, 0),
(3002, '加多宝', '2013-03-24 00:00:00', 8, 0),
(3003, '健康生活', '2013-03-24 00:00:00', 1, 0),
(3004, '香气扑鼻哈密瓜（碗）', '2013-03-24 00:00:00', 30, 0),
(3005, '恰恰香瓜子', '2013-03-24 00:00:00', 10, 0),
(3006, '雪花勇闯天涯（罐装）', '2013-03-24 00:00:00', 11, 0),
(3007, '有友泡椒花生', '2013-03-24 00:00:00', 11, 0),
(3008, '春日里的柠檬', '2013-03-24 00:00:00', 14, 0),
(3009, '椪柑（个）', '2013-03-24 00:00:00', 4, 0),
(3010, '好巴食麻辣豆腐干', '2013-03-24 00:00:00', 11, 0),
(3011, '鱼泉榨菜', '2013-03-24 00:00:00', 3, 0),
(3012, '棒棒娃手撕牛肉', '2013-03-24 00:00:00', 17, 0),
(3013, '双汇泡椒风味肠', '2013-03-24 00:00:00', 10, 0),
(3014, 'MM豆', '2013-03-24 00:00:00', 1, 0),
(3015, '半边梅', '2013-03-24 00:00:00', 5, 0),
(3016, '麻辣豇豆', '2013-03-24 00:00:00', 18, 0),
(3017, '双汇香辣香脆肠', '2013-03-24 00:00:00', 23, 0),
(3018, '雀巢咖啡粉', '2013-03-24 00:00:00', 5, 0),
(3019, '雀巢全脂奶粉', '2013-03-24 00:00:00', 5, 0),
(3020, '西麦燕麦片', '2013-03-24 00:00:00', 3, 0),
(3021, '麻辣萝卜干', '2013-03-24 00:00:00', 7, 0),
(3022, '太平梳打饼干', '2013-03-24 00:00:00', 3, 0),
(3023, '好孩子爱吃芒果', '2013-03-24 00:00:00', 87, 0),
(3024, '达利园瑞士卷（小包）', '2013-03-24 00:00:00', 2, 0),
(3025, '波力海苔 ', '2013-03-24 00:00:00', 7, 0),
(3026, '百世兴酒鬼花生', '2013-03-24 00:00:00', 5, 0),
(3027, '口水娃青豆', '2013-03-24 00:00:00', 4, 0),
(3028, '旺宝大杏仁', '2013-03-24 00:00:00', 10, 0),
(3029, '绿箭口香糖', '2013-03-24 00:00:00', 2, 0),
(3030, '大白兔奶糖', '2013-03-24 00:00:00', 6, 0),
(3031, '真知棒', '2013-03-24 00:00:00', 4, 0),
(3032, '银鹭八宝粥罐头', '2013-03-24 00:00:00', 6, 0),
(3033, '超级无敌大旋风金刚钻果篮', '2013-03-24 00:00:00', 5, 0),
(3034, '新希望纯牛奶', '2013-03-24 00:00:00', 1, 0),
(3035, '伊利纯牛奶', '2013-03-24 00:00:00', 4, 0),
(3036, '康师傅茉莉清茶', '2013-03-24 00:00:00', 1, 0),
(3037, '靖淞源新疆葡萄干', '2013-03-24 00:00:00', 4, 0),
(3038, '统一阿萨姆奶茶', '2013-03-24 00:00:00', 4, 0),
(3039, '核桃', '2013-03-24 00:00:00', 1, 0),
(3040, '松子', '2013-03-24 00:00:00', 4, 0),
(3041, '话梅', '2013-03-24 00:00:00', 1, 0),
(3042, '甘草瓜子', '2013-03-24 00:00:00', 2, 0),
(3043, '雀巢咖啡（瓶装）', '2013-03-24 00:00:00', 3, 0),
(3044, '阿尔卑斯硬糖', '2013-03-24 00:00:00', 1, 0),
(3045, '人见人爱圣女果（斤）', '2013-03-25 00:00:00', 25, 0),
(3046, '旺仔QQ糖', '2013-03-25 00:00:00', 3, 0),
(3047, '乐事薯片', '2013-03-25 00:00:00', 206, 0),
(3048, '雪碧', '2013-03-25 00:00:00', 4, 0),
(3049, '雪莲果', '2013-03-25 00:00:00', 18, 0),
(3050, '棒棒娃手撕牛肉', '2013-03-25 00:00:00', 14, 0),
(3051, '日清泡面', '2013-03-25 00:00:00', 35, 0),
(3052, '雀巢全脂奶粉', '2013-03-25 00:00:00', 11, 0),
(3053, '棒棒娃牛肉粒', '2013-03-25 00:00:00', 10, 0),
(3054, '上帝家园紫薯条', '2013-03-25 00:00:00', 9, 0),
(3055, '春日里的柠檬', '2013-03-25 00:00:00', 2, 0),
(3056, '老干妈风味豆豉', '2013-03-25 00:00:00', 16, 0),
(3057, '双汇香辣香脆肠', '2013-03-25 00:00:00', 21, 0),
(3058, '乡吧佬卤蛋', '2013-03-25 00:00:00', 33, 0),
(3059, '香飘飘奶茶', '2013-03-25 00:00:00', 4, 0),
(3060, '成都记忆瓶装酸奶（可退瓶）', '2013-03-25 00:00:00', 37, 0),
(3061, '百事可乐', '2013-03-25 00:00:00', 13, 0),
(3062, '香气扑鼻哈密瓜（碗）', '2013-03-25 00:00:00', 30, 0),
(3063, '趣多多巧克力味曲奇饼干', '2013-03-25 00:00:00', 5, 0),
(3064, 'MM豆', '2013-03-25 00:00:00', 3, 0),
(3065, '挑逗舌尖的草莓（碗）', '2013-03-25 00:00:00', 80, 0),
(3066, '徐福记草莓酥', '2013-03-25 00:00:00', 1, 0),
(3067, '好孩子爱吃芒果', '2013-03-25 00:00:00', 73, 0),
(3068, '奥利奥夹心饼干', '2013-03-25 00:00:00', 1, 0),
(3069, '春日里的野餐', '2013-03-25 00:00:00', 3, 0),
(3070, '扑面田园风', '2013-03-25 00:00:00', 2, 0),
(3071, '美丽心情', '2013-03-25 00:00:00', 2, 0),
(3072, '新希望杯装酸奶', '2013-03-25 00:00:00', 28, 0),
(3073, '饕餮果肉荟', '2013-03-25 00:00:00', 34, 0),
(3074, '麻辣萝卜干', '2013-03-25 00:00:00', 6, 0),
(3075, 'IQ增增增香蕉', '2013-03-25 00:00:00', 68, 0),
(3076, '弄丢了帽子的脐橙', '2013-03-25 00:00:00', 6, 0),
(3077, '转运火龙果', '2013-03-25 00:00:00', 34, 0),
(3078, '新希望袋装酸奶', '2013-03-25 00:00:00', 5, 0),
(3079, '饭扫光', '2013-03-25 00:00:00', 4, 0),
(3080, '害羞的苹果', '2013-03-25 00:00:00', 31, 0),
(3081, '德芙丝滑牛奶巧克力 ', '2013-03-25 00:00:00', 13, 0),
(3082, '龙眼（斤）', '2013-03-25 00:00:00', 2, 0),
(3083, '双汇玉米热狗', '2013-03-25 00:00:00', 20, 0),
(3084, '康师傅干拌面', '2013-03-25 00:00:00', 9, 0),
(3085, '康师傅方便面（桶装）', '2013-03-25 00:00:00', 20, 0),
(3086, '休闲时刻', '2013-03-25 00:00:00', 9, 0),
(3087, '满满都是爱', '2013-03-25 00:00:00', 2, 0),
(3088, '旺旺小小酥', '2013-03-25 00:00:00', 13, 0),
(3089, '米老头雪花煎卷（大包）', '2013-03-25 00:00:00', 17, 0),
(3090, '怡口莲巧克力风味夹心牛奶糖', '2013-03-25 00:00:00', 2, 0),
(3091, '会隐身的猕猴桃', '2013-03-25 00:00:00', 23, 0),
(3092, '得益绿色方便米饭', '2013-03-25 00:00:00', 14, 0),
(3093, '新希望纯牛奶', '2013-03-25 00:00:00', 3, 0),
(3094, '油王子菠萝（碗）', '2013-03-25 00:00:00', 64, 0),
(3095, '麻辣豇豆', '2013-03-25 00:00:00', 17, 0),
(3096, '香辣金针菇', '2013-03-25 00:00:00', 20, 0),
(3097, 'UP UP UP木瓜', '2013-03-25 00:00:00', 13, 0),
(3098, '好巴食麻辣豆腐干', '2013-03-25 00:00:00', 12, 0),
(3099, '果町屋椰果布丁', '2013-03-25 00:00:00', 26, 0),
(3100, '大白皇冠梨', '2013-03-25 00:00:00', 9, 0),
(3101, '跳跃的小金桔（斤）', '2013-03-25 00:00:00', 24, 0),
(3102, '旺旺大米饼', '2013-03-25 00:00:00', 9, 0),
(3103, '超级无敌大旋风金刚钻果篮', '2013-03-25 00:00:00', 3, 0),
(3104, '新希望成都老酸奶', '2013-03-25 00:00:00', 18, 0),
(3105, '喜之郎什锦果肉果冻布丁', '2013-03-25 00:00:00', 3, 0),
(3106, '旺宝大杏仁', '2013-03-25 00:00:00', 1, 0),
(3107, '唐记锅巴', '2013-03-25 00:00:00', 17, 0),
(3108, '达利园法式软面包（小包）', '2013-03-25 00:00:00', 16, 0),
(3109, 'V美五仁露', '2013-03-25 00:00:00', 1, 0),
(3110, '丢了帽子的脐橙', '2013-03-25 00:00:00', 15, 0),
(3111, '有友泡椒凤爪', '2013-03-25 00:00:00', 10, 0),
(3112, '旺宝开心果', '2013-03-25 00:00:00', 2, 0),
(3113, '别忘了柚子', '2013-03-25 00:00:00', 14, 0),
(3114, '雪花勇闯天涯（罐装）', '2013-03-25 00:00:00', 14, 0),
(3115, '双汇泡椒风味肠', '2013-03-25 00:00:00', 17, 0),
(3116, '变美柠檬', '2013-03-25 00:00:00', 17, 0),
(3117, '口水娃青豆', '2013-03-25 00:00:00', 6, 0),
(3118, '雀巢脆脆鲨', '2013-03-25 00:00:00', 8, 0),
(3119, '有友泡椒猪皮', '2013-03-25 00:00:00', 29, 0),
(3120, '桑葚（大盒）', '2013-03-25 00:00:00', 2, 0),
(3121, '雀巢咖啡（瓶装）', '2013-03-25 00:00:00', 1, 0),
(3122, '话梅', '2013-03-25 00:00:00', 4, 0),
(3123, '半边梅', '2013-03-25 00:00:00', 7, 0),
(3124, '乌梅', '2013-03-25 00:00:00', 8, 0),
(3125, '真知棒', '2013-03-25 00:00:00', 1, 0),
(3126, '统一阿萨姆奶茶', '2013-03-25 00:00:00', 2, 0),
(3127, '南方黑芝麻糊', '2013-03-25 00:00:00', 13, 0),
(3128, '西麦燕麦片', '2013-03-25 00:00:00', 14, 0),
(3129, '靖淞源新疆葡萄干', '2013-03-25 00:00:00', 6, 0),
(3130, '达利园派（小包）', '2013-03-25 00:00:00', 7, 0),
(3131, '康师傅茉莉清茶', '2013-03-25 00:00:00', 1, 0),
(3132, '原浆核桃花生乳', '2013-03-25 00:00:00', 1, 0),
(3133, '恰恰香瓜子', '2013-03-25 00:00:00', 10, 0),
(3134, '麻辣海带丝', '2013-03-25 00:00:00', 16, 0),
(3135, '猫哆哩酸角果派', '2013-03-25 00:00:00', 4, 0),
(3136, '徐福记包馅酥', '2013-03-25 00:00:00', 3, 0),
(3137, '口水族香辣黄花鱼', '2013-03-25 00:00:00', 9, 0),
(3138, '达利园瑞士卷（小包）', '2013-03-25 00:00:00', 2, 0),
(3139, '有友泡椒花生', '2013-03-25 00:00:00', 11, 0),
(3140, '波力海苔 ', '2013-03-25 00:00:00', 4, 0),
(3141, '徐福记沙琪玛（小包）', '2013-03-25 00:00:00', 9, 0),
(3142, '太平梳打饼干', '2013-03-25 00:00:00', 11, 0),
(3143, '口水族烤鱿鱼丝', '2013-03-25 00:00:00', 17, 0),
(3144, '青岛纯生', '2013-03-25 00:00:00', 6, 0),
(3145, '沙糖桔（斤）', '2013-03-25 00:00:00', 1, 0),
(3146, '百世兴酒鬼花生', '2013-03-25 00:00:00', 2, 0),
(3147, '康师傅3+2苏打夹心饼干', '2013-03-25 00:00:00', 4, 0),
(3148, '雀巢咖啡粉', '2013-03-25 00:00:00', 1, 0),
(3149, '银鹭八宝粥罐头', '2013-03-25 00:00:00', 8, 0),
(3150, '加多宝', '2013-03-25 00:00:00', 1, 0),
(3151, '卡夫果珍', '2013-03-25 00:00:00', 3, 0),
(3152, '甘草瓜子', '2013-03-25 00:00:00', 1, 0),
(3153, '鱼泉榨菜', '2013-03-25 00:00:00', 1, 0),
(3154, '好孩子爱吃芒果', '2013-03-26 00:00:00', 78, 0),
(3155, '人见人爱圣女果（斤）', '2013-03-26 00:00:00', 29, 0),
(3156, '会隐身的猕猴桃', '2013-03-26 00:00:00', 16, 0),
(3157, '话梅', '2013-03-26 00:00:00', 9, 0),
(3158, '大白皇冠梨', '2013-03-26 00:00:00', 20, 0),
(3159, '口水娃青豆', '2013-03-26 00:00:00', 4, 0),
(3160, '波力海苔 ', '2013-03-26 00:00:00', 3, 0),
(3161, '喜之郎什锦果肉果冻布丁', '2013-03-26 00:00:00', 13, 0),
(3162, '新希望杯装酸奶', '2013-03-26 00:00:00', 13, 0),
(3163, '康师傅方便面（桶装）', '2013-03-26 00:00:00', 17, 0),
(3164, '新希望纯牛奶', '2013-03-26 00:00:00', 4, 0),
(3165, '新希望成都老酸奶', '2013-03-26 00:00:00', 22, 0),
(3166, '日清泡面', '2013-03-26 00:00:00', 36, 0),
(3167, '康师傅3+2苏打夹心饼干', '2013-03-26 00:00:00', 1, 0),
(3168, '徐福记沙琪玛（小包）', '2013-03-26 00:00:00', 5, 0),
(3169, '转运火龙果', '2013-03-26 00:00:00', 30, 0),
(3170, '葡萄', '2013-03-26 00:00:00', 1, 0),
(3171, '双汇玉米热狗', '2013-03-26 00:00:00', 10, 0),
(3172, '棒棒娃牛肉粒', '2013-03-26 00:00:00', 4, 0),
(3173, '南方黑芝麻糊', '2013-03-26 00:00:00', 7, 0),
(3174, '挑逗舌尖的草莓（碗）', '2013-03-26 00:00:00', 41, 0),
(3175, '雪花勇闯天涯（罐装）', '2013-03-26 00:00:00', 10, 0),
(3176, '口水族烤鱿鱼丝', '2013-03-26 00:00:00', 11, 0),
(3177, '太平梳打饼干', '2013-03-26 00:00:00', 6, 0),
(3178, '达利园法式软面包（小包）', '2013-03-26 00:00:00', 8, 0),
(3179, '米老头雪花煎卷（大包）', '2013-03-26 00:00:00', 2, 0),
(3180, '银鹭八宝粥罐头', '2013-03-26 00:00:00', 7, 0),
(3181, '西麦燕麦片', '2013-03-26 00:00:00', 3, 0),
(3182, '雀巢全脂奶粉', '2013-03-26 00:00:00', 2, 0),
(3183, '得益绿色方便米饭', '2013-03-26 00:00:00', 14, 0),
(3184, '麻辣豇豆', '2013-03-26 00:00:00', 6, 0),
(3185, '双汇香辣香脆肠', '2013-03-26 00:00:00', 14, 0),
(3186, '有友泡椒花生', '2013-03-26 00:00:00', 8, 0),
(3187, '麻辣海带丝', '2013-03-26 00:00:00', 11, 0),
(3188, '乡吧佬卤蛋', '2013-03-26 00:00:00', 20, 0),
(3189, '双汇泡椒风味肠', '2013-03-26 00:00:00', 6, 0),
(3190, '成都记忆瓶装酸奶（可退瓶）', '2013-03-26 00:00:00', 32, 0),
(3191, '老干妈风味豆豉', '2013-03-26 00:00:00', 4, 0),
(3192, '德芙丝滑牛奶巧克力 ', '2013-03-26 00:00:00', 6, 0),
(3193, '香辣金针菇', '2013-03-26 00:00:00', 13, 0),
(3194, '棒棒娃手撕牛肉', '2013-03-26 00:00:00', 9, 0),
(3195, '果町屋椰果布丁', '2013-03-26 00:00:00', 12, 0),
(3196, '有友泡椒猪皮', '2013-03-26 00:00:00', 17, 0),
(3197, '唐记锅巴', '2013-03-26 00:00:00', 26, 0),
(3198, '恰恰香瓜子', '2013-03-26 00:00:00', 6, 0),
(3199, '饕餮果肉荟', '2013-03-26 00:00:00', 41, 0),
(3200, '香气扑鼻哈密瓜（碗）', '2013-03-26 00:00:00', 38, 0),
(3201, '变美柠檬', '2013-03-26 00:00:00', 9, 0),
(3202, '油王子菠萝（碗）', '2013-03-26 00:00:00', 67, 0),
(3203, '跳跃的小金桔（斤）', '2013-03-26 00:00:00', 14, 0),
(3204, '乐事薯片', '2013-03-26 00:00:00', 40, 0),
(3205, '旺旺小小酥', '2013-03-26 00:00:00', 7, 0),
(3206, '害羞的苹果', '2013-03-26 00:00:00', 34, 0),
(3207, 'IQ增增增香蕉', '2013-03-26 00:00:00', 85, 0),
(3208, 'UP UP UP木瓜', '2013-03-26 00:00:00', 14, 0),
(3209, '丢了帽子的脐橙', '2013-03-26 00:00:00', 23, 0),
(3210, '休闲时刻', '2013-03-26 00:00:00', 6, 0),
(3211, '绿箭口香糖', '2013-03-26 00:00:00', 3, 0),
(3212, '康师傅干拌面', '2013-03-26 00:00:00', 6, 0),
(3213, '饭扫光', '2013-03-26 00:00:00', 3, 0),
(3214, '新希望袋装酸奶', '2013-03-26 00:00:00', 6, 0),
(3215, '靖淞源新疆葡萄干', '2013-03-26 00:00:00', 8, 0),
(3216, '好巴食麻辣豆腐干', '2013-03-26 00:00:00', 5, 0),
(3217, '别忘了柚子', '2013-03-26 00:00:00', 7, 0),
(3218, '雀巢脆脆鲨', '2013-03-26 00:00:00', 13, 0),
(3219, '雪碧', '2013-03-26 00:00:00', 101, 0),
(3220, '统一阿萨姆奶茶', '2013-03-26 00:00:00', 6, 0),
(3221, '旺旺挑逗', '2013-03-26 00:00:00', 6, 0),
(3222, '雪莲果', '2013-03-26 00:00:00', 28, 0),
(3223, '雀巢咖啡（瓶装）', '2013-03-26 00:00:00', 2, 0),
(3224, '龙眼（斤）', '2013-03-26 00:00:00', 4, 0),
(3225, '沙糖桔（斤）', '2013-03-26 00:00:00', 2, 0),
(3226, '椪柑（个）', '2013-03-26 00:00:00', 1, 0),
(3227, '西瓜（碗）', '2013-03-26 00:00:00', 3, 0),
(3228, '达利园瑞士卷（小包）', '2013-03-26 00:00:00', 5, 0),
(3229, '徐福记包馅酥', '2013-03-26 00:00:00', 5, 0),
(3230, '加多宝', '2013-03-26 00:00:00', 3, 0),
(3231, '猫哆哩酸角果派', '2013-03-26 00:00:00', 3, 0),
(3232, '青岛纯生', '2013-03-26 00:00:00', 5, 0),
(3233, '趣多多巧克力味曲奇饼干', '2013-03-26 00:00:00', 6, 0),
(3234, '奥利奥夹心饼干', '2013-03-26 00:00:00', 6, 0),
(3235, '超级无敌大旋风金刚钻果篮', '2013-03-26 00:00:00', 5, 0),
(3236, '口水族香辣黄花鱼', '2013-03-26 00:00:00', 7, 0),
(3237, '有友泡椒凤爪', '2013-03-26 00:00:00', 7, 0),
(3238, '阿尔卑斯硬糖', '2013-03-26 00:00:00', 2, 0),
(3239, '甘草瓜子', '2013-03-26 00:00:00', 2, 0),
(3240, '乌梅', '2013-03-26 00:00:00', 5, 0),
(3241, '上帝家园紫薯条', '2013-03-26 00:00:00', 6, 0),
(3242, '半边梅', '2013-03-26 00:00:00', 3, 0),
(3243, '旺宝大杏仁', '2013-03-26 00:00:00', 7, 0),
(3244, '旺宝开心果', '2013-03-26 00:00:00', 2, 0),
(3245, '百世兴酒鬼花生', '2013-03-26 00:00:00', 5, 0),
(3246, '圣女果脯', '2013-03-26 00:00:00', 1, 0),
(3247, '松子', '2013-03-26 00:00:00', 1, 0),
(3248, '达利园派（小包）', '2013-03-26 00:00:00', 4, 0),
(3249, '旺旺大米饼', '2013-03-26 00:00:00', 1, 0),
(3250, '麻辣萝卜干', '2013-03-26 00:00:00', 4, 0),
(3251, '旺仔QQ糖', '2013-03-26 00:00:00', 1, 0),
(3252, '大白兔奶糖', '2013-03-26 00:00:00', 2, 0),
(3253, '真知棒', '2013-03-26 00:00:00', 1, 0),
(3254, '怡口莲巧克力风味夹心牛奶糖', '2013-03-26 00:00:00', 2, 0),
(3255, 'MM豆', '2013-03-26 00:00:00', 2, 0),
(3256, '鱼泉榨菜', '2013-03-26 00:00:00', 4, 0),
(3257, '百事可乐', '2013-03-26 00:00:00', 1, 0),
(3258, '香飘飘奶茶', '2013-03-26 00:00:00', 4, 0),
(3259, '康师傅茉莉清茶', '2013-03-26 00:00:00', 1, 0),
(3260, '美汁源果粒橙', '2013-03-26 00:00:00', 4, 0),
(3261, '雀巢咖啡粉', '2013-03-26 00:00:00', 2, 0),
(3262, '卡夫果珍', '2013-03-26 00:00:00', 2, 0),
(3263, '大果粒（雪梨+菠萝）', '2013-03-26 00:00:00', 2, 0),
(3264, '原浆核桃花生乳', '2013-03-26 00:00:00', 3, 0),
(3265, 'V美果蔬乳酸菌饮品', '2013-03-26 00:00:00', 1, 0),
(3266, 'V美五仁露', '2013-03-26 00:00:00', 1, 0),
(3267, '满满都是爱', '2013-03-26 00:00:00', 2, 0),
(3268, '春日里的野餐', '2013-03-26 00:00:00', 3, 0),
(3269, '美丽心情', '2013-03-26 00:00:00', 1, 0),
(3270, '扑面田园风', '2013-03-26 00:00:00', 2, 0),
(3271, '桑葚（大盒）', '2013-03-26 00:00:00', 1, 0),
(3272, '枣想你阿胶枣', '2013-03-26 00:00:00', 1, 0),
(3273, '唐记锅巴', '2013-03-27 00:00:00', 11, 0),
(3274, '乐事薯片', '2013-03-27 00:00:00', 17, 0),
(3275, '香气扑鼻哈密瓜（碗）', '2013-03-27 00:00:00', 21, 0),
(3276, 'IQ增增增香蕉', '2013-03-27 00:00:00', 52, 0),
(3277, '葡萄', '2013-03-27 00:00:00', 3, 0),
(3278, '日清泡面', '2013-03-27 00:00:00', 22, 0),
(3279, '成都记忆瓶装酸奶（可退瓶）', '2013-03-27 00:00:00', 22, 0),
(3280, '真知棒', '2013-03-27 00:00:00', 2, 0),
(3281, '休闲时刻', '2013-03-27 00:00:00', 7, 0),
(3282, '果町屋椰果布丁', '2013-03-27 00:00:00', 7, 0),
(3283, '南方黑芝麻糊', '2013-03-27 00:00:00', 7, 0),
(3284, '太平梳打饼干', '2013-03-27 00:00:00', 5, 0),
(3285, '达利园法式软面包（小包）', '2013-03-27 00:00:00', 3, 0),
(3286, '米老头雪花煎卷（大包）', '2013-03-27 00:00:00', 9, 0),
(3287, '银鹭八宝粥罐头', '2013-03-27 00:00:00', 5, 0),
(3288, '西麦燕麦片', '2013-03-27 00:00:00', 2, 0),
(3289, '雀巢全脂奶粉', '2013-03-27 00:00:00', 4, 0),
(3290, '徐福记沙琪玛（小包）', '2013-03-27 00:00:00', 5, 0),
(3291, '得益绿色方便米饭', '2013-03-27 00:00:00', 16, 0),
(3292, '麻辣豇豆', '2013-03-27 00:00:00', 7, 0),
(3293, '双汇香辣香脆肠', '2013-03-27 00:00:00', 14, 0),
(3294, '新希望杯装酸奶', '2013-03-27 00:00:00', 15, 0),
(3295, '双汇玉米热狗', '2013-03-27 00:00:00', 12, 0),
(3296, '有友泡椒花生', '2013-03-27 00:00:00', 3, 0),
(3297, '麻辣海带丝', '2013-03-27 00:00:00', 9, 0),
(3298, '乡吧佬卤蛋', '2013-03-27 00:00:00', 17, 0),
(3299, '双汇泡椒风味肠', '2013-03-27 00:00:00', 7, 0),
(3300, '老干妈风味豆豉', '2013-03-27 00:00:00', 8, 0),
(3301, '雪花勇闯天涯（罐装）', '2013-03-27 00:00:00', 6, 0),
(3302, '德芙丝滑牛奶巧克力 ', '2013-03-27 00:00:00', 7, 0),
(3303, '香辣金针菇', '2013-03-27 00:00:00', 9, 0),
(3304, '棒棒娃手撕牛肉', '2013-03-27 00:00:00', 12, 0),
(3305, '新希望成都老酸奶', '2013-03-27 00:00:00', 7, 0),
(3306, '口水族烤鱿鱼丝', '2013-03-27 00:00:00', 2, 0),
(3307, '有友泡椒猪皮', '2013-03-27 00:00:00', 11, 0),
(3308, '恰恰香瓜子', '2013-03-27 00:00:00', 4, 0),
(3309, '棒棒娃牛肉粒', '2013-03-27 00:00:00', 2, 0),
(3310, '饕餮果肉荟', '2013-03-27 00:00:00', 13, 0),
(3311, '变美柠檬', '2013-03-27 00:00:00', 10, 0),
(3312, '挑逗舌尖的草莓（碗）', '2013-03-27 00:00:00', 82, 0),
(3313, '油王子菠萝（碗）', '2013-03-27 00:00:00', 42, 0),
(3314, '跳跃的小金桔（斤）', '2013-03-27 00:00:00', 11, 0),
(3315, '转运火龙果', '2013-03-27 00:00:00', 10, 0),
(3316, '好孩子爱吃芒果', '2013-03-27 00:00:00', 27, 0),
(3317, '雪碧', '2013-03-27 00:00:00', 9, 0),
(3318, '害羞的苹果', '2013-03-27 00:00:00', 31, 0),
(3319, '黄瓜', '2013-03-27 00:00:00', 1, 0),
(3320, '雪莲果', '2013-03-27 00:00:00', 15, 0),
(3321, '西瓜（碗）', '2013-03-27 00:00:00', 1, 0),
(3322, '半边梅', '2013-03-27 00:00:00', 3, 0),
(3323, '新希望袋装酸奶', '2013-03-27 00:00:00', 5, 0),
(3324, 'V美五仁露', '2013-03-27 00:00:00', 3, 0),
(3325, '徐福记包馅酥', '2013-03-27 00:00:00', 3, 0),
(3326, 'UP UP UP木瓜', '2013-03-27 00:00:00', 10, 0),
(3327, '甘草瓜子', '2013-03-27 00:00:00', 2, 0),
(3328, '香飘飘奶茶', '2013-03-27 00:00:00', 1, 0),
(3329, '旺宝开心果', '2013-03-27 00:00:00', 3, 0),
(3330, '新希望纯牛奶', '2013-03-27 00:00:00', 3, 0),
(3331, '蒙牛真果粒', '2013-03-27 00:00:00', 1, 0),
(3332, '康师傅茉莉清茶', '2013-03-27 00:00:00', 1, 0),
(3333, '统一阿萨姆奶茶', '2013-03-27 00:00:00', 2, 0),
(3334, '美汁源果粒橙', '2013-03-27 00:00:00', 4, 0),
(3335, '旺仔QQ糖', '2013-03-27 00:00:00', 3, 0),
(3336, '康师傅方便面（桶装）', '2013-03-27 00:00:00', 16, 0),
(3337, '乌梅', '2013-03-27 00:00:00', 6, 0),
(3338, '原浆核桃花生乳', '2013-03-27 00:00:00', 1, 0),
(3339, '大白皇冠梨', '2013-03-27 00:00:00', 10, 0),
(3340, '人见人爱圣女果（斤）', '2013-03-27 00:00:00', 22, 0),
(3341, '有友泡椒凤爪', '2013-03-27 00:00:00', 5, 0),
(3342, '会隐身的猕猴桃', '2013-03-27 00:00:00', 19, 0),
(3343, '口水娃青豆', '2013-03-27 00:00:00', 6, 0),
(3344, '话梅', '2013-03-27 00:00:00', 2, 0),
(3345, '满满都是爱', '2013-03-27 00:00:00', 3, 0),
(3346, '春日里的野餐', '2013-03-27 00:00:00', 1, 0),
(3347, '美丽心情', '2013-03-27 00:00:00', 3, 0),
(3348, '扑面田园风', '2013-03-27 00:00:00', 2, 0),
(3349, '猫哆哩酸角果派', '2013-03-27 00:00:00', 1, 0),
(3350, '康师傅干拌面', '2013-03-27 00:00:00', 9, 0),
(3351, '温柔的丑柑', '2013-03-27 00:00:00', 9, 0),
(3352, '口水族香辣黄花鱼', '2013-03-27 00:00:00', 2, 0),
(3353, '丢了帽子的脐橙', '2013-03-27 00:00:00', 19, 0),
(3354, '桑葚（大盒）', '2013-03-27 00:00:00', 2, 0),
(3355, '别忘了柚子', '2013-03-27 00:00:00', 16, 0),
(3356, '百事可乐', '2013-03-27 00:00:00', 5, 0),
(3357, '加多宝', '2013-03-27 00:00:00', 73, 0),
(3358, '龙眼（斤）', '2013-03-27 00:00:00', 1, 0),
(3359, '椪柑（个）', '2013-03-27 00:00:00', 3, 0),
(3360, '上帝家园紫薯条', '2013-03-27 00:00:00', 2, 0),
(3361, '靖淞源新疆葡萄干', '2013-03-27 00:00:00', 2, 0),
(3362, '喜之郎什锦果肉果冻布丁', '2013-03-27 00:00:00', 1, 0),
(3363, '旺旺挑逗', '2013-03-27 00:00:00', 2, 0),
(3364, '趣多多巧克力味曲奇饼干', '2013-03-27 00:00:00', 6, 0),
(3365, '奥利奥夹心饼干', '2013-03-27 00:00:00', 3, 0),
(3366, '好巴食麻辣豆腐干', '2013-03-27 00:00:00', 3, 0),
(3367, '旺旺大米饼', '2013-03-27 00:00:00', 3, 0),
(3368, '百世兴酒鬼花生', '2013-03-27 00:00:00', 1, 0),
(3369, '康师傅3+2苏打夹心饼干', '2013-03-27 00:00:00', 2, 0),
(3370, '青岛纯生', '2013-03-27 00:00:00', 3, 0),
(3371, '波力海苔 ', '2013-03-27 00:00:00', 1, 0),
(3372, '雀巢脆脆鲨', '2013-03-27 00:00:00', 8, 0),
(3373, '温柔丑柑', '2013-03-27 00:00:00', 18, 0),
(3374, '新希望成都老酸奶(小)', '2013-03-27 00:00:00', 9, 0),
(3375, '健康生活', '2013-03-27 00:00:00', 1, 0),
(3376, '沙糖桔（斤）', '2013-03-27 00:00:00', 2, 0),
(3377, '麻辣萝卜干', '2013-03-27 00:00:00', 2, 0),
(3378, '超级无敌大旋风金刚钻果篮', '2013-03-27 00:00:00', 3, 0),
(3379, '雀巢咖啡（瓶装）', '2013-03-27 00:00:00', 1, 0),
(3380, '大白兔奶糖', '2013-03-27 00:00:00', 1, 0),
(3381, '旺旺小小酥', '2013-03-27 00:00:00', 1, 0),
(3382, '旺宝大杏仁', '2013-03-27 00:00:00', 1, 0),
(3383, '饭扫光', '2013-03-27 00:00:00', 1, 0),
(3384, '松子', '2013-03-27 00:00:00', 1, 0),
(3385, '徐福记草莓酥', '2013-03-27 00:00:00', 1, 0),
(3386, '雀巢咖啡粉', '2013-03-27 00:00:00', 1, 0),
(3387, '达利园派（小包）', '2013-03-27 00:00:00', 2, 0),
(3388, '大果粒（雪梨+菠萝）', '2013-03-27 00:00:00', 1, 0),
(3389, '卡夫果珍', '2013-03-27 00:00:00', 1, 0),
(3390, '圣女果脯', '2013-03-27 00:00:00', 1, 0),
(3391, '达利园瑞士卷（小包）', '2013-03-27 00:00:00', 1, 0),
(3392, '维他型豆奶粉', '2013-03-27 00:00:00', 1, 0),
(3393, '统一阿萨姆奶茶', '2013-03-28 00:00:00', 7, 0),
(3394, '麻辣海带丝', '2013-03-28 00:00:00', 15, 0),
(3395, '挑逗舌尖的草莓（碗）', '2013-03-28 00:00:00', 69, 0),
(3396, '大白皇冠梨', '2013-03-28 00:00:00', 10, 0),
(3397, '成都记忆瓶装酸奶（可退瓶）', '2013-03-28 00:00:00', 22, 0),
(3398, '新希望成都老酸奶(小)', '2013-03-28 00:00:00', 13, 0),
(3399, '德芙丝滑牛奶巧克力 ', '2013-03-28 00:00:00', 9, 0),
(3400, '双汇泡椒风味肠', '2013-03-28 00:00:00', 8, 0),
(3401, '别忘了柚子', '2013-03-28 00:00:00', 21, 0),
(3402, '新希望杯装酸奶', '2013-03-28 00:00:00', 9, 0),
(3403, '有友泡椒猪皮', '2013-03-28 00:00:00', 15, 0),
(3404, '雀巢脆脆鲨', '2013-03-28 00:00:00', 8, 0),
(3405, '猫哆哩酸角果派', '2013-03-28 00:00:00', 8, 0),
(3406, '西瓜（碗）', '2013-03-28 00:00:00', 5, 0),
(3407, '好孩子爱吃芒果', '2013-03-28 00:00:00', 33, 0),
(3408, '大白兔奶糖', '2013-03-28 00:00:00', 3, 0),
(3409, '油王子菠萝（碗）', '2013-03-28 00:00:00', 74, 0),
(3410, '青岛纯生', '2013-03-28 00:00:00', 8, 0),
(3411, '趣多多巧克力味曲奇饼干', '2013-03-28 00:00:00', 1, 0),
(3412, '日清泡面', '2013-03-28 00:00:00', 19, 0),
(3413, '喜之郎什锦果肉果冻布丁', '2013-03-28 00:00:00', 6, 0),
(3414, '香气扑鼻哈密瓜（碗）', '2013-03-28 00:00:00', 25, 0),
(3415, '加多宝', '2013-03-28 00:00:00', 5, 0),
(3416, '雀巢咖啡粉', '2013-03-28 00:00:00', 3, 0),
(3417, '有友泡椒凤爪', '2013-03-28 00:00:00', 14, 0),
(3418, '大果粒（雪梨+菠萝）', '2013-03-28 00:00:00', 5, 0),
(3419, '唐记锅巴', '2013-03-28 00:00:00', 8, 0),
(3420, '害羞的苹果', '2013-03-28 00:00:00', 44, 0),
(3421, '香辣金针菇', '2013-03-28 00:00:00', 9, 0),
(3422, 'IQ增增增香蕉', '2013-03-28 00:00:00', 63, 0),
(3423, '原浆核桃花生乳', '2013-03-28 00:00:00', 3, 0),
(3424, 'V美果蔬乳酸菌饮品', '2013-03-28 00:00:00', 1, 0),
(3425, 'V美五仁露', '2013-03-28 00:00:00', 1, 0),
(3426, '伊利纯牛奶', '2013-03-28 00:00:00', 1, 0),
(3427, '温柔丑柑', '2013-03-28 00:00:00', 6, 0),
(3428, '青瑅', '2013-03-28 00:00:00', 1, 0),
(3429, '葡萄', '2013-03-28 00:00:00', 1, 0),
(3430, '果町屋椰果布丁', '2013-03-28 00:00:00', 5, 0),
(3431, '南方黑芝麻糊', '2013-03-28 00:00:00', 6, 0),
(3432, '绿箭口香糖', '2013-03-28 00:00:00', 3, 0),
(3433, '新希望袋装酸奶', '2013-03-28 00:00:00', 1, 0),
(3434, '达利园法式软面包（小包）', '2013-03-28 00:00:00', 10, 0),
(3435, '乐事薯片', '2013-03-28 00:00:00', 24, 0),
(3436, '枣想你阿胶枣', '2013-03-28 00:00:00', 1, 0),
(3437, '雪莲果', '2013-03-28 00:00:00', 22, 0),
(3438, '饕餮果肉荟', '2013-03-28 00:00:00', 26, 0),
(3439, '丢了帽子的脐橙', '2013-03-28 00:00:00', 17, 0),
(3440, '有友泡椒花生', '2013-03-28 00:00:00', 5, 0),
(3441, '会隐身的猕猴桃', '2013-03-28 00:00:00', 16, 0),
(3442, '人见人爱圣女果（斤）', '2013-03-28 00:00:00', 32, 0),
(3443, 'UP UP UP木瓜', '2013-03-28 00:00:00', 8, 0),
(3444, '转运火龙果', '2013-03-28 00:00:00', 9, 0),
(3445, '跳跃的小金桔（斤）', '2013-03-28 00:00:00', 17, 0),
(3446, '变美柠檬', '2013-03-28 00:00:00', 7, 0),
(3447, '超级无敌大旋风金刚钻果篮', '2013-03-28 00:00:00', 3, 0),
(3448, '旺宝大杏仁', '2013-03-28 00:00:00', 2, 0),
(3449, '康师傅方便面（桶装）', '2013-03-28 00:00:00', 16, 0),
(3450, '得益绿色方便米饭', '2013-03-28 00:00:00', 6, 0),
(3451, '银鹭八宝粥罐头', '2013-03-28 00:00:00', 5, 0),
(3452, '双汇玉米热狗', '2013-03-28 00:00:00', 12, 0),
(3453, '奥利奥夹心饼干', '2013-03-28 00:00:00', 4, 0),
(3454, '温柔丑柑（每人限抢3个）', '2013-03-28 00:00:00', 83, 0),
(3455, '康师傅3+2苏打夹心饼干', '2013-03-28 00:00:00', 6, 0),
(3456, '金茂昌果味布丁', '2013-03-28 00:00:00', 11, 0),
(3457, '棒棒娃手撕牛肉', '2013-03-28 00:00:00', 4, 0),
(3458, '休闲时刻', '2013-03-28 00:00:00', 3, 0),
(3459, '百事可乐', '2013-03-28 00:00:00', 10, 0),
(3460, '旺旺小小酥', '2013-03-28 00:00:00', 5, 0),
(3461, '米老头雪花煎卷（大包）', '2013-03-28 00:00:00', 2, 0),
(3462, '旺旺大米饼', '2013-03-28 00:00:00', 6, 0),
(3463, '好巴食麻辣豆腐干', '2013-03-28 00:00:00', 7, 0),
(3464, '百世兴酒鬼花生', '2013-03-28 00:00:00', 3, 0),
(3465, '达利园瑞士卷（小包）', '2013-03-28 00:00:00', 2, 0),
(3466, '扑面田园风', '2013-03-28 00:00:00', 1, 0),
(3467, '鱼泉榨菜', '2013-03-28 00:00:00', 3, 0),
(3468, '双汇香辣香脆肠', '2013-03-28 00:00:00', 14, 0),
(3469, '春日里的野餐', '2013-03-28 00:00:00', 2, 0),
(3470, '康师傅茉莉清茶', '2013-03-28 00:00:00', 2, 0),
(3471, '麻辣豇豆', '2013-03-28 00:00:00', 9, 0),
(3472, '上帝家园紫薯条', '2013-03-28 00:00:00', 5, 0),
(3473, '雪碧', '2013-03-28 00:00:00', 4, 0),
(3474, '波力海苔 ', '2013-03-28 00:00:00', 1, 0),
(3475, '雪花勇闯天涯（罐装）', '2013-03-28 00:00:00', 5, 0),
(3476, '恰恰香瓜子', '2013-03-28 00:00:00', 3, 0),
(3477, '半边梅', '2013-03-28 00:00:00', 1, 0),
(3478, '饭扫光', '2013-03-28 00:00:00', 2, 0),
(3479, '桑葚（大盒）', '2013-03-28 00:00:00', 1, 0),
(3480, '阿尔卑斯硬糖', '2013-03-28 00:00:00', 1, 0),
(3481, '康师傅干拌面', '2013-03-28 00:00:00', 11, 0),
(3482, '甘草瓜子', '2013-03-28 00:00:00', 1, 0),
(3483, '口水娃青豆', '2013-03-28 00:00:00', 5, 0),
(3484, '徐福记草莓酥', '2013-03-28 00:00:00', 1, 0),
(3485, '圣女果脯', '2013-03-28 00:00:00', 1, 0),
(3486, '达利园派（小包）', '2013-03-28 00:00:00', 1, 0),
(3487, '嘴巴的小假期', '2013-03-28 00:00:00', 1, 0),
(3488, '旺仔QQ糖', '2013-03-28 00:00:00', 4, 0),
(3489, '徐福记包馅酥', '2013-03-28 00:00:00', 1, 0),
(3490, '美汁源果粒橙', '2013-03-28 00:00:00', 3, 0),
(3491, '话梅', '2013-03-28 00:00:00', 3, 0),
(3492, '乡吧佬卤蛋', '2013-03-28 00:00:00', 18, 0),
(3493, '黄瓜', '2013-03-28 00:00:00', 1, 0),
(3494, '太平梳打饼干', '2013-03-28 00:00:00', 5, 0),
(3495, '口水族烤鱿鱼丝', '2013-03-28 00:00:00', 7, 0),
(3496, '口水族香辣黄花鱼', '2013-03-28 00:00:00', 7, 0),
(3497, '乌梅', '2013-03-28 00:00:00', 5, 0),
(3498, '棒棒娃牛肉粒', '2013-03-28 00:00:00', 2, 0),
(3499, '美丽心情', '2013-03-28 00:00:00', 1, 0),
(3500, 'MM豆', '2013-03-28 00:00:00', 4, 0),
(3501, '怡口莲巧克力风味夹心牛奶糖', '2013-03-28 00:00:00', 1, 0),
(3502, '徐福记沙琪玛（小包）', '2013-03-28 00:00:00', 3, 0),
(3503, '香飘飘奶茶', '2013-03-28 00:00:00', 3, 0),
(3504, '新希望纯牛奶', '2013-03-28 00:00:00', 2, 0),
(3505, '雀巢咖啡（瓶装）', '2013-03-28 00:00:00', 1, 0),
(3506, '靖淞源新疆葡萄干', '2013-03-28 00:00:00', 2, 0),
(3507, '真知棒', '2013-03-28 00:00:00', 2, 0),
(3508, '旺宝开心果', '2013-03-28 00:00:00', 2, 0),
(3509, '挑逗舌尖的草莓（碗）', '2013-03-29 00:00:00', 51, 0),
(3510, '双汇泡椒风味肠', '2013-03-29 00:00:00', 16, 0),
(3511, '香飘飘奶茶', '2013-03-29 00:00:00', 2, 0),
(3512, 'IQ增增增香蕉', '2013-03-29 00:00:00', 42, 0),
(3513, '温柔丑柑（每人限抢3个）', '2013-03-29 00:00:00', 7, 0),
(3514, '沙糖桔（斤）', '2013-03-29 00:00:00', 3, 0),
(3515, '康师傅3+2苏打夹心饼干', '2013-03-29 00:00:00', 5, 0),
(3516, '有友泡椒花生', '2013-03-29 00:00:00', 10, 0),
(3517, '雀巢全脂奶粉', '2013-03-29 00:00:00', 9, 0),
(3518, '旺旺大米饼', '2013-03-29 00:00:00', 4, 0),
(3519, 'MM豆', '2013-03-29 00:00:00', 5, 0),
(3520, '口水族烤鱿鱼丝', '2013-03-29 00:00:00', 12, 0),
(3521, '南方黑芝麻糊', '2013-03-29 00:00:00', 9, 0),
(3522, '达利园法式软面包（小包）', '2013-03-29 00:00:00', 8, 0),
(3523, '米老头雪花煎卷（大包）', '2013-03-29 00:00:00', 5, 0),
(3524, '银鹭八宝粥罐头', '2013-03-29 00:00:00', 4, 0),
(3525, '西麦燕麦片', '2013-03-29 00:00:00', 7, 0),
(3526, '徐福记沙琪玛（小包）', '2013-03-29 00:00:00', 10, 0),
(3527, '得益绿色方便米饭', '2013-03-29 00:00:00', 13, 0),
(3528, '麻辣豇豆', '2013-03-29 00:00:00', 13, 0),
(3529, '双汇香辣香脆肠', '2013-03-29 00:00:00', 25, 0),
(3530, '新希望杯装酸奶', '2013-03-29 00:00:00', 9, 0),
(3531, '双汇玉米热狗', '2013-03-29 00:00:00', 13, 0),
(3532, '麻辣海带丝', '2013-03-29 00:00:00', 11, 0),
(3533, '乡吧佬卤蛋', '2013-03-29 00:00:00', 11, 0),
(3534, '日清泡面', '2013-03-29 00:00:00', 28, 0),
(3535, '成都记忆瓶装酸奶（可退瓶）', '2013-03-29 00:00:00', 17, 0),
(3536, '雪花勇闯天涯（罐装）', '2013-03-29 00:00:00', 13, 0),
(3537, '德芙丝滑牛奶巧克力 ', '2013-03-29 00:00:00', 8, 0);
INSERT INTO `cart_item_view` (`id`, `item_name`, `time`, `view`, `item_id`) VALUES
(3538, '香辣金针菇', '2013-03-29 00:00:00', 19, 0),
(3539, '棒棒娃手撕牛肉', '2013-03-29 00:00:00', 5, 0),
(3540, '金茂昌果味布丁', '2013-03-29 00:00:00', 18, 0),
(3541, '新希望成都老酸奶(小)', '2013-03-29 00:00:00', 15, 0),
(3542, '有友泡椒猪皮', '2013-03-29 00:00:00', 11, 0),
(3543, '恰恰香瓜子', '2013-03-29 00:00:00', 7, 0),
(3544, '棒棒娃牛肉粒', '2013-03-29 00:00:00', 5, 0),
(3545, '乐事薯片', '2013-03-29 00:00:00', 25, 0),
(3546, '唐记锅巴', '2013-03-29 00:00:00', 41, 0),
(3547, '青岛纯生', '2013-03-29 00:00:00', 10, 0),
(3548, '饕餮果肉荟', '2013-03-29 00:00:00', 26, 0),
(3549, '香气扑鼻哈密瓜（碗）', '2013-03-29 00:00:00', 17, 0),
(3550, '油王子菠萝（碗）', '2013-03-29 00:00:00', 55, 0),
(3551, '跳跃的小金桔（斤）', '2013-03-29 00:00:00', 8, 0),
(3552, '人见人爱圣女果（斤）', '2013-03-29 00:00:00', 24, 0),
(3553, '别忘了柚子', '2013-03-29 00:00:00', 14, 0),
(3554, '老干妈风味豆豉', '2013-03-29 00:00:00', 4, 0),
(3555, '雪碧', '2013-03-29 00:00:00', 6, 0),
(3556, '青瑅', '2013-03-29 00:00:00', 2, 0),
(3557, '好孩子爱吃芒果', '2013-03-29 00:00:00', 16, 0),
(3558, '统一阿萨姆奶茶', '2013-03-29 00:00:00', 2, 0),
(3559, '害羞的苹果', '2013-03-29 00:00:00', 23, 0),
(3560, '雪莲果', '2013-03-29 00:00:00', 14, 0),
(3561, '新希望袋装酸奶', '2013-03-29 00:00:00', 8, 0),
(3562, '太平梳打饼干', '2013-03-29 00:00:00', 3, 0),
(3563, '康师傅方便面（桶装）', '2013-03-29 00:00:00', 21, 0),
(3564, '会隐身的猕猴桃', '2013-03-29 00:00:00', 13, 0),
(3565, '丢了帽子的脐橙', '2013-03-29 00:00:00', 9, 0),
(3566, '猫哆哩酸角果派', '2013-03-29 00:00:00', 2, 0),
(3567, '阿尔卑斯硬糖', '2013-03-29 00:00:00', 2, 0),
(3568, '甘草瓜子', '2013-03-29 00:00:00', 2, 0),
(3569, '乌梅', '2013-03-29 00:00:00', 7, 0),
(3570, 'UP UP UP木瓜', '2013-03-29 00:00:00', 14, 0),
(3571, '上帝家园紫薯条', '2013-03-29 00:00:00', 4, 0),
(3572, '靖淞源新疆葡萄干', '2013-03-29 00:00:00', 1, 0),
(3573, '半边梅', '2013-03-29 00:00:00', 2, 0),
(3574, '旺宝大杏仁', '2013-03-29 00:00:00', 4, 0),
(3575, '口水娃青豆', '2013-03-29 00:00:00', 3, 0),
(3576, '旺宝开心果', '2013-03-29 00:00:00', 4, 0),
(3577, '话梅', '2013-03-29 00:00:00', 2, 0),
(3578, '圣女果脯', '2013-03-29 00:00:00', 2, 0),
(3579, '百世兴酒鬼花生', '2013-03-29 00:00:00', 3, 0),
(3580, '松子', '2013-03-29 00:00:00', 1, 0),
(3581, '旺旺挑逗', '2013-03-29 00:00:00', 3, 0),
(3582, '旺旺小小酥', '2013-03-29 00:00:00', 9, 0),
(3583, '奥利奥夹心饼干', '2013-03-29 00:00:00', 5, 0),
(3584, '趣多多巧克力味曲奇饼干', '2013-03-29 00:00:00', 3, 0),
(3585, '雀巢脆脆鲨', '2013-03-29 00:00:00', 2, 0),
(3586, '徐福记包馅酥', '2013-03-29 00:00:00', 4, 0),
(3587, '达利园派（小包）', '2013-03-29 00:00:00', 3, 0),
(3588, '达利园瑞士卷（小包）', '2013-03-29 00:00:00', 4, 0),
(3589, '有友泡椒凤爪', '2013-03-29 00:00:00', 8, 0),
(3590, '果町屋椰果布丁', '2013-03-29 00:00:00', 5, 0),
(3591, '口水族香辣黄花鱼', '2013-03-29 00:00:00', 6, 0),
(3592, '喜之郎什锦果肉果冻布丁', '2013-03-29 00:00:00', 6, 0),
(3593, '好巴食麻辣豆腐干', '2013-03-29 00:00:00', 5, 0),
(3594, '波力海苔 ', '2013-03-29 00:00:00', 3, 0),
(3595, '麻辣萝卜干', '2013-03-29 00:00:00', 3, 0),
(3596, '旺仔QQ糖', '2013-03-29 00:00:00', 3, 0),
(3597, '大白兔奶糖', '2013-03-29 00:00:00', 1, 0),
(3598, '真知棒', '2013-03-29 00:00:00', 4, 0),
(3599, '怡口莲巧克力风味夹心牛奶糖', '2013-03-29 00:00:00', 3, 0),
(3600, '绿箭口香糖', '2013-03-29 00:00:00', 3, 0),
(3601, '康师傅干拌面', '2013-03-29 00:00:00', 10, 0),
(3602, '饭扫光', '2013-03-29 00:00:00', 6, 0),
(3603, '鱼泉榨菜', '2013-03-29 00:00:00', 2, 0),
(3604, '百事可乐', '2013-03-29 00:00:00', 9, 0),
(3605, '加多宝', '2013-03-29 00:00:00', 2, 0),
(3606, '雀巢咖啡（瓶装）', '2013-03-29 00:00:00', 2, 0),
(3607, '美汁源果粒橙', '2013-03-29 00:00:00', 3, 0),
(3608, '康师傅茉莉清茶', '2013-03-29 00:00:00', 2, 0),
(3609, '卡夫果珍', '2013-03-29 00:00:00', 2, 0),
(3610, '雀巢咖啡粉', '2013-03-29 00:00:00', 1, 0),
(3611, '新希望纯牛奶', '2013-03-29 00:00:00', 6, 0),
(3612, '大果粒（雪梨+菠萝）', '2013-03-29 00:00:00', 7, 0),
(3613, '原浆核桃花生乳', '2013-03-29 00:00:00', 3, 0),
(3614, 'V美果蔬乳酸菌饮品', '2013-03-29 00:00:00', 1, 0),
(3615, 'V美五仁露', '2013-03-29 00:00:00', 1, 0),
(3616, '休闲时刻', '2013-03-29 00:00:00', 3, 0),
(3617, '满满都是爱', '2013-03-29 00:00:00', 1, 0),
(3618, '春日里的野餐', '2013-03-29 00:00:00', 1, 0),
(3619, '美丽心情', '2013-03-29 00:00:00', 3, 0),
(3620, '扑面田园风', '2013-03-29 00:00:00', 3, 0),
(3621, '转运火龙果', '2013-03-29 00:00:00', 5, 0),
(3622, '大白皇冠梨', '2013-03-29 00:00:00', 8, 0),
(3623, '椪柑（个）', '2013-03-29 00:00:00', 1, 0),
(3624, '超级无敌大旋风金刚钻果篮', '2013-03-29 00:00:00', 1, 0),
(3625, '龙眼（斤）', '2013-03-29 00:00:00', 3, 0),
(3626, '变美柠檬', '2013-03-29 00:00:00', 11, 0),
(3627, '枣想你阿胶枣', '2013-03-29 00:00:00', 1, 0),
(3628, '伊利优酸乳', '2013-03-29 00:00:00', 2, 0),
(3629, '桑葚（大盒）', '2013-03-29 00:00:00', 3, 0),
(3630, '西瓜（碗）', '2013-03-29 00:00:00', 1, 0),
(3631, '核桃', '2013-03-29 00:00:00', 2, 0),
(3632, '徐福记草莓酥', '2013-03-29 00:00:00', 1, 0),
(3633, '伊利纯牛奶', '2013-03-29 00:00:00', 3, 0),
(3634, '蒙牛真果粒', '2013-03-29 00:00:00', 1, 0),
(3635, '健康生活', '2013-03-29 00:00:00', 1, 0),
(3636, '温柔丑柑', '2013-03-29 00:00:00', 11, 0),
(3637, '黄瓜', '2013-03-29 00:00:00', 1, 0),
(3638, '好巴食麻辣豆腐干', '2013-03-30 00:00:00', 13, 0),
(3639, '唐记锅巴', '2013-03-30 00:00:00', 13, 0),
(3640, '雪碧', '2013-03-30 00:00:00', 8, 0),
(3641, '波力海苔 ', '2013-03-30 00:00:00', 4, 0),
(3642, '饭扫光', '2013-03-30 00:00:00', 2, 0),
(3643, '日清泡面', '2013-03-30 00:00:00', 30, 0),
(3644, '达利园法式软面包（小包）', '2013-03-30 00:00:00', 4, 0),
(3645, '新希望杯装酸奶', '2013-03-30 00:00:00', 9, 0),
(3646, '人见人爱圣女果（斤）', '2013-03-30 00:00:00', 23, 0),
(3647, '双汇香辣香脆肠', '2013-03-30 00:00:00', 16, 0),
(3648, 'IQ增增增香蕉', '2013-03-30 00:00:00', 49, 0),
(3649, '雪莲果', '2013-03-30 00:00:00', 19, 0),
(3650, '饕餮果肉荟', '2013-03-30 00:00:00', 33, 0),
(3651, '恰恰香瓜子', '2013-03-30 00:00:00', 5, 0),
(3652, '鱼泉榨菜', '2013-03-30 00:00:00', 3, 0),
(3653, '油王子菠萝（碗）', '2013-03-30 00:00:00', 38, 0),
(3654, '好孩子爱吃芒果', '2013-03-30 00:00:00', 29, 0),
(3655, '雪花勇闯天涯（罐装）', '2013-03-30 00:00:00', 12, 0),
(3656, '德芙丝滑牛奶巧克力 ', '2013-03-30 00:00:00', 6, 0),
(3657, '挑逗舌尖的草莓（碗）', '2013-03-30 00:00:00', 46, 0),
(3658, '害羞的苹果', '2013-03-30 00:00:00', 15, 0),
(3659, '香飘飘奶茶', '2013-03-30 00:00:00', 3, 0),
(3660, '新希望成都老酸奶(小)', '2013-03-30 00:00:00', 21, 0),
(3661, '新希望纯牛奶', '2013-03-30 00:00:00', 8, 0),
(3662, '葡萄', '2013-03-30 00:00:00', 2, 0),
(3663, '康师傅3+2苏打夹心饼干', '2013-03-30 00:00:00', 3, 0),
(3664, '卡夫果珍', '2013-03-30 00:00:00', 1, 0),
(3665, '美丽心情', '2013-03-30 00:00:00', 5, 0),
(3666, '休闲时刻', '2013-03-30 00:00:00', 5, 0),
(3667, '满满都是爱', '2013-03-30 00:00:00', 4, 0),
(3668, '扑面田园风', '2013-03-30 00:00:00', 3, 0),
(3669, '春日里的野餐', '2013-03-30 00:00:00', 4, 0),
(3670, '果町屋椰果布丁', '2013-03-30 00:00:00', 10, 0),
(3671, '麻辣萝卜干', '2013-03-30 00:00:00', 5, 0),
(3672, '新希望袋装酸奶', '2013-03-30 00:00:00', 6, 0),
(3673, 'V美果蔬乳酸菌饮品', '2013-03-30 00:00:00', 2, 0),
(3674, '趣多多巧克力味曲奇饼干', '2013-03-30 00:00:00', 3, 0),
(3675, '达利园瑞士卷（小包）', '2013-03-30 00:00:00', 4, 0),
(3676, '达利园派（小包）', '2013-03-30 00:00:00', 7, 0),
(3677, '旺旺小小酥', '2013-03-30 00:00:00', 10, 0),
(3678, '雀巢脆脆鲨', '2013-03-30 00:00:00', 6, 0),
(3679, '百世兴酒鬼花生', '2013-03-30 00:00:00', 4, 0),
(3680, '旺旺大米饼', '2013-03-30 00:00:00', 6, 0),
(3681, '旺宝大杏仁', '2013-03-30 00:00:00', 10, 0),
(3682, '喜之郎什锦果肉果冻布丁', '2013-03-30 00:00:00', 2, 0),
(3683, '奥利奥夹心饼干', '2013-03-30 00:00:00', 1, 0),
(3684, '旺宝开心果', '2013-03-30 00:00:00', 7, 0),
(3685, '加多宝', '2013-03-30 00:00:00', 2, 0),
(3686, '口水娃青豆', '2013-03-30 00:00:00', 4, 0),
(3687, '老干妈风味豆豉', '2013-03-30 00:00:00', 2, 0),
(3688, '旺旺挑逗', '2013-03-30 00:00:00', 2, 0),
(3689, '靖淞源新疆葡萄干', '2013-03-30 00:00:00', 3, 0),
(3690, '上帝家园紫薯条', '2013-03-30 00:00:00', 9, 0),
(3691, '怡口莲巧克力风味夹心牛奶糖', '2013-03-30 00:00:00', 3, 0),
(3692, '旺仔QQ糖', '2013-03-30 00:00:00', 5, 0),
(3693, '百事可乐', '2013-03-30 00:00:00', 2, 0),
(3694, '雀巢咖啡（瓶装）', '2013-03-30 00:00:00', 3, 0),
(3695, '真知棒', '2013-03-30 00:00:00', 2, 0),
(3696, '统一阿萨姆奶茶', '2013-03-30 00:00:00', 4, 0),
(3697, '徐福记包馅酥', '2013-03-30 00:00:00', 1, 0),
(3698, 'MM豆', '2013-03-30 00:00:00', 2, 0),
(3699, '话梅', '2013-03-30 00:00:00', 1, 0),
(3700, 'UP UP UP木瓜', '2013-03-30 00:00:00', 11, 0),
(3701, '松子', '2013-03-30 00:00:00', 2, 0),
(3702, '半边梅', '2013-03-30 00:00:00', 3, 0),
(3703, '圣女果脯', '2013-03-30 00:00:00', 1, 0),
(3704, '桑葚（大盒）', '2013-03-30 00:00:00', 3, 0),
(3705, '西瓜（碗）', '2013-03-30 00:00:00', 2, 0),
(3706, '枣想你阿胶枣', '2013-03-30 00:00:00', 3, 0),
(3707, '变美柠檬', '2013-03-30 00:00:00', 4, 0),
(3708, 'V美五仁露', '2013-03-30 00:00:00', 2, 0),
(3709, '原浆核桃花生乳', '2013-03-30 00:00:00', 7, 0),
(3710, '伊利优酸乳', '2013-03-30 00:00:00', 2, 0),
(3711, '大果粒（雪梨+菠萝）', '2013-03-30 00:00:00', 4, 0),
(3712, '雀巢咖啡粉', '2013-03-30 00:00:00', 4, 0),
(3713, '美汁源果粒橙', '2013-03-30 00:00:00', 1, 0),
(3714, '康师傅茉莉清茶', '2013-03-30 00:00:00', 5, 0),
(3715, '绿箭口香糖', '2013-03-30 00:00:00', 1, 0),
(3716, '大白兔奶糖', '2013-03-30 00:00:00', 1, 0),
(3717, '椪柑（个）', '2013-03-30 00:00:00', 2, 0),
(3718, '龙眼（斤）', '2013-03-30 00:00:00', 2, 0),
(3719, '大白皇冠梨', '2013-03-30 00:00:00', 43, 0),
(3720, '口水族烤鱿鱼丝', '2013-03-30 00:00:00', 6, 0),
(3721, '南方黑芝麻糊', '2013-03-30 00:00:00', 6, 0),
(3722, '太平梳打饼干', '2013-03-30 00:00:00', 5, 0),
(3723, '米老头雪花煎卷（大包）', '2013-03-30 00:00:00', 3, 0),
(3724, '银鹭八宝粥罐头', '2013-03-30 00:00:00', 3, 0),
(3725, '西麦燕麦片', '2013-03-30 00:00:00', 2, 0),
(3726, '雀巢全脂奶粉', '2013-03-30 00:00:00', 1, 0),
(3727, '徐福记沙琪玛（小包）', '2013-03-30 00:00:00', 4, 0),
(3728, '得益绿色方便米饭', '2013-03-30 00:00:00', 13, 0),
(3729, '麻辣豇豆', '2013-03-30 00:00:00', 9, 0),
(3730, '双汇玉米热狗', '2013-03-30 00:00:00', 9, 0),
(3731, '有友泡椒花生', '2013-03-30 00:00:00', 7, 0),
(3732, '麻辣海带丝', '2013-03-30 00:00:00', 8, 0),
(3733, '乡吧佬卤蛋', '2013-03-30 00:00:00', 17, 0),
(3734, '双汇泡椒风味肠', '2013-03-30 00:00:00', 7, 0),
(3735, '成都记忆瓶装酸奶（可退瓶）', '2013-03-30 00:00:00', 18, 0),
(3736, '香辣金针菇', '2013-03-30 00:00:00', 9, 0),
(3737, '棒棒娃手撕牛肉', '2013-03-30 00:00:00', 9, 0),
(3738, '金茂昌果味布丁', '2013-03-30 00:00:00', 18, 0),
(3739, '有友泡椒猪皮', '2013-03-30 00:00:00', 17, 0),
(3740, '棒棒娃牛肉粒', '2013-03-30 00:00:00', 3, 0),
(3741, '乐事薯片', '2013-03-30 00:00:00', 18, 0),
(3742, '青岛纯生', '2013-03-30 00:00:00', 9, 0),
(3743, '香气扑鼻哈密瓜（碗）', '2013-03-30 00:00:00', 9, 0),
(3744, '跳跃的小金桔（斤）', '2013-03-30 00:00:00', 16, 0),
(3745, '别忘了柚子', '2013-03-30 00:00:00', 19, 0),
(3746, '温柔丑柑', '2013-03-30 00:00:00', 15, 0),
(3747, '有友泡椒凤爪', '2013-03-30 00:00:00', 13, 0),
(3748, '口水族香辣黄花鱼', '2013-03-30 00:00:00', 4, 0),
(3749, '康师傅干拌面', '2013-03-30 00:00:00', 24, 0),
(3750, '会隐身的猕猴桃', '2013-03-30 00:00:00', 10, 0),
(3751, '伊利纯牛奶', '2013-03-30 00:00:00', 2, 0),
(3752, '转运火龙果', '2013-03-30 00:00:00', 16, 0),
(3753, '康师傅方便面（桶装）', '2013-03-30 00:00:00', 32, 0),
(3754, '乌梅', '2013-03-30 00:00:00', 4, 0),
(3755, '大白皇冠梨（每人可抢购2个）', '2013-03-30 00:00:00', 2, 0),
(3756, '丢了帽子的脐橙', '2013-03-30 00:00:00', 11, 0),
(3757, '超级无敌大旋风金刚钻果篮', '2013-03-30 00:00:00', 4, 0),
(3758, '甘草瓜子', '2013-03-30 00:00:00', 2, 0),
(3759, '健康生活', '2013-03-30 00:00:00', 2, 0),
(3760, '沙糖桔（斤）', '2013-03-30 00:00:00', 1, 0),
(3761, '猫哆哩酸角果派', '2013-03-30 00:00:00', 3, 0),
(3762, '青瑅', '2013-03-30 00:00:00', 1, 0),
(3763, '蒙牛真果粒', '2013-03-30 00:00:00', 1, 0),
(3764, '黄瓜', '2013-03-30 00:00:00', 1, 0),
(3765, '饕餮果肉荟', '2013-03-31 00:00:00', 41, 0),
(3766, '奥利奥夹心饼干', '2013-03-31 00:00:00', 4, 0),
(3767, '美丽心情', '2013-03-31 00:00:00', 4, 0),
(3768, '旺宝大杏仁', '2013-03-31 00:00:00', 1, 0),
(3769, '温柔丑柑', '2013-03-31 00:00:00', 27, 0),
(3770, '休闲时刻', '2013-03-31 00:00:00', 2, 0),
(3771, '乐事薯片', '2013-03-31 00:00:00', 37, 0),
(3772, '旺宝开心果', '2013-03-31 00:00:00', 3, 0),
(3773, '西瓜（碗）', '2013-03-31 00:00:00', 3, 0),
(3774, '喜之郎什锦果肉果冻布丁', '2013-03-31 00:00:00', 120, 0),
(3775, '康师傅方便面（桶装）', '2013-03-31 00:00:00', 19, 0),
(3776, 'IQ增增增香蕉', '2013-03-31 00:00:00', 71, 0),
(3777, '油王子菠萝（碗）', '2013-03-31 00:00:00', 70, 0),
(3778, '好孩子爱吃芒果', '2013-03-31 00:00:00', 39, 0),
(3779, '挑逗舌尖的草莓（碗）', '2013-03-31 00:00:00', 67, 0),
(3780, '害羞的苹果', '2013-03-31 00:00:00', 50, 0),
(3781, '丢了帽子的脐橙', '2013-03-31 00:00:00', 25, 0),
(3782, '雪莲果', '2013-03-31 00:00:00', 14, 0),
(3783, '别忘了柚子', '2013-03-31 00:00:00', 18, 0),
(3784, '大白皇冠梨', '2013-03-31 00:00:00', 16, 0),
(3785, '超级无敌大旋风金刚钻果篮', '2013-03-31 00:00:00', 6, 0),
(3786, '雀巢脆脆鲨', '2013-03-31 00:00:00', 6, 0),
(3787, '半边梅', '2013-03-31 00:00:00', 5, 0),
(3788, '话梅', '2013-03-31 00:00:00', 4, 0),
(3789, '旺旺小小酥', '2013-03-31 00:00:00', 18, 0),
(3790, '趣多多巧克力味曲奇饼干', '2013-03-31 00:00:00', 2, 0),
(3791, '达利园法式软面包（小包）', '2013-03-31 00:00:00', 8, 0),
(3792, '达利园派（小包）', '2013-03-31 00:00:00', 8, 0),
(3793, '双汇玉米热狗', '2013-03-31 00:00:00', 13, 0),
(3794, '果町屋椰果布丁', '2013-03-31 00:00:00', 14, 0),
(3795, '口水族香辣黄花鱼', '2013-03-31 00:00:00', 9, 0),
(3796, '德芙丝滑牛奶巧克力 ', '2013-03-31 00:00:00', 6, 0),
(3797, '金茂昌果味布丁', '2013-03-31 00:00:00', 19, 0),
(3798, '唐记锅巴', '2013-03-31 00:00:00', 16, 0),
(3799, '康师傅干拌面', '2013-03-31 00:00:00', 9, 0),
(3800, '日清泡面', '2013-03-31 00:00:00', 25, 0),
(3801, '得益绿色方便米饭', '2013-03-31 00:00:00', 19, 0),
(3802, '双汇香辣香脆肠', '2013-03-31 00:00:00', 15, 0),
(3803, '双汇泡椒风味肠', '2013-03-31 00:00:00', 4, 0),
(3804, '饭扫光', '2013-03-31 00:00:00', 4, 0),
(3805, '南方黑芝麻糊', '2013-03-31 00:00:00', 6, 0),
(3806, '徐福记包馅酥', '2013-03-31 00:00:00', 3, 0),
(3807, '统一阿萨姆奶茶', '2013-03-31 00:00:00', 4, 0),
(3808, '西麦燕麦片', '2013-03-31 00:00:00', 8, 0),
(3809, '雀巢咖啡粉', '2013-03-31 00:00:00', 5, 0),
(3810, '雀巢全脂奶粉', '2013-03-31 00:00:00', 3, 0),
(3811, '大果粒（雪梨+菠萝）', '2013-03-31 00:00:00', 5, 0),
(3812, '卡夫果珍', '2013-03-31 00:00:00', 2, 0),
(3813, '满满都是爱', '2013-03-31 00:00:00', 4, 0),
(3814, '春日里的野餐', '2013-03-31 00:00:00', 3, 0),
(3815, '扑面田园风', '2013-03-31 00:00:00', 1, 0),
(3816, '有友泡椒花生', '2013-03-31 00:00:00', 10, 0),
(3817, '成都记忆瓶装酸奶（可退瓶）', '2013-03-31 00:00:00', 28, 0),
(3818, '香气扑鼻哈密瓜（碗）', '2013-03-31 00:00:00', 43, 0),
(3819, '麻辣豇豆', '2013-03-31 00:00:00', 9, 0),
(3820, '太平梳打饼干', '2013-03-31 00:00:00', 10, 0),
(3821, '口水娃青豆', '2013-03-31 00:00:00', 8, 0),
(3822, '葡萄', '2013-03-31 00:00:00', 2, 0),
(3823, '旺旺挑逗', '2013-03-31 00:00:00', 5, 0),
(3824, '波力海苔 ', '2013-03-31 00:00:00', 2, 0),
(3825, '青岛纯生', '2013-03-31 00:00:00', 5, 0),
(3826, '香飘飘奶茶', '2013-03-31 00:00:00', 7, 0),
(3827, '美汁源果粒橙', '2013-03-31 00:00:00', 1, 0),
(3828, '好巴食麻辣豆腐干', '2013-03-31 00:00:00', 3, 0),
(3829, '米老头雪花煎卷（大包）', '2013-03-31 00:00:00', 4, 0),
(3830, '转运火龙果', '2013-03-31 00:00:00', 8, 0),
(3831, '嘴巴的小假期', '2013-03-31 00:00:00', 1, 0),
(3832, '雪碧', '2013-03-31 00:00:00', 6, 0),
(3833, '真知棒', '2013-03-31 00:00:00', 6, 0),
(3834, '康师傅茉莉清茶', '2013-03-31 00:00:00', 2, 0),
(3835, '人见人爱圣女果（斤）', '2013-03-31 00:00:00', 31, 0),
(3836, '恰恰香瓜子', '2013-03-31 00:00:00', 4, 0),
(3837, '圣女果脯', '2013-03-31 00:00:00', 3, 0),
(3838, '变美柠檬', '2013-03-31 00:00:00', 8, 0),
(3839, '靖淞源新疆葡萄干', '2013-03-31 00:00:00', 2, 0),
(3840, '徐福记沙琪玛（小包）', '2013-03-31 00:00:00', 9, 0),
(3841, '阿尔卑斯硬糖', '2013-03-31 00:00:00', 2, 0),
(3842, '香辣金针菇', '2013-03-31 00:00:00', 10, 0),
(3843, '银鹭八宝粥罐头', '2013-03-31 00:00:00', 6, 0),
(3844, '新希望杯装酸奶', '2013-03-31 00:00:00', 13, 0),
(3845, '麻辣海带丝', '2013-03-31 00:00:00', 4, 0),
(3846, '乡吧佬卤蛋', '2013-03-31 00:00:00', 14, 0),
(3847, '新希望成都老酸奶(小)', '2013-03-31 00:00:00', 6, 0),
(3848, '有友泡椒猪皮', '2013-03-31 00:00:00', 8, 0),
(3849, '棒棒娃牛肉粒', '2013-03-31 00:00:00', 3, 0),
(3850, '雪花勇闯天涯（罐装）', '2013-03-31 00:00:00', 1, 0),
(3851, '棒棒娃手撕牛肉', '2013-03-31 00:00:00', 8, 0),
(3852, '跳跃的小金桔（斤）', '2013-03-31 00:00:00', 15, 0),
(3853, '伊利优酸乳', '2013-03-31 00:00:00', 2, 0),
(3854, '蒙牛真果粒', '2013-03-31 00:00:00', 1, 0),
(3855, '新希望纯牛奶', '2013-03-31 00:00:00', 5, 0),
(3856, '枣想你阿胶枣', '2013-03-31 00:00:00', 4, 0),
(3857, '上帝家园紫薯条', '2013-03-31 00:00:00', 7, 0),
(3858, '核桃', '2013-03-31 00:00:00', 1, 0),
(3859, '口水族烤鱿鱼丝', '2013-03-31 00:00:00', 9, 0),
(3860, 'UP UP UP木瓜', '2013-03-31 00:00:00', 16, 0),
(3861, '乌梅', '2013-03-31 00:00:00', 1, 0),
(3862, '会隐身的猕猴桃', '2013-03-31 00:00:00', 17, 0),
(3863, '旺旺大米饼', '2013-03-31 00:00:00', 8, 0),
(3864, '新希望袋装酸奶', '2013-03-31 00:00:00', 7, 0),
(3865, '百世兴酒鬼花生', '2013-03-31 00:00:00', 5, 0),
(3866, '有友泡椒凤爪', '2013-03-31 00:00:00', 12, 0),
(3867, '松子', '2013-03-31 00:00:00', 4, 0),
(3868, '鱼泉榨菜', '2013-03-31 00:00:00', 4, 0),
(3869, 'V美果蔬乳酸菌饮品', '2013-03-31 00:00:00', 2, 0),
(3870, '百事可乐', '2013-03-31 00:00:00', 2, 0),
(3871, 'MM豆', '2013-03-31 00:00:00', 2, 0),
(3872, '大白兔奶糖', '2013-03-31 00:00:00', 2, 0),
(3873, '康师傅3+2苏打夹心饼干', '2013-03-31 00:00:00', 5, 0),
(3874, '徐福记草莓酥', '2013-03-31 00:00:00', 1, 0),
(3875, '新希望成都老酸奶', '2013-03-31 00:00:00', 6, 0),
(3876, '加多宝', '2013-03-31 00:00:00', 3, 0),
(3877, '旺仔QQ糖', '2013-03-31 00:00:00', 5, 0),
(3878, '麻辣萝卜干', '2013-03-31 00:00:00', 3, 0),
(3879, '达利园瑞士卷（小包）', '2013-03-31 00:00:00', 9, 0),
(3880, '雀巢咖啡（瓶装）', '2013-03-31 00:00:00', 2, 0),
(3881, '健康生活', '2013-03-31 00:00:00', 1, 0),
(3882, '原浆核桃花生乳', '2013-03-31 00:00:00', 1, 0),
(3883, '怡口莲巧克力风味夹心牛奶糖', '2013-03-31 00:00:00', 2, 0),
(3884, '不知火', '2013-03-31 00:00:00', 7, 0),
(3885, '猫哆哩酸角果派', '2013-03-31 00:00:00', 2, 0),
(3886, '老干妈风味豆豉', '2013-03-31 00:00:00', 1, 0),
(3887, '美汁源果粒橙', '2013-04-01 00:00:00', 1, 0),
(3888, '旺旺挑逗', '2013-04-01 00:00:00', 4, 0),
(3889, '百事可乐', '2013-04-01 00:00:00', 5, 0),
(3890, '雪碧', '2013-04-01 00:00:00', 7, 0),
(3891, '油王子菠萝（碗）', '2013-04-01 00:00:00', 51, 0),
(3892, '香气扑鼻哈密瓜（碗）', '2013-04-01 00:00:00', 15, 0),
(3893, '不知火', '2013-04-01 00:00:00', 32, 0),
(3894, '挑逗舌尖的草莓（碗）', '2013-04-01 00:00:00', 71, 0),
(3895, '别忘了柚子', '2013-04-01 00:00:00', 20, 0),
(3896, 'IQ增增增香蕉', '2013-04-01 00:00:00', 61, 0),
(3897, '害羞的苹果', '2013-04-01 00:00:00', 29, 0),
(3898, '丢了帽子的脐橙', '2013-04-01 00:00:00', 22, 0),
(3899, '会隐身的猕猴桃', '2013-04-01 00:00:00', 26, 0),
(3900, '双汇玉米热狗', '2013-04-01 00:00:00', 11, 0),
(3901, '休闲时刻', '2013-04-01 00:00:00', 3, 0),
(3902, '得益绿色方便米饭', '2013-04-01 00:00:00', 11, 0),
(3903, '话梅', '2013-04-01 00:00:00', 4, 0),
(3904, '西瓜（碗）', '2013-04-01 00:00:00', 1, 0),
(3905, '康师傅茉莉清茶', '2013-04-01 00:00:00', 3, 0),
(3906, '果町屋椰果布丁', '2013-04-01 00:00:00', 9, 0),
(3907, '饕餮果肉荟', '2013-04-01 00:00:00', 17, 0),
(3908, '麻辣萝卜干', '2013-04-01 00:00:00', 2, 0),
(3909, '有友泡椒凤爪', '2013-04-01 00:00:00', 7, 0),
(3910, '转运火龙果', '2013-04-01 00:00:00', 10, 0),
(3911, '康师傅3+2苏打夹心饼干', '2013-04-01 00:00:00', 5, 0),
(3912, '喜之郎什锦果肉果冻布丁', '2013-04-01 00:00:00', 11, 0),
(3913, '口水族烤鱿鱼丝', '2013-04-01 00:00:00', 9, 0),
(3914, '龙眼（斤）', '2013-04-01 00:00:00', 5, 0),
(3915, '跳跃的小金桔（斤）', '2013-04-01 00:00:00', 11, 0),
(3916, '康师傅方便面（桶装）', '2013-04-01 00:00:00', 18, 0),
(3917, '乐事薯片', '2013-04-01 00:00:00', 10, 0),
(3918, '康师傅干拌面', '2013-04-01 00:00:00', 16, 0),
(3919, '香飘飘奶茶', '2013-04-01 00:00:00', 3, 0),
(3920, '乡吧佬卤蛋', '2013-04-01 00:00:00', 16, 0),
(3921, '旺仔QQ糖', '2013-04-01 00:00:00', 5, 0),
(3922, '统一阿萨姆奶茶', '2013-04-01 00:00:00', 6, 0),
(3923, '徐福记包馅酥', '2013-04-01 00:00:00', 5, 0),
(3924, 'UP UP UP木瓜', '2013-04-01 00:00:00', 15, 0),
(3925, '桑葚（大盒）', '2013-04-01 00:00:00', 2, 0),
(3926, '棒棒娃牛肉粒', '2013-04-01 00:00:00', 2, 0),
(3927, '乌梅', '2013-04-01 00:00:00', 2, 0),
(3928, '趣多多巧克力味曲奇饼干', '2013-04-01 00:00:00', 1, 0),
(3929, '雀巢脆脆鲨', '2013-04-01 00:00:00', 12, 0),
(3930, '日清泡面', '2013-04-01 00:00:00', 29, 0),
(3931, '青岛纯生', '2013-04-01 00:00:00', 9, 0),
(3932, '大白兔奶糖', '2013-04-01 00:00:00', 2, 0),
(3933, 'V美五仁露', '2013-04-01 00:00:00', 1, 0),
(3934, '加多宝', '2013-04-01 00:00:00', 4, 0),
(3935, 'V美果蔬乳酸菌饮品', '2013-04-01 00:00:00', 118, 0),
(3936, '棒棒娃手撕牛肉', '2013-04-01 00:00:00', 10, 0),
(3937, '金茂昌果味布丁', '2013-04-01 00:00:00', 10, 0),
(3938, '成都记忆瓶装酸奶（可退瓶）', '2013-04-01 00:00:00', 24, 0),
(3939, '卡夫果珍', '2013-04-01 00:00:00', 1, 0),
(3940, '旺宝大杏仁', '2013-04-01 00:00:00', 7, 0),
(3941, '旺宝开心果', '2013-04-01 00:00:00', 1, 0),
(3942, '核桃', '2013-04-01 00:00:00', 2, 0),
(3943, '松子', '2013-04-01 00:00:00', 1, 0),
(3944, '香辣金针菇', '2013-04-01 00:00:00', 10, 0),
(3945, '原浆核桃花生乳', '2013-04-01 00:00:00', 1, 0),
(3946, '有友泡椒花生', '2013-04-01 00:00:00', 6, 0),
(3947, '新希望杯装酸奶', '2013-04-01 00:00:00', 16, 0),
(3948, '老干妈风味豆豉', '2013-04-01 00:00:00', 4, 0),
(3949, '好孩子爱吃芒果', '2013-04-01 00:00:00', 23, 0),
(3950, '雀巢咖啡（瓶装）', '2013-04-01 00:00:00', 4, 0),
(3951, '雪莲果', '2013-04-01 00:00:00', 14, 0),
(3952, '人见人爱圣女果（斤）', '2013-04-01 00:00:00', 27, 0),
(3953, '徐福记沙琪玛（小包）', '2013-04-01 00:00:00', 11, 0),
(3954, '大白皇冠梨', '2013-04-01 00:00:00', 11, 0),
(3955, '变美柠檬', '2013-04-01 00:00:00', 4, 0),
(3956, '圣女果脯', '2013-04-01 00:00:00', 1, 0),
(3957, '百世兴酒鬼花生', '2013-04-01 00:00:00', 5, 0),
(3958, '麻辣豇豆', '2013-04-01 00:00:00', 8, 0),
(3959, '真知棒', '2013-04-01 00:00:00', 3, 0),
(3960, '靖淞源新疆葡萄干', '2013-04-01 00:00:00', 7, 0),
(3961, '米老头雪花煎卷（大包）', '2013-04-01 00:00:00', 3, 0),
(3962, '有友泡椒猪皮', '2013-04-01 00:00:00', 11, 0),
(3963, '雀巢全脂奶粉', '2013-04-01 00:00:00', 1, 0),
(3964, '超级无敌大旋风金刚钻果篮', '2013-04-01 00:00:00', 5, 0),
(3965, '太平梳打饼干', '2013-04-01 00:00:00', 3, 0),
(3966, '饭扫光', '2013-04-01 00:00:00', 1, 0),
(3967, '麻辣海带丝', '2013-04-01 00:00:00', 10, 0),
(3968, '新希望成都老酸奶', '2013-04-01 00:00:00', 20, 0),
(3969, '伊利纯牛奶', '2013-04-01 00:00:00', 1, 0),
(3970, '口水族香辣黄花鱼', '2013-04-01 00:00:00', 13, 0),
(3971, '怡口莲巧克力风味夹心牛奶糖', '2013-04-01 00:00:00', 1, 0),
(3972, '新希望袋装酸奶', '2013-04-01 00:00:00', 5, 0),
(3973, '沙糖桔（斤）', '2013-04-01 00:00:00', 1, 0),
(3974, '健康生活', '2013-04-01 00:00:00', 1, 0),
(3975, '蒙牛真果粒', '2013-04-01 00:00:00', 1, 0),
(3976, '徐福记草莓酥', '2013-04-01 00:00:00', 1, 0),
(3977, '樱桃', '2013-04-01 00:00:00', 3, 0),
(3978, '美容养颜果樱桃', '2013-04-01 00:00:00', 100, 0),
(3979, '达利园法式软面包（小包）', '2013-04-01 00:00:00', 3, 0),
(3980, '好巴食麻辣豆腐干', '2013-04-01 00:00:00', 7, 0),
(3981, '南方黑芝麻糊', '2013-04-01 00:00:00', 4, 0),
(3982, '雪花勇闯天涯（罐装）', '2013-04-01 00:00:00', 4, 0),
(3983, '阿尔卑斯硬糖', '2013-04-01 00:00:00', 2, 0),
(3984, '双汇香辣香脆肠', '2013-04-01 00:00:00', 18, 0),
(3985, '银鹭八宝粥罐头', '2013-04-01 00:00:00', 6, 0),
(3986, '奥利奥夹心饼干', '2013-04-01 00:00:00', 2, 0),
(3987, '唐记锅巴', '2013-04-01 00:00:00', 5, 0),
(3988, '椪柑（个）', '2013-04-01 00:00:00', 2, 0),
(3989, '上帝家园紫薯条', '2013-04-01 00:00:00', 3, 0),
(3990, '德芙丝滑牛奶巧克力 ', '2013-04-01 00:00:00', 3, 0),
(3991, '旺旺小小酥', '2013-04-01 00:00:00', 4, 0),
(3992, '新希望纯牛奶', '2013-04-01 00:00:00', 3, 0),
(3993, '西麦燕麦片', '2013-04-01 00:00:00', 5, 0),
(3994, '双汇泡椒风味肠', '2013-04-01 00:00:00', 5, 0),
(3995, 'MM豆', '2013-04-01 00:00:00', 1, 0),
(3996, '半边梅', '2013-04-01 00:00:00', 4, 0),
(3997, '达利园派（小包）', '2013-04-01 00:00:00', 1, 0),
(3998, '旺旺大米饼', '2013-04-01 00:00:00', 8, 0),
(3999, '口水娃青豆', '2013-04-01 00:00:00', 3, 0),
(4000, '波力海苔 ', '2013-04-01 00:00:00', 2, 0),
(4001, '恰恰香瓜子', '2013-04-01 00:00:00', 3, 0),
(4002, '猫哆哩酸角果派', '2013-04-01 00:00:00', 2, 0),
(4003, '达利园瑞士卷（小包）', '2013-04-01 00:00:00', 6, 0),
(4004, '伊利优酸乳', '2013-04-01 00:00:00', 1, 0),
(4005, '鱼泉榨菜', '2013-04-01 00:00:00', 1, 0),
(4006, '美丽心情', '2013-04-01 00:00:00', 1, 0),
(4007, '春日里的野餐', '2013-04-01 00:00:00', 1, 0),
(4008, '旺宝开心果', '2013-04-02 00:00:00', 2, 0),
(4009, '春日里的野餐', '2013-04-02 00:00:00', 4, 0),
(4010, '雪花勇闯天涯（罐装）', '2013-04-02 00:00:00', 8, 0),
(4011, '猫哆哩酸角果派', '2013-04-02 00:00:00', 4, 0),
(4012, 'UP UP UP木瓜', '2013-04-02 00:00:00', 17, 0),
(4013, '美容养颜果樱桃', '2013-04-02 00:00:00', 7, 0),
(4014, '半边梅', '2013-04-02 00:00:00', 5, 0),
(4015, '有友泡椒猪皮', '2013-04-02 00:00:00', 50, 0),
(4016, '唐记锅巴', '2013-04-02 00:00:00', 14, 0),
(4017, '徐福记沙琪玛（小包）', '2013-04-02 00:00:00', 8, 0),
(4018, 'MM豆', '2013-04-02 00:00:00', 2, 0),
(4019, '变美柠檬', '2013-04-02 00:00:00', 3, 0),
(4020, '南方黑芝麻糊', '2013-04-02 00:00:00', 7, 0),
(4021, '话梅', '2013-04-02 00:00:00', 3, 0),
(4022, '太平梳打饼干', '2013-04-02 00:00:00', 4, 0),
(4023, '日清泡面', '2013-04-02 00:00:00', 22, 0),
(4024, '双汇泡椒风味肠', '2013-04-02 00:00:00', 7, 0),
(4025, '成都记忆瓶装酸奶（可退瓶）', '2013-04-02 00:00:00', 17, 0),
(4026, '德芙丝滑牛奶巧克力 ', '2013-04-02 00:00:00', 3, 0),
(4027, '香辣金针菇', '2013-04-02 00:00:00', 1, 0),
(4028, '棒棒娃手撕牛肉', '2013-04-02 00:00:00', 3, 0),
(4029, '金茂昌果味布丁', '2013-04-02 00:00:00', 10, 0),
(4030, '口水族烤鱿鱼丝', '2013-04-02 00:00:00', 7, 0),
(4031, '新希望成都老酸奶', '2013-04-02 00:00:00', 11, 0),
(4032, '恰恰香瓜子', '2013-04-02 00:00:00', 3, 0),
(4033, '棒棒娃牛肉粒', '2013-04-02 00:00:00', 2, 0),
(4034, '乐事薯片', '2013-04-02 00:00:00', 17, 0),
(4035, '青岛纯生', '2013-04-02 00:00:00', 5, 0),
(4036, '得益绿色方便米饭', '2013-04-02 00:00:00', 7, 0),
(4037, '麻辣豇豆', '2013-04-02 00:00:00', 3, 0),
(4038, '双汇香辣香脆肠', '2013-04-02 00:00:00', 16, 0),
(4039, '新希望杯装酸奶', '2013-04-02 00:00:00', 13, 0),
(4040, '双汇玉米热狗', '2013-04-02 00:00:00', 10, 0),
(4041, '有友泡椒花生', '2013-04-02 00:00:00', 4, 0),
(4042, '麻辣海带丝', '2013-04-02 00:00:00', 6, 0),
(4043, '乡吧佬卤蛋', '2013-04-02 00:00:00', 13, 0),
(4044, '达利园法式软面包（小包）', '2013-04-02 00:00:00', 6, 0),
(4045, '米老头雪花煎卷（大包）', '2013-04-02 00:00:00', 5, 0),
(4046, '银鹭八宝粥罐头', '2013-04-02 00:00:00', 2, 0),
(4047, '西麦燕麦片', '2013-04-02 00:00:00', 2, 0),
(4048, '雀巢全脂奶粉', '2013-04-02 00:00:00', 2, 0),
(4049, '饕餮果肉荟', '2013-04-02 00:00:00', 12, 0),
(4050, '油王子菠萝（碗）', '2013-04-02 00:00:00', 40, 0),
(4051, '人见人爱圣女果（斤）', '2013-04-02 00:00:00', 27, 0),
(4052, '别忘了柚子', '2013-04-02 00:00:00', 11, 0),
(4053, '不知火', '2013-04-02 00:00:00', 15, 0),
(4054, '挑逗舌尖的草莓（碗）', '2013-04-02 00:00:00', 51, 0),
(4055, 'V美果蔬乳酸菌饮品', '2013-04-02 00:00:00', 4, 0),
(4056, '大白皇冠梨', '2013-04-02 00:00:00', 3, 0),
(4057, '椪柑（个）', '2013-04-02 00:00:00', 2, 0),
(4058, '阿尔卑斯硬糖', '2013-04-02 00:00:00', 1, 0),
(4059, '跳跃的小金桔（斤）', '2013-04-02 00:00:00', 11, 0),
(4060, '雪莲果', '2013-04-02 00:00:00', 23, 0),
(4061, '达利园派（小包）', '2013-04-02 00:00:00', 7, 0),
(4062, 'IQ增增增香蕉', '2013-04-02 00:00:00', 46, 0),
(4063, '靖淞源新疆葡萄干', '2013-04-02 00:00:00', 3, 0),
(4064, '波力海苔 ', '2013-04-02 00:00:00', 2, 0),
(4065, '雀巢咖啡（瓶装）', '2013-04-02 00:00:00', 5, 0),
(4066, '百事可乐', '2013-04-02 00:00:00', 6, 0),
(4067, '雀巢咖啡粉', '2013-04-02 00:00:00', 1, 0),
(4068, '果町屋椰果布丁', '2013-04-02 00:00:00', 7, 0),
(4069, '旺旺小小酥', '2013-04-02 00:00:00', 6, 0),
(4070, '害羞的苹果', '2013-04-02 00:00:00', 29, 0),
(4071, '香气扑鼻哈密瓜（碗）', '2013-04-02 00:00:00', 14, 0),
(4072, '康师傅方便面（桶装）', '2013-04-02 00:00:00', 25, 0),
(4073, '香飘飘奶茶', '2013-04-02 00:00:00', 3, 0),
(4074, '雀巢脆脆鲨', '2013-04-02 00:00:00', 7, 0),
(4075, '康师傅3+2苏打夹心饼干', '2013-04-02 00:00:00', 3, 0),
(4076, '康师傅干拌面', '2013-04-02 00:00:00', 5, 0),
(4077, '好孩子爱吃芒果', '2013-04-02 00:00:00', 35, 0),
(4078, '转运火龙果', '2013-04-02 00:00:00', 7, 0),
(4079, 'V美五仁露', '2013-04-02 00:00:00', 1, 0),
(4080, '小公主樱桃', '2013-04-02 00:00:00', 58, 0),
(4081, '有友泡椒凤爪', '2013-04-02 00:00:00', 10, 0),
(4082, '丢了帽子的脐橙', '2013-04-02 00:00:00', 6, 0),
(4083, '乌梅', '2013-04-02 00:00:00', 6, 0),
(4084, '桑葚（大盒）', '2013-04-02 00:00:00', 2, 0),
(4085, '百世兴酒鬼花生', '2013-04-02 00:00:00', 2, 0),
(4086, '旺宝大杏仁', '2013-04-02 00:00:00', 3, 0),
(4087, '会隐身的猕猴桃', '2013-04-02 00:00:00', 16, 0),
(4088, '伊利优酸乳', '2013-04-02 00:00:00', 1, 0),
(4089, '圣女果脯', '2013-04-02 00:00:00', 4, 0),
(4090, '上帝家园紫薯条', '2013-04-02 00:00:00', 3, 0),
(4091, '喜之郎什锦果肉果冻布丁', '2013-04-02 00:00:00', 3, 0),
(4092, '旺旺大米饼', '2013-04-02 00:00:00', 3, 0),
(4093, '大白兔奶糖', '2013-04-02 00:00:00', 3, 0),
(4094, '美丽心情', '2013-04-02 00:00:00', 5, 0),
(4095, '统一阿萨姆奶茶', '2013-04-02 00:00:00', 3, 0),
(4096, '好巴食麻辣豆腐干', '2013-04-02 00:00:00', 4, 0),
(4097, '新希望纯牛奶', '2013-04-02 00:00:00', 2, 0),
(4098, '伊利纯牛奶', '2013-04-02 00:00:00', 1, 0),
(4099, '达利园瑞士卷（小包）', '2013-04-02 00:00:00', 4, 0),
(4100, '卡夫果珍', '2013-04-02 00:00:00', 2, 0),
(4101, '奥利奥夹心饼干', '2013-04-02 00:00:00', 2, 0),
(4102, '真知棒', '2013-04-02 00:00:00', 1, 0),
(4103, '大果粒（雪梨+菠萝）', '2013-04-02 00:00:00', 3, 0),
(4104, '新希望袋装酸奶', '2013-04-02 00:00:00', 4, 0),
(4105, '休闲时刻', '2013-04-02 00:00:00', 5, 0),
(4106, '加多宝', '2013-04-02 00:00:00', 2, 0),
(4107, '扑面田园风', '2013-04-02 00:00:00', 2, 0),
(4108, '美汁源果粒橙', '2013-04-02 00:00:00', 6, 0),
(4109, '口水族香辣黄花鱼', '2013-04-02 00:00:00', 2, 0),
(4110, '老干妈风味豆豉', '2013-04-02 00:00:00', 1, 0),
(4111, '康师傅茉莉清茶', '2013-04-02 00:00:00', 3, 0),
(4112, '超级无敌大旋风金刚钻果篮', '2013-04-02 00:00:00', 2, 0),
(4113, '雪碧', '2013-04-02 00:00:00', 3, 0),
(4114, '口水娃青豆', '2013-04-02 00:00:00', 3, 0),
(4115, '麻辣萝卜干', '2013-04-02 00:00:00', 1, 0),
(4116, '徐福记包馅酥', '2013-04-02 00:00:00', 2, 0),
(4117, '趣多多巧克力味曲奇饼干', '2013-04-02 00:00:00', 2, 0),
(4118, '饭扫光', '2013-04-02 00:00:00', 1, 0),
(4119, '满满都是爱', '2013-04-02 00:00:00', 1, 0),
(4120, '鱼泉榨菜', '2013-04-02 00:00:00', 1, 0),
(4121, '葡萄', '2013-04-02 00:00:00', 1, 0),
(4122, '别忘了柚子', '2013-04-03 00:00:00', 3, 0),
(4123, '唐记锅巴', '2013-04-03 00:00:00', 7, 0),
(4124, '米老头雪花煎卷（大包）', '2013-04-03 00:00:00', 8, 0),
(4125, '旺旺小小酥', '2013-04-03 00:00:00', 7, 0),
(4126, '上帝家园紫薯条', '2013-04-03 00:00:00', 3, 0),
(4127, '圣女果脯', '2013-04-03 00:00:00', 4, 0),
(4128, '油王子菠萝（碗）', '2013-04-03 00:00:00', 32, 0),
(4129, '金茂昌果味布丁', '2013-04-03 00:00:00', 14, 0),
(4130, '挑逗舌尖的草莓（碗）', '2013-04-03 00:00:00', 28, 0),
(4131, '小公主樱桃', '2013-04-03 00:00:00', 12, 0),
(4132, '奥利奥夹心饼干', '2013-04-03 00:00:00', 3, 0),
(4133, '统一阿萨姆奶茶', '2013-04-03 00:00:00', 2, 0),
(4134, '日清泡面', '2013-04-03 00:00:00', 13, 0),
(4135, '口水族烤鱿鱼丝', '2013-04-03 00:00:00', 6, 0),
(4136, '麻辣豇豆', '2013-04-03 00:00:00', 11, 0),
(4137, '喜之郎什锦果肉果冻布丁', '2013-04-03 00:00:00', 6, 0),
(4138, '雀巢全脂奶粉', '2013-04-03 00:00:00', 3, 0),
(4139, '成都记忆瓶装酸奶（可退瓶）', '2013-04-03 00:00:00', 15, 0),
(4140, '饕餮果肉荟', '2013-04-03 00:00:00', 16, 0),
(4141, '不知火', '2013-04-03 00:00:00', 5, 0),
(4142, '双汇泡椒风味肠', '2013-04-03 00:00:00', 1, 0),
(4143, '雪花勇闯天涯（罐装）', '2013-04-03 00:00:00', 5, 0),
(4144, '德芙丝滑牛奶巧克力 ', '2013-04-03 00:00:00', 5, 0),
(4145, '香辣金针菇', '2013-04-03 00:00:00', 7, 0),
(4146, '棒棒娃手撕牛肉', '2013-04-03 00:00:00', 7, 0),
(4147, '新希望成都老酸奶', '2013-04-03 00:00:00', 18, 0),
(4148, '恰恰香瓜子', '2013-04-03 00:00:00', 3, 0),
(4149, '棒棒娃牛肉粒', '2013-04-03 00:00:00', 5, 0),
(4150, '乐事薯片', '2013-04-03 00:00:00', 17, 0),
(4151, '青岛纯生', '2013-04-03 00:00:00', 3, 0),
(4152, '南方黑芝麻糊', '2013-04-03 00:00:00', 4, 0),
(4153, '太平梳打饼干', '2013-04-03 00:00:00', 1, 0),
(4154, '达利园法式软面包（小包）', '2013-04-03 00:00:00', 13, 0),
(4155, '银鹭八宝粥罐头', '2013-04-03 00:00:00', 3, 0),
(4156, '西麦燕麦片', '2013-04-03 00:00:00', 5, 0),
(4157, '徐福记沙琪玛（小包）', '2013-04-03 00:00:00', 6, 0),
(4158, '双汇香辣香脆肠', '2013-04-03 00:00:00', 8, 0),
(4159, '得益绿色方便米饭', '2013-04-03 00:00:00', 5, 0),
(4160, '新希望杯装酸奶', '2013-04-03 00:00:00', 7, 0),
(4161, '双汇玉米热狗', '2013-04-03 00:00:00', 6, 0),
(4162, '有友泡椒花生', '2013-04-03 00:00:00', 8, 0),
(4163, '麻辣海带丝', '2013-04-03 00:00:00', 5, 0),
(4164, '乡吧佬卤蛋', '2013-04-03 00:00:00', 16, 0),
(4165, '转运火龙果', '2013-04-03 00:00:00', 5, 0),
(4166, '人见人爱圣女果（斤）', '2013-04-03 00:00:00', 22, 0),
(4167, 'UP UP UP木瓜', '2013-04-03 00:00:00', 7, 0),
(4168, '有友泡椒猪皮', '2013-04-03 00:00:00', 10, 0),
(4169, '大白皇冠梨', '2013-04-03 00:00:00', 11, 0),
(4170, '害羞的苹果', '2013-04-03 00:00:00', 21, 0),
(4171, 'IQ增增增香蕉', '2013-04-03 00:00:00', 35, 0),
(4172, '好孩子爱吃芒果', '2013-04-03 00:00:00', 11, 0),
(4173, '桑葚（大盒）', '2013-04-03 00:00:00', 6, 0),
(4174, '旺宝大杏仁', '2013-04-03 00:00:00', 1, 0),
(4175, '会隐身的猕猴桃', '2013-04-03 00:00:00', 17, 0),
(4176, '旺旺大米饼', '2013-04-03 00:00:00', 4, 0),
(4177, '春日里的野餐', '2013-04-03 00:00:00', 2, 0),
(4178, '美丽心情', '2013-04-03 00:00:00', 3, 0),
(4179, '饭扫光', '2013-04-03 00:00:00', 1, 0),
(4180, 'V美果蔬乳酸菌饮品', '2013-04-03 00:00:00', 2, 0),
(4181, '雀巢脆脆鲨', '2013-04-03 00:00:00', 2, 0),
(4182, '好巴食麻辣豆腐干', '2013-04-03 00:00:00', 6, 0),
(4183, '旺仔QQ糖', '2013-04-03 00:00:00', 3, 0),
(4184, '康师傅干拌面', '2013-04-03 00:00:00', 14, 0),
(4185, '新希望袋装酸奶', '2013-04-03 00:00:00', 4, 0),
(4186, '雪碧', '2013-04-03 00:00:00', 3, 0),
(4187, '百事可乐', '2013-04-03 00:00:00', 36, 0),
(4188, '老干妈风味豆豉', '2013-04-03 00:00:00', 4, 0),
(4189, '美汁源果粒橙', '2013-04-03 00:00:00', 3, 0),
(4190, '香气扑鼻哈密瓜（碗）', '2013-04-03 00:00:00', 11, 0),
(4191, '又见一季枇杷', '2013-04-03 00:00:00', 8, 0),
(4192, '超级无敌大旋风金刚钻果篮', '2013-04-03 00:00:00', 6, 0),
(4193, '大果粒（雪梨+菠萝）', '2013-04-03 00:00:00', 2, 0),
(4194, '雪莲果', '2013-04-03 00:00:00', 12, 0),
(4195, '迎接夏日的小西瓜（半个）', '2013-04-03 00:00:00', 53, 0),
(4196, '康师傅方便面（桶装）', '2013-04-03 00:00:00', 24, 0),
(4197, '有友泡椒凤爪', '2013-04-03 00:00:00', 4, 0),
(4198, '邮报枇杷（盘）', '2013-04-03 00:00:00', 25, 0),
(4199, '伊利纯牛奶', '2013-04-03 00:00:00', 3, 0),
(4200, '健康生活', '2013-04-03 00:00:00', 1, 0),
(4201, '青瑅', '2013-04-03 00:00:00', 1, 0),
(4202, '核桃', '2013-04-03 00:00:00', 1, 0),
(4203, '靖淞源新疆葡萄干', '2013-04-03 00:00:00', 5, 0),
(4204, '话梅', '2013-04-03 00:00:00', 2, 0),
(4205, '小公主樱桃（碗）', '2013-04-03 00:00:00', 27, 0),
(4206, '漂洋过海不知火', '2013-04-03 00:00:00', 13, 0),
(4207, '口水族香辣黄花鱼', '2013-04-03 00:00:00', 5, 0),
(4208, '丢了帽子的脐橙', '2013-04-03 00:00:00', 14, 0),
(4209, '旺旺挑逗', '2013-04-03 00:00:00', 3, 0),
(4210, '松子', '2013-04-03 00:00:00', 3, 0),
(4211, '旺宝开心果', '2013-04-03 00:00:00', 2, 0),
(4212, '麻辣萝卜干', '2013-04-03 00:00:00', 2, 0),
(4213, '半边梅', '2013-04-03 00:00:00', 2, 0),
(4214, '跳跃的小金桔（斤）', '2013-04-03 00:00:00', 6, 0),
(4215, '乌梅', '2013-04-03 00:00:00', 1, 0),
(4216, '不挂科火龙果', '2013-04-03 00:00:00', 8, 0),
(4217, '变美柠檬', '2013-04-03 00:00:00', 4, 0),
(4218, '新希望纯牛奶', '2013-04-03 00:00:00', 10, 0),
(4219, 'MM豆', '2013-04-03 00:00:00', 3, 0),
(4220, '加多宝', '2013-04-03 00:00:00', 1, 0),
(4221, '东园什锦豆果子', '2013-04-03 00:00:00', 5, 0),
(4222, '口水娃青豆', '2013-04-03 00:00:00', 7, 0),
(4223, '百世兴酒鬼花生', '2013-04-03 00:00:00', 5, 0),
(4224, '星球杯（3枚）', '2013-04-03 00:00:00', 14, 0),
(4225, '康师傅茉莉清茶', '2013-04-03 00:00:00', 2, 0),
(4226, '果町屋椰果布丁', '2013-04-03 00:00:00', 1, 0),
(4227, '波力海苔 ', '2013-04-03 00:00:00', 2, 0),
(4228, '康师傅3+2苏打夹心饼干', '2013-04-03 00:00:00', 4, 0),
(4229, '达利园派（小包）', '2013-04-03 00:00:00', 2, 0),
(4230, '达利园瑞士卷（小包）', '2013-04-03 00:00:00', 9, 0),
(4231, '香飘飘奶茶', '2013-04-03 00:00:00', 1, 0),
(4232, '巧克巧奇涂层饼干', '2013-04-03 00:00:00', 3, 0),
(4233, '徐福记包馅酥', '2013-04-03 00:00:00', 5, 0),
(4234, '东园珍宝混合葡萄干', '2013-04-03 00:00:00', 5, 0),
(4235, '小资女之恋卷心酥', '2013-04-03 00:00:00', 20, 0),
(4236, '椪柑（个）', '2013-04-03 00:00:00', 1, 0),
(4237, '不二家牛乳糖', '2013-04-03 00:00:00', 1, 0),
(4238, '3点1刻经典奶茶（可回冲式）', '2013-04-03 00:00:00', 4, 0),
(4239, '不二家棒棒糖', '2013-04-03 00:00:00', 1, 0),
(4240, '乐天来仕必咖啡', '2013-04-03 00:00:00', 1, 0),
(4241, '皇冠丹麦曲奇', '2013-04-03 00:00:00', 1, 0),
(4242, '蒙牛真果粒', '2013-04-03 00:00:00', 2, 0),
(4243, '张君雅小妹妹捏碎面', '2013-04-03 00:00:00', 1, 0),
(4244, '乐天靓身果汁', '2013-04-03 00:00:00', 1, 0),
(4245, '甘草瓜子', '2013-04-03 00:00:00', 1, 0),
(4246, '鱼泉榨菜', '2013-04-03 00:00:00', 1, 0),
(4247, '维他型豆奶粉', '2013-04-03 00:00:00', 1, 0),
(4248, '葡萄', '2013-04-03 00:00:00', 1, 0),
(4249, '龙眼（斤）', '2013-04-03 00:00:00', 1, 0),
(4250, 'V美五仁露', '2013-04-03 00:00:00', 1, 0),
(4251, '扑面田园风', '2013-04-03 00:00:00', 1, 0),
(4252, '嘴巴的小假期', '2013-04-03 00:00:00', 1, 0),
(4253, '休闲时刻', '2013-04-03 00:00:00', 1, 0),
(4254, '果肉汇', '2013-04-03 00:00:00', 1, 0),
(4255, '卡夫果珍', '2013-04-03 00:00:00', 1, 0),
(4256, '小资女之恋卷心酥', '2013-04-04 00:00:00', 36, 0),
(4257, '小公主樱桃（碗）', '2013-04-04 00:00:00', 37, 0),
(4258, '不挂科火龙果', '2013-04-04 00:00:00', 10, 0),
(4259, '成都记忆瓶装酸奶（可退瓶）', '2013-04-04 00:00:00', 20, 0),
(4260, '百事可乐', '2013-04-04 00:00:00', 8, 0),
(4261, '丰灵Tipo面包干', '2013-04-04 00:00:00', 25, 0),
(4262, 'IQ增增增香蕉', '2013-04-04 00:00:00', 43, 0),
(4263, '油王子菠萝（碗）', '2013-04-04 00:00:00', 59, 0),
(4264, '邮报枇杷（盘）', '2013-04-04 00:00:00', 25, 0),
(4265, '星球杯（3枚）', '2013-04-04 00:00:00', 21, 0),
(4266, '迎接夏日的小西瓜（半个）', '2013-04-04 00:00:00', 38, 0),
(4267, '张君雅小妹妹捏碎面', '2013-04-04 00:00:00', 41, 0),
(4268, '挑逗舌尖的草莓（碗）', '2013-04-04 00:00:00', 36, 0),
(4269, '好孩子爱吃芒果', '2013-04-04 00:00:00', 26, 0),
(4270, '会隐身的猕猴桃', '2013-04-04 00:00:00', 20, 0),
(4271, '漂洋过海不知火', '2013-04-04 00:00:00', 25, 0),
(4272, '大白皇冠梨', '2013-04-04 00:00:00', 16, 0),
(4273, '超级无敌大旋风金刚钻果篮', '2013-04-04 00:00:00', 11, 0),
(4274, '新希望纯牛奶', '2013-04-04 00:00:00', 6, 0),
(4275, '徐福记包馅酥', '2013-04-04 00:00:00', 8, 0),
(4276, '康师傅方便面（桶装）', '2013-04-04 00:00:00', 44, 0),
(4277, '不二家牛乳糖', '2013-04-04 00:00:00', 12, 0),
(4278, '巧克巧奇涂层饼干', '2013-04-04 00:00:00', 29, 0),
(4279, '乐天靓身果汁', '2013-04-04 00:00:00', 11, 0),
(4280, '乐天来仕必咖啡', '2013-04-04 00:00:00', 6, 0),
(4281, '3点1刻经典奶茶（可回冲式）', '2013-04-04 00:00:00', 12, 0),
(4282, '亚米熊猫布丁', '2013-04-04 00:00:00', 23, 0),
(4283, '不二家棒棒糖', '2013-04-04 00:00:00', 14, 0),
(4284, '皇冠丹麦曲奇', '2013-04-04 00:00:00', 40, 0),
(4285, '沙巴哇芝士口味紫薯', '2013-04-04 00:00:00', 13, 0),
(4286, '东园什锦豆果子', '2013-04-04 00:00:00', 11, 0),
(4287, '沙巴哇综合果蔬干', '2013-04-04 00:00:00', 9, 0),
(4288, '沙巴哇芭蕉干', '2013-04-04 00:00:00', 8, 0),
(4289, '日清泡面', '2013-04-04 00:00:00', 30, 0),
(4290, '东园珍宝混合葡萄干', '2013-04-04 00:00:00', 15, 0),
(4291, '饕餮果肉荟', '2013-04-04 00:00:00', 13, 0),
(4292, '双汇泡椒风味肠', '2013-04-04 00:00:00', 9, 0),
(4293, '丢了帽子的脐橙', '2013-04-04 00:00:00', 15, 0),
(4294, '金茂昌果味布丁', '2013-04-04 00:00:00', 9, 0),
(4295, '棒棒娃手撕牛肉', '2013-04-04 00:00:00', 9, 0),
(4296, '香辣金针菇', '2013-04-04 00:00:00', 18, 0),
(4297, '雪花勇闯天涯（罐装）', '2013-04-04 00:00:00', 9, 0),
(4298, '徐福记沙琪玛（小包）', '2013-04-04 00:00:00', 9, 0),
(4299, '西麦燕麦片', '2013-04-04 00:00:00', 8, 0),
(4300, '米老头雪花煎卷（大包）', '2013-04-04 00:00:00', 7, 0),
(4301, '达利园法式软面包（小包）', '2013-04-04 00:00:00', 7, 0),
(4302, '太平梳打饼干', '2013-04-04 00:00:00', 5, 0),
(4303, '南方黑芝麻糊', '2013-04-04 00:00:00', 8, 0),
(4304, '乡吧佬卤蛋', '2013-04-04 00:00:00', 23, 0),
(4305, '麻辣海带丝', '2013-04-04 00:00:00', 14, 0),
(4306, '有友泡椒花生', '2013-04-04 00:00:00', 47, 0),
(4307, '双汇玉米热狗', '2013-04-04 00:00:00', 10, 0),
(4308, '新希望杯装酸奶', '2013-04-04 00:00:00', 20, 0),
(4309, '双汇香辣香脆肠', '2013-04-04 00:00:00', 20, 0),
(4310, '麻辣豇豆', '2013-04-04 00:00:00', 14, 0),
(4311, '唐记锅巴', '2013-04-04 00:00:00', 16, 0),
(4312, '青岛纯生', '2013-04-04 00:00:00', 4, 0),
(4313, '乐事薯片', '2013-04-04 00:00:00', 39, 0),
(4314, '棒棒娃牛肉粒', '2013-04-04 00:00:00', 3, 0),
(4315, '恰恰香瓜子', '2013-04-04 00:00:00', 4, 0),
(4316, '有友泡椒猪皮', '2013-04-04 00:00:00', 18, 0),
(4317, '新希望成都老酸奶', '2013-04-04 00:00:00', 17, 0),
(4318, '口水族烤鱿鱼丝', '2013-04-04 00:00:00', 11, 0),
(4319, '害羞的苹果', '2013-04-04 00:00:00', 26, 0),
(4320, '人见人爱圣女果（斤）', '2013-04-04 00:00:00', 22, 0),
(4321, '旺旺大米饼', '2013-04-04 00:00:00', 12, 0),
(4322, '圣女果脯', '2013-04-04 00:00:00', 9, 0),
(4323, 'V美果蔬乳酸菌饮品', '2013-04-04 00:00:00', 5, 0),
(4324, '雪莲果', '2013-04-04 00:00:00', 9, 0),
(4325, '香气扑鼻哈密瓜（碗）', '2013-04-04 00:00:00', 11, 0),
(4326, 'UP UP UP木瓜', '2013-04-04 00:00:00', 10, 0),
(4327, '半边梅', '2013-04-04 00:00:00', 5, 0),
(4328, '靖淞源新疆葡萄干', '2013-04-04 00:00:00', 8, 0),
(4329, '旺宝大杏仁', '2013-04-04 00:00:00', 7, 0),
(4330, '口水娃青豆', '2013-04-04 00:00:00', 2, 0),
(4331, '乌梅', '2013-04-04 00:00:00', 8, 0),
(4332, '旺宝开心果', '2013-04-04 00:00:00', 7, 0),
(4333, '话梅', '2013-04-04 00:00:00', 4, 0),
(4334, '百世兴酒鬼花生', '2013-04-04 00:00:00', 8, 0),
(4335, '旺旺挑逗', '2013-04-04 00:00:00', 6, 0),
(4336, '松子', '2013-04-04 00:00:00', 4, 0),
(4337, '旺旺小小酥', '2013-04-04 00:00:00', 7, 0),
(4338, '康师傅3+2苏打夹心饼干', '2013-04-04 00:00:00', 5, 0),
(4339, '奥利奥夹心饼干', '2013-04-04 00:00:00', 5, 0),
(4340, '雀巢脆脆鲨', '2013-04-04 00:00:00', 11, 0),
(4341, '趣多多巧克力味曲奇饼干', '2013-04-04 00:00:00', 11, 0),
(4342, '达利园派（小包）', '2013-04-04 00:00:00', 10, 0),
(4343, '达利园瑞士卷（小包）', '2013-04-04 00:00:00', 10, 0),
(4344, '有友泡椒凤爪', '2013-04-04 00:00:00', 7, 0),
(4345, '喜之郎什锦果肉果冻布丁', '2013-04-04 00:00:00', 4, 0),
(4346, '口水族香辣黄花鱼', '2013-04-04 00:00:00', 15, 0),
(4347, '好巴食麻辣豆腐干', '2013-04-04 00:00:00', 17, 0),
(4348, '德芙丝滑牛奶巧克力 ', '2013-04-04 00:00:00', 5, 0),
(4349, '麻辣萝卜干', '2013-04-04 00:00:00', 7, 0),
(4350, '波力海苔 ', '2013-04-04 00:00:00', 9, 0),
(4351, 'MM豆', '2013-04-04 00:00:00', 4, 0),
(4352, '康师傅干拌面', '2013-04-04 00:00:00', 32, 0),
(4353, '老干妈风味豆豉', '2013-04-04 00:00:00', 2, 0),
(4354, '饭扫光', '2013-04-04 00:00:00', 7, 0),
(4355, '鱼泉榨菜', '2013-04-04 00:00:00', 4, 0),
(4356, '雪碧', '2013-04-04 00:00:00', 8, 0),
(4357, '香飘飘奶茶', '2013-04-04 00:00:00', 4, 0),
(4358, '统一阿萨姆奶茶', '2013-04-04 00:00:00', 3, 0),
(4359, '加多宝', '2013-04-04 00:00:00', 4, 0),
(4360, '康师傅茉莉清茶', '2013-04-04 00:00:00', 3, 0),
(4361, '美汁源果粒橙', '2013-04-04 00:00:00', 3, 0),
(4362, '雀巢咖啡（瓶装）', '2013-04-04 00:00:00', 3, 0),
(4363, '卡夫果珍', '2013-04-04 00:00:00', 2, 0),
(4364, '新希望袋装酸奶', '2013-04-04 00:00:00', 22, 0),
(4365, '大果粒（雪梨+菠萝）', '2013-04-04 00:00:00', 12, 0),
(4366, 'V美五仁露', '2013-04-04 00:00:00', 2, 0),
(4367, '伊利纯牛奶', '2013-04-04 00:00:00', 2, 0),
(4368, '桑葚（大盒）', '2013-04-04 00:00:00', 7, 0),
(4369, '变美柠檬', '2013-04-04 00:00:00', 9, 0),
(4370, '猫哆哩酸角果派', '2013-04-04 00:00:00', 2, 0),
(4371, '跳跃的小金桔（斤）', '2013-04-04 00:00:00', 7, 0),
(4372, '龙眼（斤）', '2013-04-04 00:00:00', 6, 0),
(4373, '果町屋椰果布丁', '2013-04-04 00:00:00', 2, 0),
(4374, '绿箭口香糖', '2013-04-04 00:00:00', 3, 0),
(4375, '徐福记草莓酥', '2013-04-04 00:00:00', 2, 0),
(4376, '大白兔奶糖', '2013-04-04 00:00:00', 3, 0),
(4377, '蒙牛真果粒', '2013-04-04 00:00:00', 3, 0),
(4378, '得益绿色方便米饭', '2013-04-04 00:00:00', 4, 0),
(4379, '怡口莲巧克力风味夹心牛奶糖', '2013-04-04 00:00:00', 2, 0),
(4380, '阿尔卑斯硬糖', '2013-04-04 00:00:00', 3, 0),
(4381, '上帝家园紫薯条', '2013-04-04 00:00:00', 3, 0),
(4382, '枣想你阿胶枣', '2013-04-04 00:00:00', 2, 0),
(4383, '伊利优酸乳', '2013-04-04 00:00:00', 3, 0),
(4384, '椪柑（个）', '2013-04-04 00:00:00', 3, 0),
(4385, '别忘了柚子', '2013-04-04 00:00:00', 9, 0),
(4386, '甘草瓜子', '2013-04-04 00:00:00', 2, 0),
(4387, '沙糖桔（斤）', '2013-04-04 00:00:00', 3, 0),
(4388, '旺仔QQ糖', '2013-04-04 00:00:00', 2, 0),
(4389, '核桃', '2013-04-04 00:00:00', 2, 0),
(4390, '真知棒', '2013-04-04 00:00:00', 4, 0),
(4391, '原浆核桃花生乳', '2013-04-04 00:00:00', 2, 0),
(4392, '美丽心情', '2013-04-04 00:00:00', 1, 0),
(4393, '扑面田园风', '2013-04-04 00:00:00', 1, 0),
(4394, '春日里的野餐', '2013-04-04 00:00:00', 1, 0),
(4395, '邮报枇杷 6个/盘', '2013-04-04 00:00:00', 18, 0),
(4396, '果肉汇', '2013-04-04 00:00:00', 1, 0),
(4397, '维他型豆奶粉', '2013-04-04 00:00:00', 1, 0),
(4398, '休闲时刻', '2013-04-04 00:00:00', 1, 0),
(4399, '雀巢咖啡粉', '2013-04-04 00:00:00', 1, 0),
(4400, '小公主樱桃（碗）', '2013-04-05 00:00:00', 42, 0),
(4401, '漂洋过海不知火', '2013-04-05 00:00:00', 28, 0);
INSERT INTO `cart_item_view` (`id`, `item_name`, `time`, `view`, `item_id`) VALUES
(4402, '挑逗舌尖的草莓（碗）', '2013-04-05 00:00:00', 44, 0),
(4403, '沙巴哇综合果蔬干', '2013-04-05 00:00:00', 19, 0),
(4404, '害羞的苹果', '2013-04-05 00:00:00', 51, 0),
(4405, '双汇香辣香脆肠', '2013-04-05 00:00:00', 14, 0),
(4406, '麻辣海带丝', '2013-04-05 00:00:00', 16, 0),
(4407, '新希望纯牛奶', '2013-04-05 00:00:00', 9, 0),
(4408, '西麦燕麦片', '2013-04-05 00:00:00', 4, 0),
(4409, '亚米熊猫布丁', '2013-04-05 00:00:00', 19, 0),
(4410, '乐事薯片', '2013-04-05 00:00:00', 21, 0),
(4411, '迎接夏日的小西瓜（半个）', '2013-04-05 00:00:00', 12, 0),
(4412, '成都记忆瓶装酸奶（可退瓶）', '2013-04-05 00:00:00', 17, 0),
(4413, '唐记锅巴', '2013-04-05 00:00:00', 14, 0),
(4414, '百事可乐', '2013-04-05 00:00:00', 4, 0),
(4415, '有友泡椒猪皮', '2013-04-05 00:00:00', 14, 0),
(4416, '麻辣豇豆', '2013-04-05 00:00:00', 18, 0),
(4417, '香辣金针菇', '2013-04-05 00:00:00', 16, 0),
(4418, '有友泡椒凤爪', '2013-04-05 00:00:00', 14, 0),
(4419, '邮报枇杷 6个/盘', '2013-04-05 00:00:00', 25, 0),
(4420, '沙糖桔（斤）', '2013-04-05 00:00:00', 1, 0),
(4421, '超级无敌大旋风金刚钻果篮', '2013-04-05 00:00:00', 3, 0),
(4422, '满满都是爱', '2013-04-05 00:00:00', 2, 0),
(4423, '好孩子爱吃芒果', '2013-04-05 00:00:00', 20, 0),
(4424, '黄瓜', '2013-04-05 00:00:00', 1, 0),
(4425, '变美柠檬', '2013-04-05 00:00:00', 4, 0),
(4426, '新希望杯装酸奶', '2013-04-05 00:00:00', 11, 0),
(4427, '麻辣萝卜干', '2013-04-05 00:00:00', 8, 0),
(4428, '新希望袋装酸奶', '2013-04-05 00:00:00', 10, 0),
(4429, '新希望成都老酸奶', '2013-04-05 00:00:00', 15, 0),
(4430, '原浆核桃花生乳', '2013-04-05 00:00:00', 1, 0),
(4431, '乐天来仕必咖啡', '2013-04-05 00:00:00', 4, 0),
(4432, 'V美果蔬乳酸菌饮品', '2013-04-05 00:00:00', 3, 0),
(4433, 'IQ增增增香蕉', '2013-04-05 00:00:00', 67, 0),
(4434, '油王子菠萝（碗）', '2013-04-05 00:00:00', 47, 0),
(4435, '上帝家园紫薯条', '2013-04-05 00:00:00', 1, 0),
(4436, '会隐身的猕猴桃', '2013-04-05 00:00:00', 15, 0),
(4437, '人见人爱圣女果（斤）', '2013-04-05 00:00:00', 19, 0),
(4438, '丢了帽子的脐橙', '2013-04-05 00:00:00', 14, 0),
(4439, '饕餮果肉荟', '2013-04-05 00:00:00', 21, 0),
(4440, '雪莲果', '2013-04-05 00:00:00', 19, 0),
(4441, '香气扑鼻哈密瓜（碗）', '2013-04-05 00:00:00', 12, 0),
(4442, 'UP UP UP木瓜', '2013-04-05 00:00:00', 11, 0),
(4443, '不挂科火龙果', '2013-04-05 00:00:00', 14, 0),
(4444, '大白皇冠梨', '2013-04-05 00:00:00', 9, 0),
(4445, '别忘了柚子', '2013-04-05 00:00:00', 7, 0),
(4446, '乡吧佬卤蛋', '2013-04-05 00:00:00', 26, 0),
(4447, '日清泡面', '2013-04-05 00:00:00', 40, 0),
(4448, '达利园法式软面包（小包）', '2013-04-05 00:00:00', 10, 0),
(4449, '雀巢脆脆鲨', '2013-04-05 00:00:00', 6, 0),
(4450, '旺旺小小酥', '2013-04-05 00:00:00', 10, 0),
(4451, '徐福记沙琪玛（小包）', '2013-04-05 00:00:00', 11, 0),
(4452, '达利园瑞士卷（小包）', '2013-04-05 00:00:00', 10, 0),
(4453, '达利园派（小包）', '2013-04-05 00:00:00', 10, 0),
(4454, '康师傅方便面（桶装）', '2013-04-05 00:00:00', 27, 0),
(4455, '喜之郎什锦果肉果冻布丁', '2013-04-05 00:00:00', 7, 0),
(4456, '星球杯（3枚）', '2013-04-05 00:00:00', 11, 0),
(4457, '金茂昌果味布丁', '2013-04-05 00:00:00', 17, 0),
(4458, '雪花勇闯天涯（罐装）', '2013-04-05 00:00:00', 7, 0),
(4459, '统一阿萨姆奶茶', '2013-04-05 00:00:00', 4, 0),
(4460, '加多宝', '2013-04-05 00:00:00', 4, 0),
(4461, '南方黑芝麻糊', '2013-04-05 00:00:00', 6, 0),
(4462, '美汁源果粒橙', '2013-04-05 00:00:00', 4, 0),
(4463, '趣多多巧克力味曲奇饼干', '2013-04-05 00:00:00', 4, 0),
(4464, '雀巢全脂奶粉', '2013-04-05 00:00:00', 1, 0),
(4465, '靖淞源新疆葡萄干', '2013-04-05 00:00:00', 7, 0),
(4466, '沙巴哇芝士口味紫薯', '2013-04-05 00:00:00', 12, 0),
(4467, '卡夫果珍', '2013-04-05 00:00:00', 1, 0),
(4468, '猫哆哩酸角果派', '2013-04-05 00:00:00', 1, 0),
(4469, '徐福记包馅酥', '2013-04-05 00:00:00', 2, 0),
(4470, '旺宝大杏仁', '2013-04-05 00:00:00', 4, 0),
(4471, '百世兴酒鬼花生', '2013-04-05 00:00:00', 5, 0),
(4472, '米老头雪花煎卷（大包）', '2013-04-05 00:00:00', 8, 0),
(4473, '大果粒（雪梨+菠萝）', '2013-04-05 00:00:00', 3, 0),
(4474, '旺宝开心果', '2013-04-05 00:00:00', 2, 0),
(4475, '圣女果脯', '2013-04-05 00:00:00', 1, 0),
(4476, '皇冠丹麦曲奇', '2013-04-05 00:00:00', 17, 0),
(4477, '巧克巧奇涂层饼干', '2013-04-05 00:00:00', 12, 0),
(4478, '奥利奥夹心饼干', '2013-04-05 00:00:00', 8, 0),
(4479, '有友泡椒花生', '2013-04-05 00:00:00', 10, 0),
(4480, '乐天靓身果汁', '2013-04-05 00:00:00', 10, 0),
(4481, '青岛纯生', '2013-04-05 00:00:00', 26, 0),
(4482, '恰恰香瓜子', '2013-04-05 00:00:00', 3, 0),
(4483, '口水族烤鱿鱼丝', '2013-04-05 00:00:00', 11, 0),
(4484, '康师傅干拌面', '2013-04-05 00:00:00', 26, 0),
(4485, '张君雅小妹妹捏碎面', '2013-04-05 00:00:00', 37, 0),
(4486, '棒棒娃手撕牛肉', '2013-04-05 00:00:00', 9, 0),
(4487, 'V美五仁露', '2013-04-05 00:00:00', 2, 0),
(4488, '东园什锦豆果子', '2013-04-05 00:00:00', 8, 0),
(4489, '健康生活', '2013-04-05 00:00:00', 1, 0),
(4490, '沙巴哇芭蕉干', '2013-04-05 00:00:00', 13, 0),
(4491, '康师傅3+2苏打夹心饼干', '2013-04-05 00:00:00', 3, 0),
(4492, '棒棒娃牛肉粒', '2013-04-05 00:00:00', 4, 0),
(4493, '太平梳打饼干', '2013-04-05 00:00:00', 7, 0),
(4494, '口水娃青豆', '2013-04-05 00:00:00', 6, 0),
(4495, 'MM豆', '2013-04-05 00:00:00', 2, 0),
(4496, '波力海苔 ', '2013-04-05 00:00:00', 3, 0),
(4497, '老干妈风味豆豉', '2013-04-05 00:00:00', 2, 0),
(4498, '蒙牛真果粒', '2013-04-05 00:00:00', 1, 0),
(4499, '旺仔QQ糖', '2013-04-05 00:00:00', 1, 0),
(4500, '双汇泡椒风味肠', '2013-04-05 00:00:00', 6, 0),
(4501, '小资女之恋卷心酥', '2013-04-05 00:00:00', 16, 0),
(4502, '枣想你阿胶枣', '2013-04-05 00:00:00', 2, 0),
(4503, '口水族香辣黄花鱼', '2013-04-05 00:00:00', 6, 0),
(4504, '丰灵Tipo面包干', '2013-04-05 00:00:00', 21, 0),
(4505, '饭扫光', '2013-04-05 00:00:00', 3, 0),
(4506, '得益绿色方便米饭', '2013-04-05 00:00:00', 3, 0),
(4507, '双汇玉米热狗', '2013-04-05 00:00:00', 10, 0),
(4508, '康师傅茉莉清茶', '2013-04-05 00:00:00', 3, 0),
(4509, '旺旺大米饼', '2013-04-05 00:00:00', 6, 0),
(4510, '雪碧', '2013-04-05 00:00:00', 6, 0),
(4511, '东园珍宝混合葡萄干', '2013-04-05 00:00:00', 9, 0),
(4512, '鱼泉榨菜', '2013-04-05 00:00:00', 2, 0),
(4513, '香飘飘奶茶', '2013-04-05 00:00:00', 1, 0),
(4514, '话梅', '2013-04-05 00:00:00', 2, 0),
(4515, '旺旺挑逗', '2013-04-05 00:00:00', 4, 0),
(4516, '好巴食麻辣豆腐干', '2013-04-05 00:00:00', 7, 0),
(4517, '椪柑（个）', '2013-04-05 00:00:00', 3, 0),
(4518, '跳跃的小金桔（斤）', '2013-04-05 00:00:00', 1, 0),
(4519, '3点1刻经典奶茶（可回冲式）', '2013-04-05 00:00:00', 2, 0),
(4520, '松子', '2013-04-05 00:00:00', 3, 0),
(4521, '半边梅', '2013-04-05 00:00:00', 3, 0),
(4522, '不二家牛乳糖', '2013-04-05 00:00:00', 2, 0),
(4523, '不二家棒棒糖', '2013-04-05 00:00:00', 1, 0),
(4524, '果町屋椰果布丁', '2013-04-05 00:00:00', 4, 0),
(4525, '伊利纯牛奶', '2013-04-05 00:00:00', 1, 0),
(4526, '德芙丝滑牛奶巧克力 ', '2013-04-05 00:00:00', 3, 0),
(4527, '雀巢咖啡（瓶装）', '2013-04-05 00:00:00', 2, 0),
(4528, '葡萄', '2013-04-05 00:00:00', 1, 0),
(4529, '青瑅', '2013-04-05 00:00:00', 1, 0),
(4530, '邮报枇杷（盘）', '2013-04-05 00:00:00', 3, 0),
(4531, '乌梅', '2013-04-05 00:00:00', 1, 0),
(4532, '口水族烤鱿鱼丝', '2013-04-06 00:00:00', 16, 0),
(4533, '麻辣海带丝', '2013-04-06 00:00:00', 20, 0),
(4534, '有友泡椒花生', '2013-04-06 00:00:00', 17, 0),
(4535, '德芙丝滑牛奶巧克力 ', '2013-04-06 00:00:00', 6, 0),
(4536, '旺旺大米饼', '2013-04-06 00:00:00', 12, 0),
(4537, '新希望成都老酸奶', '2013-04-06 00:00:00', 26, 0),
(4538, '唐记锅巴', '2013-04-06 00:00:00', 14, 0),
(4539, '成都记忆瓶装酸奶（可退瓶）', '2013-04-06 00:00:00', 28, 0),
(4540, '波力海苔 ', '2013-04-06 00:00:00', 4, 0),
(4541, '伊利优酸乳', '2013-04-06 00:00:00', 4, 0),
(4542, 'V美果蔬乳酸菌饮品', '2013-04-06 00:00:00', 6, 0),
(4543, '金茂昌果味布丁', '2013-04-06 00:00:00', 12, 0),
(4544, '新希望杯装酸奶', '2013-04-06 00:00:00', 16, 0),
(4545, '康师傅方便面（桶装）', '2013-04-06 00:00:00', 38, 0),
(4546, '麻辣萝卜干', '2013-04-06 00:00:00', 11, 0),
(4547, '康师傅干拌面', '2013-04-06 00:00:00', 24, 0),
(4548, '棒棒娃牛肉粒', '2013-04-06 00:00:00', 7, 0),
(4549, '得益绿色方便米饭', '2013-04-06 00:00:00', 4, 0),
(4550, 'MM豆', '2013-04-06 00:00:00', 6, 0),
(4551, '日清泡面', '2013-04-06 00:00:00', 34, 0),
(4552, '双汇香辣香脆肠', '2013-04-06 00:00:00', 30, 0),
(4553, '星球杯（3枚）', '2013-04-06 00:00:00', 11, 0),
(4554, '棒棒娃手撕牛肉', '2013-04-06 00:00:00', 11, 0),
(4555, '好巴食麻辣豆腐干', '2013-04-06 00:00:00', 12, 0),
(4556, '乡吧佬卤蛋', '2013-04-06 00:00:00', 33, 0),
(4557, '口水族香辣黄花鱼', '2013-04-06 00:00:00', 16, 0),
(4558, '香辣金针菇', '2013-04-06 00:00:00', 10, 0),
(4559, '麻辣豇豆', '2013-04-06 00:00:00', 17, 0),
(4560, '双汇玉米热狗', '2013-04-06 00:00:00', 18, 0),
(4561, '双汇泡椒风味肠', '2013-04-06 00:00:00', 14, 0),
(4562, '饭扫光', '2013-04-06 00:00:00', 5, 0),
(4563, '老干妈风味豆豉', '2013-04-06 00:00:00', 7, 0),
(4564, '鱼泉榨菜', '2013-04-06 00:00:00', 10, 0),
(4565, '百事可乐', '2013-04-06 00:00:00', 10, 0),
(4566, '康师傅3+2苏打夹心饼干', '2013-04-06 00:00:00', 10, 0),
(4567, '青岛纯生', '2013-04-06 00:00:00', 12, 0),
(4568, '达利园瑞士卷（小包）', '2013-04-06 00:00:00', 10, 0),
(4569, '雪碧', '2013-04-06 00:00:00', 5, 0),
(4570, '雪花勇闯天涯（罐装）', '2013-04-06 00:00:00', 11, 0),
(4571, '南方黑芝麻糊', '2013-04-06 00:00:00', 17, 0),
(4572, '伊利纯牛奶', '2013-04-06 00:00:00', 3, 0),
(4573, '香飘飘奶茶', '2013-04-06 00:00:00', 7, 0),
(4574, '新希望袋装酸奶', '2013-04-06 00:00:00', 13, 0),
(4575, '新希望纯牛奶', '2013-04-06 00:00:00', 14, 0),
(4576, '有友泡椒凤爪', '2013-04-06 00:00:00', 16, 0),
(4577, '有友泡椒猪皮', '2013-04-06 00:00:00', 19, 0),
(4578, '加多宝', '2013-04-06 00:00:00', 6, 0),
(4579, '统一阿萨姆奶茶', '2013-04-06 00:00:00', 5, 0),
(4580, '猫哆哩酸角果派', '2013-04-06 00:00:00', 5, 0),
(4581, '小公主樱桃（碗）', '2013-04-06 00:00:00', 37, 0),
(4582, '雀巢咖啡粉', '2013-04-06 00:00:00', 2, 0),
(4583, '饕餮果肉荟', '2013-04-06 00:00:00', 39, 0),
(4584, '乐事薯片', '2013-04-06 00:00:00', 22, 0),
(4585, '龙眼（斤）', '2013-04-06 00:00:00', 4, 0),
(4586, '话梅', '2013-04-06 00:00:00', 7, 0),
(4587, '圣女果脯', '2013-04-06 00:00:00', 6, 0),
(4588, '乌梅', '2013-04-06 00:00:00', 4, 0),
(4589, '半边梅', '2013-04-06 00:00:00', 5, 0),
(4590, '靖淞源新疆葡萄干', '2013-04-06 00:00:00', 5, 0),
(4591, '巧克巧奇涂层饼干', '2013-04-06 00:00:00', 16, 0),
(4592, '丰灵Tipo面包干', '2013-04-06 00:00:00', 16, 0),
(4593, '皇冠丹麦曲奇', '2013-04-06 00:00:00', 12, 0),
(4594, '小资女之恋卷心酥', '2013-04-06 00:00:00', 18, 0),
(4595, '害羞的苹果', '2013-04-06 00:00:00', 30, 0),
(4596, '大白皇冠梨', '2013-04-06 00:00:00', 9, 0),
(4597, '不挂科火龙果', '2013-04-06 00:00:00', 13, 0),
(4598, 'IQ增增增香蕉', '2013-04-06 00:00:00', 53, 0),
(4599, '人见人爱圣女果（斤）', '2013-04-06 00:00:00', 24, 0),
(4600, '挑逗舌尖的草莓（碗）', '2013-04-06 00:00:00', 41, 0),
(4601, '大果粒（雪梨+菠萝）', '2013-04-06 00:00:00', 4, 0),
(4602, '徐福记包馅酥', '2013-04-06 00:00:00', 6, 0),
(4603, '达利园派（小包）', '2013-04-06 00:00:00', 9, 0),
(4604, '太平梳打饼干', '2013-04-06 00:00:00', 6, 0),
(4605, '徐福记沙琪玛（小包）', '2013-04-06 00:00:00', 17, 0),
(4606, '米老头雪花煎卷（大包）', '2013-04-06 00:00:00', 9, 0),
(4607, '达利园法式软面包（小包）', '2013-04-06 00:00:00', 19, 0),
(4608, '趣多多巧克力味曲奇饼干', '2013-04-06 00:00:00', 8, 0),
(4609, '雀巢脆脆鲨', '2013-04-06 00:00:00', 9, 0),
(4610, '东园什锦豆果子', '2013-04-06 00:00:00', 13, 0),
(4611, '东园珍宝混合葡萄干', '2013-04-06 00:00:00', 12, 0),
(4612, '不二家牛乳糖', '2013-04-06 00:00:00', 9, 0),
(4613, '恰恰香瓜子', '2013-04-06 00:00:00', 8, 0),
(4614, '迎接夏日的小西瓜（半个）', '2013-04-06 00:00:00', 14, 0),
(4615, '张君雅小妹妹捏碎面', '2013-04-06 00:00:00', 32, 0),
(4616, '奥利奥夹心饼干', '2013-04-06 00:00:00', 8, 0),
(4617, '旺旺小小酥', '2013-04-06 00:00:00', 6, 0),
(4618, '蒙牛真果粒', '2013-04-06 00:00:00', 2, 0),
(4619, '绿箭口香糖', '2013-04-06 00:00:00', 2, 0),
(4620, '桑葚（大盒）', '2013-04-06 00:00:00', 3, 0),
(4621, '西麦燕麦片', '2013-04-06 00:00:00', 8, 0),
(4622, '沙巴哇芝士口味紫薯', '2013-04-06 00:00:00', 11, 0),
(4623, '乐天靓身果汁', '2013-04-06 00:00:00', 15, 0),
(4624, '亚米熊猫布丁', '2013-04-06 00:00:00', 18, 0),
(4625, '油王子菠萝（碗）', '2013-04-06 00:00:00', 59, 0),
(4626, '漂洋过海不知火', '2013-04-06 00:00:00', 14, 0),
(4627, '邮报枇杷（盘）', '2013-04-06 00:00:00', 25, 0),
(4628, '喜之郎什锦果肉果冻布丁', '2013-04-06 00:00:00', 9, 0),
(4629, '雀巢咖啡（瓶装）', '2013-04-06 00:00:00', 3, 0),
(4630, '旺宝大杏仁', '2013-04-06 00:00:00', 2, 0),
(4631, '3点1刻经典奶茶（可回冲式）', '2013-04-06 00:00:00', 12, 0),
(4632, '卡夫果珍', '2013-04-06 00:00:00', 7, 0),
(4633, '沙巴哇综合果蔬干', '2013-04-06 00:00:00', 15, 0),
(4634, '康师傅茉莉清茶', '2013-04-06 00:00:00', 3, 0),
(4635, '沙巴哇芭蕉干', '2013-04-06 00:00:00', 9, 0),
(4636, '旺宝开心果', '2013-04-06 00:00:00', 5, 0),
(4637, '会隐身的猕猴桃', '2013-04-06 00:00:00', 16, 0),
(4638, '百世兴酒鬼花生', '2013-04-06 00:00:00', 68, 0),
(4639, '香气扑鼻哈密瓜（碗）', '2013-04-06 00:00:00', 13, 0),
(4640, '跳跃的小金桔（斤）', '2013-04-06 00:00:00', 4, 0),
(4641, '果肉汇', '2013-04-06 00:00:00', 1, 0),
(4642, '雪莲果', '2013-04-06 00:00:00', 18, 0),
(4643, '美丽心情', '2013-04-06 00:00:00', 1, 0),
(4644, '健康生活', '2013-04-06 00:00:00', 1, 0),
(4645, '扑面田园风', '2013-04-06 00:00:00', 1, 0),
(4646, '春日里的野餐', '2013-04-06 00:00:00', 1, 0),
(4647, '美汁源果粒橙', '2013-04-06 00:00:00', 1, 0),
(4648, '青瑅', '2013-04-06 00:00:00', 1, 0),
(4649, '乐天来仕必咖啡', '2013-04-06 00:00:00', 5, 0),
(4650, '维他型豆奶粉', '2013-04-06 00:00:00', 1, 0),
(4651, '旺旺挑逗', '2013-04-06 00:00:00', 4, 0),
(4652, '椪柑（个）', '2013-04-06 00:00:00', 2, 0),
(4653, '丢了帽子的脐橙', '2013-04-06 00:00:00', 19, 0),
(4654, 'UP UP UP木瓜', '2013-04-06 00:00:00', 10, 0),
(4655, '好孩子爱吃芒果', '2013-04-06 00:00:00', 38, 0),
(4656, '果町屋椰果布丁', '2013-04-06 00:00:00', 1, 0),
(4657, '不二家棒棒糖', '2013-04-06 00:00:00', 7, 0),
(4658, '变美柠檬', '2013-04-06 00:00:00', 8, 0),
(4659, '口水娃青豆', '2013-04-06 00:00:00', 3, 0),
(4660, '枣想你阿胶枣', '2013-04-06 00:00:00', 2, 0),
(4661, '上帝家园紫薯条', '2013-04-06 00:00:00', 1, 0),
(4662, 'V美五仁露', '2013-04-06 00:00:00', 3, 0),
(4663, '阿尔卑斯硬糖', '2013-04-06 00:00:00', 3, 0),
(4664, '怡口莲巧克力风味夹心牛奶糖', '2013-04-06 00:00:00', 2, 0),
(4665, '大白兔奶糖', '2013-04-06 00:00:00', 1, 0),
(4666, '雀巢全脂奶粉', '2013-04-06 00:00:00', 1, 0),
(4667, '超级无敌大旋风金刚钻果篮', '2013-04-06 00:00:00', 3, 0),
(4668, '葡萄', '2013-04-06 00:00:00', 2, 0),
(4669, '徐福记草莓酥', '2013-04-06 00:00:00', 1, 0),
(4670, '欣旺欣新疆风味葡萄干', '2013-04-06 00:00:00', 6, 0),
(4671, '休闲时刻', '2013-04-06 00:00:00', 1, 0),
(4672, '银鹭八宝粥罐头', '2013-04-06 00:00:00', 1, 0),
(4673, '别忘了柚子', '2013-04-06 00:00:00', 4, 0),
(4674, '旺仔QQ糖', '2013-04-06 00:00:00', 1, 0),
(4675, '漂洋过海不知火', '2013-04-07 00:00:00', 13, 0),
(4676, 'MM豆', '2013-04-07 00:00:00', 3, 0),
(4677, '日清泡面', '2013-04-07 00:00:00', 15, 0),
(4678, '乡吧佬卤蛋', '2013-04-07 00:00:00', 9, 0),
(4679, '米老头雪花煎卷（大包）', '2013-04-07 00:00:00', 6, 0),
(4680, '棒棒娃手撕牛肉', '2013-04-07 00:00:00', 11, 0),
(4681, '德芙丝滑牛奶巧克力 ', '2013-04-07 00:00:00', 4, 0),
(4682, '猫哆哩酸角果派', '2013-04-07 00:00:00', 1, 0),
(4683, '雀巢咖啡（瓶装）', '2013-04-07 00:00:00', 2, 0),
(4684, '大白兔奶糖', '2013-04-07 00:00:00', 2, 0),
(4685, '百事可乐', '2013-04-07 00:00:00', 4, 0),
(4686, '上帝家园紫薯条', '2013-04-07 00:00:00', 2, 0),
(4687, '恰恰香瓜子', '2013-04-07 00:00:00', 4, 0),
(4688, '得益绿色方便米饭', '2013-04-07 00:00:00', 2, 0),
(4689, '饭扫光', '2013-04-07 00:00:00', 3, 0),
(4690, '雀巢脆脆鲨', '2013-04-07 00:00:00', 6, 0),
(4691, '葡萄', '2013-04-07 00:00:00', 1, 0),
(4692, '挑逗舌尖的草莓（碗）', '2013-04-07 00:00:00', 24, 0),
(4693, '徐福记沙琪玛（小包）', '2013-04-07 00:00:00', 9, 0),
(4694, '雪花勇闯天涯（罐装）', '2013-04-07 00:00:00', 2, 0),
(4695, '张君雅小妹妹捏碎面', '2013-04-07 00:00:00', 24, 0),
(4696, '康师傅干拌面', '2013-04-07 00:00:00', 6, 0),
(4697, '新希望袋装酸奶', '2013-04-07 00:00:00', 4, 0),
(4698, '沙巴哇芝士口味紫薯', '2013-04-07 00:00:00', 10, 0),
(4699, '沙巴哇芭蕉干', '2013-04-07 00:00:00', 9, 0),
(4700, '口水族烤鱿鱼丝', '2013-04-07 00:00:00', 3, 0),
(4701, '新希望成都老酸奶', '2013-04-07 00:00:00', 8, 0),
(4702, '有友泡椒猪皮', '2013-04-07 00:00:00', 6, 0),
(4703, '乐事薯片', '2013-04-07 00:00:00', 11, 0),
(4704, '青岛纯生', '2013-04-07 00:00:00', 4, 0),
(4705, '唐记锅巴', '2013-04-07 00:00:00', 4, 0),
(4706, '乐天靓身果汁', '2013-04-07 00:00:00', 7, 0),
(4707, '麻辣豇豆', '2013-04-07 00:00:00', 6, 0),
(4708, '双汇香辣香脆肠', '2013-04-07 00:00:00', 7, 0),
(4709, '有友泡椒花生', '2013-04-07 00:00:00', 3, 0),
(4710, '麻辣海带丝', '2013-04-07 00:00:00', 2, 0),
(4711, '康师傅方便面（桶装）', '2013-04-07 00:00:00', 12, 0),
(4712, '亚米熊猫布丁', '2013-04-07 00:00:00', 14, 0),
(4713, '沙巴哇综合果蔬干', '2013-04-07 00:00:00', 10, 0),
(4714, '南方黑芝麻糊', '2013-04-07 00:00:00', 4, 0),
(4715, '达利园法式软面包（小包）', '2013-04-07 00:00:00', 10, 0),
(4716, '西麦燕麦片', '2013-04-07 00:00:00', 6, 0),
(4717, '皇冠丹麦曲奇', '2013-04-07 00:00:00', 14, 0),
(4718, '新希望纯牛奶', '2013-04-07 00:00:00', 4, 0),
(4719, '巧克巧奇涂层饼干', '2013-04-07 00:00:00', 6, 0),
(4720, '邮报枇杷（盘）', '2013-04-07 00:00:00', 17, 0),
(4721, '不挂科火龙果', '2013-04-07 00:00:00', 9, 0),
(4722, '油王子菠萝（碗）', '2013-04-07 00:00:00', 41, 0),
(4723, '饕餮果肉荟', '2013-04-07 00:00:00', 19, 0),
(4724, '香气扑鼻哈密瓜（碗）', '2013-04-07 00:00:00', 21, 0),
(4725, '小公主樱桃（碗）', '2013-04-07 00:00:00', 30, 0),
(4726, '好孩子爱吃芒果', '2013-04-07 00:00:00', 18, 0),
(4727, '百世兴酒鬼花生', '2013-04-07 00:00:00', 6, 0),
(4728, '伊利纯牛奶', '2013-04-07 00:00:00', 2, 0),
(4729, '口水娃青豆', '2013-04-07 00:00:00', 5, 0),
(4730, '原浆核桃花生乳', '2013-04-07 00:00:00', 1, 0),
(4731, '变美柠檬', '2013-04-07 00:00:00', 19, 0),
(4732, '银鹭八宝粥罐头', '2013-04-07 00:00:00', 1, 0),
(4733, '不二家牛乳糖', '2013-04-07 00:00:00', 3, 0),
(4734, '不二家棒棒糖', '2013-04-07 00:00:00', 6, 0),
(4735, '小资女之恋卷心酥', '2013-04-07 00:00:00', 14, 0),
(4736, '丰灵Tipo面包干', '2013-04-07 00:00:00', 14, 0),
(4737, '东园珍宝混合葡萄干', '2013-04-07 00:00:00', 9, 0),
(4738, '东园什锦豆果子', '2013-04-07 00:00:00', 9, 0),
(4739, 'IQ增增增香蕉', '2013-04-07 00:00:00', 35, 0),
(4740, '害羞的苹果', '2013-04-07 00:00:00', 22, 0),
(4741, '会隐身的猕猴桃', '2013-04-07 00:00:00', 2, 0),
(4742, '人见人爱圣女果（斤）', '2013-04-07 00:00:00', 17, 0),
(4743, '丢了帽子的脐橙', '2013-04-07 00:00:00', 9, 0),
(4744, 'UP UP UP木瓜', '2013-04-07 00:00:00', 5, 0),
(4745, '欣旺欣新疆风味葡萄干', '2013-04-07 00:00:00', 5, 0),
(4746, '半边梅', '2013-04-07 00:00:00', 4, 0),
(4747, '旺宝大杏仁', '2013-04-07 00:00:00', 8, 0),
(4748, '乌梅', '2013-04-07 00:00:00', 4, 0),
(4749, '旺宝开心果', '2013-04-07 00:00:00', 7, 0),
(4750, '话梅', '2013-04-07 00:00:00', 3, 0),
(4751, '旺旺挑逗', '2013-04-07 00:00:00', 2, 0),
(4752, '圣女果脯', '2013-04-07 00:00:00', 4, 0),
(4753, '松子', '2013-04-07 00:00:00', 2, 0),
(4754, '黄瓜', '2013-04-07 00:00:00', 1, 0),
(4755, '棒棒娃牛肉粒', '2013-04-07 00:00:00', 2, 0),
(4756, '徐福记草莓酥', '2013-04-07 00:00:00', 1, 0),
(4757, '新希望杯装酸奶', '2013-04-07 00:00:00', 5, 0),
(4758, '绿箭口香糖', '2013-04-07 00:00:00', 1, 0),
(4759, '成都记忆瓶装酸奶（可退瓶）', '2013-04-07 00:00:00', 4, 0),
(4760, '太平梳打饼干', '2013-04-07 00:00:00', 3, 0),
(4761, '金茂昌果味布丁', '2013-04-07 00:00:00', 28, 0),
(4762, '迎接夏日的小西瓜（半个）', '2013-04-07 00:00:00', 11, 0),
(4763, '香辣金针菇', '2013-04-07 00:00:00', 5, 0),
(4764, '麻辣萝卜干', '2013-04-07 00:00:00', 1, 0),
(4765, '双汇泡椒风味肠', '2013-04-07 00:00:00', 2, 0),
(4766, '乐天来仕必咖啡', '2013-04-07 00:00:00', 2, 0),
(4767, '鱼泉榨菜', '2013-04-07 00:00:00', 3, 0),
(4768, '雀巢全脂奶粉', '2013-04-07 00:00:00', 1, 0),
(4769, '好巴食麻辣豆腐干', '2013-04-07 00:00:00', 10, 0),
(4770, '大白皇冠梨', '2013-04-07 00:00:00', 11, 0),
(4771, '别忘了柚子', '2013-04-07 00:00:00', 6, 0),
(4772, '康师傅3+2苏打夹心饼干', '2013-04-07 00:00:00', 4, 0),
(4773, '达利园派（小包）', '2013-04-07 00:00:00', 4, 0),
(4774, '旺旺小小酥', '2013-04-07 00:00:00', 5, 0),
(4775, '统一阿萨姆奶茶', '2013-04-07 00:00:00', 2, 0),
(4776, '桑葚（大盒）', '2013-04-07 00:00:00', 1, 0),
(4777, '达利园瑞士卷（小包）', '2013-04-07 00:00:00', 3, 0),
(4778, '跳跃的小金桔（斤）', '2013-04-07 00:00:00', 2, 0),
(4779, '旺旺大米饼', '2013-04-07 00:00:00', 1, 0),
(4780, '椪柑（个）', '2013-04-07 00:00:00', 1, 0),
(4781, '喜之郎什锦果肉果冻布丁', '2013-04-07 00:00:00', 1, 0),
(4782, '徐福记包馅酥', '2013-04-07 00:00:00', 2, 0),
(4783, '奥利奥夹心饼干', '2013-04-07 00:00:00', 1, 0),
(4784, '星球杯（3枚）', '2013-04-07 00:00:00', 3, 0),
(4785, '波力海苔 ', '2013-04-07 00:00:00', 1, 0),
(4786, '双汇玉米热狗', '2013-04-07 00:00:00', 4, 0),
(4787, '老干妈风味豆豉', '2013-04-07 00:00:00', 2, 0),
(4788, '卡夫果珍', '2013-04-07 00:00:00', 1, 0),
(4789, '有友泡椒凤爪', '2013-04-07 00:00:00', 6, 0),
(4790, '口水族香辣黄花鱼', '2013-04-07 00:00:00', 3, 0),
(4791, '超级无敌大旋风金刚钻果篮', '2013-04-07 00:00:00', 3, 0),
(4792, '阿尔卑斯硬糖', '2013-04-07 00:00:00', 1, 0),
(4793, '核桃', '2013-04-07 00:00:00', 1, 0),
(4794, 'IQ增增增香蕉', '2013-04-08 00:00:00', 3, 0),
(4795, '小公主樱桃（碗）', '2013-04-10 00:00:00', 1, 0),
(4796, '金茂昌果味布丁', '2013-04-14 00:00:00', 1, 0),
(4797, '变美柠檬', '2013-04-18 00:00:00', 1, 0),
(4798, '小公主樱桃（碗）', '2013-04-18 00:00:00', 2, 0),
(4799, '挑逗舌尖的草莓（碗）', '2013-04-20 00:00:00', 2, 0),
(4800, 'IQ增增增香蕉', '2013-04-20 00:00:00', 4, 0),
(4801, '变美柠檬', '2013-04-20 00:00:00', 3, 0),
(4802, '张君雅小妹妹捏碎面', '2013-04-20 00:00:00', 1, 0),
(4803, '雪花勇闯天涯（罐装）', '2013-04-20 00:00:00', 1, 0),
(4804, '好孩子爱吃芒果', '2013-04-22 00:00:00', 1, 0),
(4805, '变美柠檬', '2013-04-22 00:00:00', 6, 0),
(4806, '香气扑鼻哈密瓜（碗）', '2013-04-22 00:00:00', 2, 0),
(4807, '油王子菠萝（碗）', '2013-04-22 00:00:00', 1, 0),
(4808, '小公主樱桃（碗）', '2013-04-22 00:00:00', 2, 0),
(4809, '不挂科火龙果', '2013-04-22 00:00:00', 2, 0),
(4810, '有友泡椒猪皮', '2013-04-22 00:00:00', 2, 0),
(4811, '旺旺大米饼', '2013-04-22 00:00:00', 1, 0),
(4812, '麻辣海带丝', '2013-04-22 00:00:00', 1, 0),
(4813, '测试捐赠商品', '2013-04-22 00:00:00', 8, 0),
(4814, 'IQ增增增香蕉', '2013-04-22 00:00:00', 1, 0),
(4815, '测试捐赠商品', '2013-04-23 00:00:00', 15, 0),
(4816, '星球杯（3枚）', '2013-04-23 00:00:00', 1, 0),
(4817, '变美柠檬', '2013-04-23 00:00:00', 4, 0),
(4818, '油王子菠萝（碗）', '2013-04-23 00:00:00', 1, 0),
(4819, '饕餮果肉荟', '2013-04-23 00:00:00', 1, 0),
(4820, '挑逗舌尖的草莓（碗）', '2013-04-23 00:00:00', 1, 0),
(4821, '丰灵Tipo面包干', '2013-04-23 00:00:00', 1, 0),
(4822, '成电映像（逆光摄影与水果巴士共同义卖）1点开始售卖100套', '2013-04-23 00:00:00', 18, 0),
(4823, '香气扑鼻哈密瓜（碗）', '2013-04-23 00:00:00', 1, 0),
(4824, '小公主樱桃（碗）', '2013-04-23 00:00:00', 1, 0),
(4825, '好孩子爱吃芒果', '2013-04-23 00:00:00', 1, 0),
(4826, '挑逗舌尖的草莓（碗）', '2013-04-24 00:00:00', 2, 0),
(4827, '好孩子爱吃芒果', '2013-04-24 00:00:00', 10, 0),
(4828, '香气扑鼻哈密瓜（碗）', '2013-04-24 00:00:00', 5, 0),
(4829, '小公主樱桃（碗）', '2013-04-24 00:00:00', 1, 0),
(4830, '康师傅方便面（桶装）', '2013-04-24 00:00:00', 9, 0),
(4831, '张君雅小妹妹捏碎面', '2013-04-24 00:00:00', 1, 0),
(4832, '米老头雪花煎卷（大包）', '2013-04-24 00:00:00', 1, 0),
(4833, '双汇香辣香脆肠', '2013-04-24 00:00:00', 1, 0),
(4834, '徐福记沙琪玛（小包）', '2013-04-24 00:00:00', 1, 0),
(4835, '邮报枇杷（盘）', '2013-04-24 00:00:00', 1, 0),
(4836, '达利园派（小包）', '2013-04-24 00:00:00', 1, 0),
(4837, '皇冠丹麦曲奇', '2013-04-24 00:00:00', 1, 0),
(4838, '测试捐赠商品2', '2013-04-25 00:00:00', 6, 186),
(4839, '香气扑鼻哈密瓜（碗）', '2013-04-25 00:00:00', 2, 135),
(4840, '变美柠檬  3个装', '2013-04-25 00:00:00', 2, 124),
(4841, '20瓶水（请单独购买 网上付款）', '2013-04-25 00:00:00', 1, 183),
(4842, 'IQ增增增香蕉  3个装', '2013-04-25 00:00:00', 1, 87),
(4843, '成电映像', '2013-04-25 00:00:00', 43, 182),
(4844, '5包卫生巾（请单独购买  网上付款）', '2013-04-25 00:00:00', 3, 186),
(4845, '小公主樱桃（盘）', '2013-04-25 00:00:00', 8, 152),
(4846, '乐事薯片', '2013-04-25 00:00:00', 1, 36),
(4847, '油王子菠萝（盘）', '2013-04-25 00:00:00', 3, 106),
(4848, '有友山椒猪皮', '2013-04-25 00:00:00', 2, 12),
(4849, '沙巴哇芭蕉干', '2013-04-26 00:00:00', 2, 160),
(4850, '青岛纯生', '2013-04-27 00:00:00', 1, 19),
(4851, '康师傅茉莉清茶', '2013-04-27 00:00:00', 1, 73),
(4852, '不二家牛乳糖', '2013-04-27 00:00:00', 1, 155),
(4853, '青梅竹马冻', '2013-04-27 00:00:00', 1, 181),
(4854, '金茂昌果味布丁', '2013-04-27 00:00:00', 1, 151),
(4855, '沙巴哇芭蕉干', '2013-04-28 00:00:00', 1, 160);

-- --------------------------------------------------------

--
-- 表的结构 `cart_order`
--

CREATE TABLE IF NOT EXISTS `cart_order` (
  `orderid` int(11) unsigned NOT NULL AUTO_INCREMENT,
  `tradeid` bigint(20) unsigned NOT NULL,
  `uid` int(11) unsigned NOT NULL,
  `uname` varchar(255) NOT NULL DEFAULT '',
  `ibn` varchar(50) NOT NULL DEFAULT '',
  `itemid` int(11) unsigned NOT NULL,
  `itemname` varchar(100) NOT NULL DEFAULT '',
  `itemimg` varchar(100) NOT NULL DEFAULT '',
  `pbn` varchar(50) NOT NULL DEFAULT '',
  `productid` int(11) NOT NULL,
  `num` smallint(4) unsigned NOT NULL,
  `price` int(10) unsigned NOT NULL DEFAULT '0',
  `discount` int(11) NOT NULL DEFAULT '0',
  `tuan` int(11) NOT NULL DEFAULT '0',
  `mealtitle` varchar(100) NOT NULL DEFAULT '',
  `addtime` int(10) NOT NULL DEFAULT '0',
  `applied` tinyint(1) unsigned NOT NULL DEFAULT '0',
  `isdel` tinyint(1) unsigned NOT NULL DEFAULT '0',
  PRIMARY KEY (`orderid`)
) ENGINE=MyISAM  DEFAULT CHARSET=utf8 AUTO_INCREMENT=93 ;

--
-- 转存表中的数据 `cart_order`
--

INSERT INTO `cart_order` (`orderid`, `tradeid`, `uid`, `uname`, `ibn`, `itemid`, `itemname`, `itemimg`, `pbn`, `productid`, `num`, `price`, `discount`, `tuan`, `mealtitle`, `addtime`, `applied`, `isdel`) VALUES
(1, 1365489003767, 2, 'tt01', '727', 153, '邮报枇杷（盘）', '0', '', 0, 4, 850, 0, 0, '', 1365489003, 0, 0),
(2, 1365489003767, 2, 'tt01', '726', 152, '小公主樱桃（碗）', '0', '', 0, 1, 1000, 0, 0, '', 1365489003, 0, 0),
(3, 1365489003767, 2, 'tt01', '701', 87, 'IQ增增增香蕉 a 2 大', '0', '701', 252, 3, 400, 0, 0, '', 1365489003, 0, 0),
(4, 1365757901771, 1, 'shiyang', '727', 153, '邮报枇杷（盘）', '0', '', 0, 3, 850, 0, 0, '', 1365757901, 0, 0),
(5, 1366110086451, 1, 'shiyang', '726', 152, '小公主樱桃（碗）', '0', '', 0, 1, 1000, 0, 0, '', 1366110086, 0, 0),
(6, 1366252926304, 1, 'shiyang', '423', 151, '金茂昌果味布丁 荔枝味', '0', '423', 212, 1, 250, 0, 0, '', 1366252926, 0, 0),
(7, 1366252926304, 1, 'shiyang', '726', 152, '小公主樱桃（碗）', '0', '', 0, 1, 1000, 0, 0, '', 1366252926, 0, 0),
(8, 1366253969104, 1, 'shiyang', '726', 152, '小公主樱桃（碗）', '0', '', 0, 1, 1000, 0, 0, '', 1366253969, 0, 0),
(9, 1366254041860, 1, 'shiyang', '726', 152, '小公主樱桃（碗）', '0', '', 0, 1, 1000, 0, 0, '', 1366254041, 0, 0),
(10, 1366256499505, 1, 'shiyang', '726', 152, '小公主樱桃（碗）', '0', '', 0, 1, 1000, 0, 0, '', 1366256499, 0, 0),
(11, 1366256638295, 1, 'shiyang', '726', 152, '小公主樱桃（碗）', '0', '', 0, 1, 1000, 0, 0, '', 1366256638, 0, 0),
(12, 1366272729793, 1, 'shiyang', '726', 152, '小公主樱桃（碗）', '0', '', 0, 1, 1000, 0, 0, '', 1366272729, 0, 0),
(13, 1366274281690, 1, 'shiyang', '718', 131, '挑逗舌尖的草莓（碗）', '0', '', 0, 2, 800, 0, 0, '', 1366274281, 0, 0),
(14, 1366274426796, 1, 'shiyang', '718', 131, '挑逗舌尖的草莓（碗）', '0', '', 0, 2, 800, 0, 0, '', 1366274426, 0, 0),
(15, 1366274596686, 1, 'shiyang', '718', 131, '挑逗舌尖的草莓（碗）', '0', '', 0, 2, 800, 0, 0, '', 1366274596, 0, 0),
(16, 1366274628263, 1, 'shiyang', '726', 152, '小公主樱桃（碗）', '0', '', 0, 1, 1000, 0, 0, '', 1366274628, 0, 0),
(17, 1366274681205, 1, 'shiyang', '726', 152, '小公主樱桃（碗）', '0', '', 0, 1, 1000, 0, 0, '', 1366274681, 0, 0),
(18, 1366274709870, 1, 'shiyang', '726', 152, '小公主樱桃（碗）', '0', '', 0, 1, 1000, 0, 0, '', 1366274709, 0, 0),
(19, 1366275101654, 1, 'shiyang', '807', 167, '乐天来仕必咖啡', '0', '', 0, 2, 500, 0, 0, '', 1366275101, 0, 0),
(20, 1366275150251, 1, 'shiyang', '807', 167, '乐天来仕必咖啡', '0', '', 0, 2, 500, 0, 0, '', 1366275150, 0, 0),
(21, 1366275169847, 1, 'shiyang', '807', 167, '乐天来仕必咖啡', '0', '', 0, 2, 500, 0, 0, '', 1366275169, 0, 0),
(22, 1366275269668, 1, 'shiyang', '807', 167, '乐天来仕必咖啡', '0', '', 0, 2, 500, 0, 0, '', 1366275269, 0, 0),
(23, 1366275710915, 1, 'shiyang', '726', 152, '小公主樱桃（碗）', '0', '', 0, 1, 1000, 0, 0, '', 1366275710, 0, 0),
(24, 1366275776295, 1, 'shiyang', '807', 167, '乐天来仕必咖啡', '0', '', 0, 2, 500, 0, 0, '', 1366275776, 0, 0),
(25, 1366275985686, 1, 'shiyang', '726', 152, '小公主樱桃（碗）', '0', '', 0, 2, 1000, 0, 0, '', 1366275985, 0, 0),
(26, 1366276352491, 1, 'shiyang', '726', 152, '小公主樱桃（碗）', '0', '', 0, 1, 1000, 0, 0, '', 1366276352, 0, 0),
(27, 1366276389162, 1, 'shiyang', '726', 152, '小公主樱桃（碗）', '0', '', 0, 1, 1000, 0, 0, '', 1366276389, 0, 0),
(28, 1366276445891, 1, 'shiyang', '726', 152, '小公主樱桃（碗）', '0', '', 0, 1, 1000, 0, 0, '', 1366276445, 0, 0),
(29, 1366276588834, 1, 'shiyang', '726', 152, '小公主樱桃（碗）', '0', '', 0, 1, 1000, 0, 0, '', 1366276588, 0, 0),
(30, 1366276609866, 1, 'shiyang', '726', 152, '小公主樱桃（碗）', '0', '', 0, 1, 1000, 0, 0, '', 1366276609, 0, 0),
(31, 1366276713256, 1, 'shiyang', '726', 152, '小公主樱桃（碗）', '0', '', 0, 1, 1000, 0, 0, '', 1366276713, 0, 0),
(32, 1366276752451, 1, 'shiyang', '726', 152, '小公主樱桃（碗）', '0', '', 0, 1, 1000, 0, 0, '', 1366276752, 0, 0),
(33, 1366276809469, 1, 'shiyang', '726', 152, '小公主樱桃（碗）', '0', '', 0, 1, 1000, 0, 0, '', 1366276809, 0, 0),
(34, 1366276839753, 1, 'shiyang', '726', 152, '小公主樱桃（碗）', '0', '', 0, 1, 1000, 0, 0, '', 1366276839, 0, 0),
(35, 1366276881252, 1, 'shiyang', '726', 152, '小公主樱桃（碗）', '0', '', 0, 1, 1000, 0, 0, '', 1366276881, 0, 0),
(36, 1366277116537, 1, 'shiyang', '726', 152, '小公主樱桃（碗）', '0', '', 0, 1, 1000, 0, 0, '', 1366277116, 0, 0),
(37, 1366277145443, 1, 'shiyang', '726', 152, '小公主樱桃（碗）', '0', '', 0, 1, 1000, 0, 0, '', 1366277145, 0, 0),
(38, 1366277213863, 1, 'shiyang', '726', 152, '小公主樱桃（碗）', '0', '', 0, 1, 1000, 0, 0, '', 1366277213, 0, 0),
(39, 1366277239223, 1, 'shiyang', '726', 152, '小公主樱桃（碗）', '0', '', 0, 1, 1000, 0, 0, '', 1366277239, 0, 0),
(40, 1366277274389, 1, 'shiyang', '726', 152, '小公主樱桃（碗）', '0', '', 0, 1, 1000, 0, 0, '', 1366277274, 0, 0),
(41, 1366277555774, 1, 'shiyang', '726', 152, '小公主樱桃（碗）', '0', '', 0, 1, 1000, 0, 0, '', 1366277555, 0, 0),
(42, 1366277596999, 1, 'shiyang', '726', 152, '小公主樱桃（碗）', '0', '', 0, 1, 1000, 0, 0, '', 1366277596, 0, 0),
(43, 1366277644841, 1, 'shiyang', '726', 152, '小公主樱桃（碗）', '0', '', 0, 1, 1000, 0, 0, '', 1366277644, 0, 0),
(44, 1366277723434, 1, 'shiyang', '726', 152, '小公主樱桃（碗）', '0', '', 0, 1, 1000, 0, 0, '', 1366277723, 0, 0),
(45, 1366277965591, 1, 'shiyang', '726', 152, '小公主樱桃（碗）', '0', '', 0, 1, 1000, 0, 0, '', 1366277965, 0, 0),
(46, 1366280075422, 1, 'shiyang', '726', 152, '小公主樱桃（碗）', '0', '', 0, 1, 1000, 0, 0, '', 1366280075, 0, 0),
(47, 1366280305768, 1, 'shiyang', '726', 152, '小公主樱桃（碗）', '0', '', 0, 1, 1000, 0, 0, '', 1366280305, 0, 0),
(48, 1366293593766, 1, 'shiyang', '726', 152, '小公主樱桃（碗）', '0', '', 0, 1, 1000, 0, 0, '', 1366293593, 0, 0),
(49, 1366357650846, 1, 'shiyang', '726', 152, '小公主樱桃（碗）', '0', '', 0, 1, 1000, 0, 0, '', 1366357650, 0, 0),
(50, 1366358593604, 1, 'shiyang', '726', 152, '小公主樱桃（碗）', '0', '', 0, 1, 1000, 0, 0, '', 1366358593, 0, 0),
(51, 1366358615140, 1, 'shiyang', '726', 152, '小公主樱桃（碗）', '0', '', 0, 1, 1000, 0, 0, '', 1366358615, 0, 0),
(52, 1366433766206, 1, 'shiyang', '701', 87, 'IQ增增增香蕉 2 大 a', '0', '701', 252, 1, 400, 0, 0, '', 1366433766, 0, 0),
(53, 1366433766206, 1, 'shiyang', '714', 112, '超级无敌大旋风金刚钻果篮', '0', '', 0, 1, 8880, 0, 0, '', 1366433766, 0, 0),
(54, 1366540980287, 1, 'shiyang', '726', 152, '小公主樱桃（碗）', '0', '', 0, 1, 1000, 0, 0, '', 1366540980, 0, 0),
(55, 1366541374399, 1, 'shiyang', '726', 152, '小公主樱桃（碗）', '0', '', 0, 1, 1000, 0, 0, '', 1366541374, 0, 0),
(56, 1366541400737, 1, 'shiyang', '726', 152, '小公主樱桃（碗）', '0', '', 0, 1, 1000, 0, 0, '', 1366541400, 0, 0),
(57, 1366543362459, 7, 'happy', '423', 151, '金茂昌果味布丁 芒果味', '0', '423', 249, 4, 250, 0, 0, '', 1366543362, 0, 0),
(58, 1366543362459, 7, 'happy', '718', 131, '挑逗舌尖的草莓（碗）', '0', '', 0, 1, 800, 0, 0, '', 1366543362, 0, 0),
(59, 1366544772328, 1, 'shiyang', '726', 152, '小公主樱桃（碗）', '0', '', 0, 1, 1000, 0, 0, '', 1366544772, 0, 0),
(60, 1366548371770, 1, 'shiyang', '425', 12, '有友泡椒猪皮', '0', '', 0, 1, 300, 0, 0, '', 1366548371, 0, 0),
(61, 1366548371770, 1, 'shiyang', '726', 152, '小公主樱桃（碗）', '0', '', 0, 1, 1000, 0, 0, '', 1366548371, 0, 0),
(62, 1366549038768, 7, 'happy', '727', 153, '邮报枇杷（盘）', '0', '', 0, 1, 850, 0, 0, '', 1366549038, 0, 0),
(63, 1366549038768, 7, 'happy', '709', 128, '饕餮果肉荟 草莓酱', '0', '709', 184, 1, 1000, 0, 0, '', 1366549038, 0, 0),
(64, 1366552781878, 1, 'shiyang', '726', 152, '小公主樱桃（碗）', '0', '', 0, 1, 1000, 0, 0, '', 1366552781, 0, 0),
(65, 1366607925782, 8, 'chenxiaojing', '716', 124, '变美柠檬', '0', '', 0, 10, 120, 0, 0, '', 1366607925, 0, 0),
(66, 1366608095949, 8, 'chenxiaojing', '722', 135, '香气扑鼻哈密瓜（碗）', '0', '', 0, 3, 500, 0, 0, '', 1366608095, 0, 0),
(67, 1366608181801, 8, 'chenxiaojing', '726', 152, '小公主樱桃（碗）', '0', '', 0, 1, 1000, 0, 0, '', 1366608181, 0, 0),
(68, 1366608224578, 8, 'chenxiaojing', '719', 132, '不挂科火龙果', '0', '', 0, 2, 950, 0, 0, '', 1366608224, 0, 0),
(69, 1366609887836, 8, 'chenxiaojing', '719', 132, '不挂科火龙果', '0', '', 0, 2, 950, 0, 0, '', 1366609887, 0, 0),
(70, 1366625961209, 2, 'tt01', '812', 183, '测试捐赠商品', '0', '', 0, 1, 1200, 0, 0, '', 1366625961, 0, 0),
(71, 1366699358608, 1, 'shiyang', '812', 183, '测试捐赠商品', '0', '', 0, 2, 1200, 0, 0, '', 1366699358, 0, 0),
(72, 1366704255567, 2, 'tt01', '716', 124, '变美柠檬', '0', '', 0, 6, 120, 0, 0, '', 1366704255, 0, 0),
(73, 1366704255567, 2, 'tt01', '718', 131, '挑逗舌尖的草莓（碗）', '0', '', 0, 1, 800, 0, 0, '', 1366704255, 0, 0),
(74, 1366787806402, 2, 'tt01', '726', 152, '小公主樱桃（碗）', '0', '', 0, 1, 1000, 0, 0, '', 1366787806, 0, 0),
(75, 1366787889361, 2, 'tt01', '722', 135, '香气扑鼻哈密瓜（碗）', '0', '', 0, 2, 500, 0, 0, '', 1366787889, 0, 0),
(76, 1366807623163, 2, 'tt01', '322', 20, '达利园派（小包） 蛋黄味', '0', '322', 12, 20, 80, 0, 0, '', 1366807623, 0, 0),
(77, 1366887587193, 2, 'tt01', '902', 182, '成电映像 成都市内', '0', '902', 324, 1, 1200, 0, 0, '', 1366887587, 0, 0),
(78, 1366887587193, 2, 'tt01', '902', 182, '成电映像 成都市外', '0', '902', 325, 1, 1200, 0, 0, '', 1366887587, 0, 0),
(79, 1366890225953, 1, 'shiyang', '726', 152, '小公主樱桃（盘）', '0', '', 0, 3, 1000, 0, 0, '', 1366890225, 0, 0),
(80, 1366890260586, 1, 'shiyang', '726', 152, '小公主樱桃（盘）', '0', '', 0, 3, 1000, 0, 0, '', 1366890260, 0, 0),
(81, 1366890314557, 1, 'shiyang', '726', 152, '小公主樱桃（盘）', '0', '', 0, 3, 1000, 0, 0, '', 1366890314, 0, 0),
(82, 1366890399697, 1, 'shiyang', '726', 152, '小公主樱桃（盘）', '0', '', 0, 1, 1000, 0, 0, '', 1366890399, 0, 0),
(83, 1366890399697, 1, 'shiyang', '431', 36, '乐事薯片 芝士焗龙虾味', '0', '431', 207, 1, 400, 0, 0, '', 1366890399, 0, 0),
(84, 1366890452609, 1, 'shiyang', '711', 106, '油王子菠萝（盘）', '0', '', 0, 1, 500, 0, 0, '', 1366890452, 0, 0),
(85, 1366890452609, 1, 'shiyang', '726', 152, '小公主樱桃（盘）', '0', '', 0, 1, 1000, 0, 0, '', 1366890452, 0, 0),
(86, 1366890488955, 1, 'shiyang', '726', 152, '小公主樱桃（盘）', '0', '', 0, 1, 1000, 0, 0, '', 1366890488, 0, 0),
(87, 1366890488955, 1, 'shiyang', '711', 106, '油王子菠萝（盘）', '0', '', 0, 1, 500, 0, 0, '', 1366890488, 0, 0),
(88, 1366890581453, 1, 'shiyang', '711', 106, '油王子菠萝（盘）', '0', '', 0, 1, 500, 0, 0, '', 1366890581, 0, 0),
(89, 1366890581453, 1, 'shiyang', '726', 152, '小公主樱桃（盘）', '0', '', 0, 1, 1000, 0, 0, '', 1366890581, 0, 0),
(90, 1366891383851, 2, 'tt01', '425', 12, '有友山椒猪皮', '0', '', 0, 5, 300, 0, 0, '', 1366891383, 0, 0),
(91, 1366965872203, 2, 'tt01', '803', 160, '沙巴哇芭蕉干', '0', '', 0, 2, 800, 0, 0, '', 1366965872, 0, 0),
(92, 1367118721339, 2, 'tt01', '803', 160, '沙巴哇芭蕉干', '0', '', 0, 2, 800, 0, 0, '', 1367118721, 0, 0);

-- --------------------------------------------------------

--
-- 表的结构 `cart_product`
--

CREATE TABLE IF NOT EXISTS `cart_product` (
  `productid` int(11) unsigned NOT NULL AUTO_INCREMENT,
  `itemid` int(11) unsigned NOT NULL,
  `bn` varchar(100) NOT NULL DEFAULT '',
  `inventory` smallint(4) unsigned NOT NULL DEFAULT '0',
  `price` int(11) unsigned NOT NULL DEFAULT '0',
  `volume` smallint(4) NOT NULL DEFAULT '0',
  PRIMARY KEY (`productid`)
) ENGINE=MyISAM  DEFAULT CHARSET=utf8 AUTO_INCREMENT=329 ;

--
-- 转存表中的数据 `cart_product`
--

INSERT INTO `cart_product` (`productid`, `itemid`, `bn`, `inventory`, `price`, `volume`) VALUES
(1, 6, '215126', 0, 600, 0),
(2, 6, '215126', 1, 600, 0),
(3, 6, '215126', 1, 600, 0),
(4, 8, '511', 5, 500, 0),
(5, 8, '511', 5, 500, 0),
(7, 13, '313', 0, 460, 7),
(8, 13, '313', 0, 460, 12),
(184, 128, '709', 8, 1000, 49),
(10, 17, '323', 35, 100, 46),
(11, 17, '323', 24, 100, 32),
(12, 20, '322', 100, 80, 169),
(13, 20, '322', 61, 80, 238),
(199, 149, '433', 16, 400, 58),
(114, 111, '426', 4, 800, 10),
(16, 24, '511', 0, 520, 10),
(17, 24, '511', 3, 520, 13),
(18, 21, '422', 0, 2500, 11),
(19, 26, '325', 3, 400, 30),
(20, 26, '325', 11, 400, 37),
(249, 151, '423', 0, 250, 18),
(22, 33, '314', 43, 100, 64),
(23, 33, '314', 0, 100, 67),
(222, 154, '813', 0, 100, 7),
(310, 169, '823', 181, 80, 19),
(201, 44, '212', 20, 450, 30),
(247, 32, '211', 0, 380, 37),
(28, 36, '431', 0, 400, 46),
(30, 39, '212', 12, 450, 0),
(32, 42, '221', 0, 700, 31),
(33, 42, '221', 0, 700, 25),
(204, 36, '431', 0, 400, 25),
(35, 46, '215021', 13, 620, 18),
(36, 46, '215021', 8, 620, 14),
(314, 93, '706', 10, 400, 8),
(313, 32, '211', 8, 380, 4),
(39, 50, '231', 3, 1100, 2),
(40, 50, '231', 0, 1100, 2),
(41, 50, '231', 0, 1100, 5),
(42, 52, '517', 0, 120, 1),
(43, 52, '517', 0, 120, 5),
(44, 52, '517', 0, 120, 6),
(45, 52, '517', 0, 120, 5),
(46, 54, '233', 0, 900, 8),
(47, 52, '517', 0, 120, 4),
(48, 55, '300308', 0, 350, 2),
(49, 55, '300308', 0, 350, 3),
(50, 55, '300308', 0, 350, 11),
(51, 55, '300308', 8, 350, 7),
(52, 55, '300308', 0, 350, 6),
(53, 76, '512021', 0, 50, 9),
(54, 76, '512021', 0, 50, 3),
(55, 76, '512021', 0, 50, 2),
(56, 76, '512021', 0, 50, 2),
(57, 76, '512021', 0, 50, 3),
(58, 76, '512021', 0, 50, 1),
(59, 80, '20977', 1, 900, 0),
(60, 80, '20977', 1, 900, 0),
(61, 84, '413', 4, 200, 9),
(62, 84, '413', 6, 200, 7),
(84, 103, '710', 20, 1000, 0),
(83, 103, '710', 19, 1000, 0),
(82, 103, '710', 20, 1000, 0),
(81, 103, '710', 20, 1000, 0),
(85, 104, '214', 0, 650, 90),
(86, 104, '214', 0, 650, 86),
(271, 23, '323', 27, 80, 25),
(293, 44, '212', 20, 450, 4),
(89, 104, '214', 0, 650, 70),
(90, 104, '214', 11, 650, 82),
(91, 104, '214', 12, 650, 20),
(92, 104, '214', 4, 650, 65),
(93, 104, '214', 5, 650, 48),
(94, 104, '214', 5, 650, 48),
(95, 55, '300308', 0, 350, 5),
(96, 14, '152', 5, 340, 10),
(97, 14, '152', 0, 340, 12),
(98, 42, '221', 0, 700, 21),
(206, 36, '431', 0, 400, 13),
(312, 87, '701', 3, 500, 17),
(203, 44, '212', 5, 450, 45),
(221, 154, '813', 3, 100, 5),
(202, 44, '212', 25, 450, 34),
(190, 85, '419', 0, 1400, 3),
(290, 154, '813', 6, 100, 1),
(110, 13, '313', 0, 460, 12),
(111, 17, '323', 19, 100, 60),
(112, 110, '167', 2, 1800, 5),
(113, 23, '323', 53, 80, 174),
(185, 46, '215021', 15, 620, 8),
(273, 177, '844', 149, 150, 361),
(189, 85, '419', 3, 1400, 1),
(119, 32, '211', 9, 380, 84),
(188, 85, '419', 4, 1400, 2),
(121, 28, '326', 0, 150, 89),
(207, 36, '431', 9, 400, 46),
(123, 42, '221', 0, 700, 11),
(311, 87, '701', 1, 600, 21),
(125, 20, '322', 77, 80, 83),
(205, 36, '431', 4, 400, 40),
(307, 41, '441', 0, 400, 2),
(128, 127, '442', 0, 280, 39),
(129, 127, '442', 0, 280, 35),
(198, 149, '433', 15, 400, 29),
(131, 50, '231', 0, 1100, 2),
(132, 50, '231', 6, 1100, 2),
(133, 50, '231', 0, 1100, 2),
(134, 50, '231', 0, 1100, 4),
(135, 33, '314', 0, 100, 49),
(136, 33, '314', 29, 100, 72),
(137, 33, '314', 66, 100, 30),
(301, 32, '211', 0, 380, 11),
(303, 137, '172', 7, 330, 1),
(309, 169, '823', 181, 80, 19),
(142, 41, '441', 8, 400, 25),
(308, 177, '844', 80, 150, 20),
(144, 82, '327', 1, 900, 19),
(145, 82, '327', 17, 900, 7),
(146, 82, '327', 17, 900, 3),
(197, 35, '315', 0, 350, 8),
(149, 35, '315', 0, 350, 23),
(152, 13, '313', 5, 460, 4),
(153, 13, '313', 2, 460, 8),
(171, 137, '172', 4, 330, 19),
(295, 45, '451', 0, 350, 5),
(306, 68, '411', 60, 150, 0),
(223, 155, '811', 3, 250, 8),
(167, 136, '171', 0, 350, 33),
(166, 136, '171', 6, 350, 37),
(297, 45, '451', 12, 350, 5),
(162, 128, '709', 7, 1000, 48),
(164, 128, '709', 0, 1000, 114),
(165, 128, '709', 4, 1000, 112),
(219, 154, '813', 0, 100, 6),
(173, 140, '174', 0, 450, 11),
(174, 140, '174', 1, 450, 15),
(175, 140, '174', 0, 450, 16),
(176, 142, '152', 0, 340, 5),
(177, 142, '152', 0, 340, 0),
(187, 32, '211', 0, 380, 67),
(186, 28, '326', 0, 150, 41),
(283, 36, '431', 0, 400, 6),
(193, 13, '313', 0, 460, 4),
(246, 44, '212', 25, 450, 25),
(218, 54, '233', 5, 900, 2),
(289, 154, '813', 6, 100, 1),
(220, 154, '813', 1, 100, 6),
(211, 151, '423', 3, 250, 22),
(212, 151, '423', 5, 250, 17),
(213, 151, '423', 4, 250, 29),
(214, 17, '323', 0, 100, 0),
(304, 136, '171', 4, 350, 1),
(216, 138, '173', 5, 500, 52),
(217, 138, '173', 4, 350, 72),
(224, 155, '811', 6, 250, 4),
(225, 156, '824', 0, 500, 2),
(226, 156, '824', 1, 500, 1),
(227, 156, '824', 0, 500, 2),
(228, 156, '824', 0, 500, 3),
(229, 156, '824', 2, 500, 0),
(230, 156, '824', 0, 500, 2),
(231, 163, '821', 2, 1500, 6),
(232, 163, '821', 6, 1500, 7),
(233, 164, '831', 1, 1100, 1),
(234, 164, '831', 2, 1100, 0),
(235, 164, '831', 0, 1100, 2),
(236, 166, '806', 0, 500, 2),
(237, 166, '806', 1, 500, 1),
(238, 166, '806', 0, 500, 2),
(291, 154, '813', 6, 100, 1),
(242, 170, '812', 35, 130, 3),
(243, 170, '812', 43, 130, 3),
(244, 170, '812', 26, 130, 4),
(294, 32, '211', 0, 380, 11),
(250, 71, '123', 46, 250, 23),
(288, 154, '813', 6, 100, 1),
(302, 104, '214', 9, 650, 2),
(292, 136, '171', 3, 350, 2),
(264, 173, '179', 3, 350, 12),
(265, 173, '179', 3, 350, 17),
(272, 32, '211', 13, 380, 24),
(266, 21, '422', 0, 2500, 0),
(267, 108, '713', 0, 900, 1),
(268, 108, '713', 0, 900, 0),
(274, 177, '844', 69, 150, 177),
(275, 128, '709', 2, 1000, 30),
(296, 45, '451', 2, 350, 3),
(282, 33, '314', 47, 100, 1),
(284, 36, '431', 0, 400, 15),
(285, 36, '431', 0, 400, 3),
(305, 71, '123', 0, 300, 0),
(315, 93, '706', 8, 800, 1),
(316, 132, '719', 2, 1000, 3),
(317, 132, '719', 6, 500, 2),
(318, 172, '843', 15, 800, 0),
(319, 172, '843', 7, 800, 9),
(320, 185, '999', 0, 500, 3),
(321, 185, '999', 2, 500, 0),
(322, 185, '999', 2, 500, 1),
(323, 182, '902', 100, 1200, 253),
(324, 182, '902', 19, 1200, 4),
(325, 182, '902', 19, 1200, 1),
(326, 104, '214', 8, 650, 1),
(327, 137, '172', 2, 330, 0),
(328, 137, '172', 2, 330, 0);

-- --------------------------------------------------------

--
-- 表的结构 `cart_product_spec`
--

CREATE TABLE IF NOT EXISTS `cart_product_spec` (
  `productid` int(11) unsigned NOT NULL,
  `itemid` int(11) unsigned NOT NULL,
  `specid` int(11) unsigned NOT NULL,
  `specvalid` int(11) unsigned NOT NULL,
  `typeid` int(11) unsigned NOT NULL,
  PRIMARY KEY (`productid`,`specid`)
) ENGINE=MyISAM DEFAULT CHARSET=utf8;

--
-- 转存表中的数据 `cart_product_spec`
--

INSERT INTO `cart_product_spec` (`productid`, `itemid`, `specid`, `specvalid`, `typeid`) VALUES
(1, 6, 4, 5, 6),
(2, 6, 4, 6, 6),
(3, 6, 4, 7, 6),
(4, 8, 5, 8, 7),
(5, 8, 5, 9, 7),
(7, 13, 7, 13, 6),
(8, 13, 7, 14, 6),
(184, 128, 27, 180, 33),
(10, 17, 12, 23, 9),
(11, 17, 12, 24, 9),
(12, 20, 12, 30, 9),
(13, 20, 12, 29, 9),
(199, 149, 19, 131, 18),
(114, 111, 15, 116, 10),
(16, 24, 14, 26, 16),
(17, 24, 14, 27, 16),
(18, 21, 15, 28, 10),
(19, 26, 12, 37, 9),
(20, 26, 12, 38, 9),
(249, 151, 28, 129, 4),
(22, 33, 7, 47, 6),
(23, 33, 7, 46, 6),
(222, 154, 23, 206, 28),
(311, 87, 27, 178, 33),
(201, 44, 8, 192, 15),
(247, 32, 8, 16, 15),
(28, 36, 19, 45, 18),
(30, 39, 9, 17, 19),
(32, 42, 10, 18, 20),
(33, 42, 10, 19, 20),
(204, 36, 19, 194, 18),
(35, 46, 7, 58, 6),
(36, 46, 7, 57, 6),
(315, 93, 27, 270, 33),
(314, 93, 27, 269, 33),
(39, 50, 11, 21, 23),
(40, 50, 11, 20, 23),
(41, 50, 11, 22, 23),
(42, 52, 14, 62, 16),
(43, 52, 14, 65, 16),
(44, 52, 14, 63, 16),
(45, 52, 14, 64, 16),
(46, 54, 11, 33, 23),
(47, 52, 14, 66, 16),
(48, 55, 22, 67, 17),
(49, 55, 22, 68, 17),
(50, 55, 22, 69, 17),
(51, 55, 22, 70, 17),
(52, 55, 22, 71, 17),
(53, 76, 23, 72, 28),
(54, 76, 23, 75, 28),
(55, 76, 23, 73, 28),
(56, 76, 23, 76, 28),
(57, 76, 23, 74, 28),
(58, 76, 23, 77, 28),
(59, 80, 7, 78, 6),
(60, 80, 7, 79, 6),
(61, 84, 23, 77, 28),
(62, 84, 23, 76, 28),
(84, 103, 25, 86, 34),
(83, 103, 25, 85, 34),
(82, 103, 25, 87, 34),
(81, 103, 25, 84, 34),
(85, 104, 8, 94, 15),
(86, 104, 8, 93, 15),
(271, 23, 12, 31, 9),
(293, 44, 8, 193, 15),
(89, 104, 8, 88, 15),
(90, 104, 8, 91, 15),
(91, 104, 8, 97, 15),
(92, 104, 8, 96, 15),
(93, 104, 8, 92, 15),
(94, 104, 8, 89, 15),
(95, 55, 22, 98, 17),
(96, 14, 26, 113, 11),
(97, 14, 26, 114, 11),
(98, 42, 10, 99, 20),
(307, 41, 28, 142, 4),
(313, 32, 8, 192, 15),
(202, 44, 8, 191, 15),
(290, 154, 23, 255, 28),
(221, 154, 23, 76, 28),
(197, 35, 7, 50, 6),
(205, 36, 19, 102, 18),
(190, 85, 32, 186, 32),
(274, 177, 35, 240, 37),
(110, 13, 7, 108, 6),
(111, 17, 12, 111, 9),
(112, 110, 22, 115, 17),
(113, 23, 12, 32, 9),
(186, 28, 12, 184, 9),
(185, 46, 7, 182, 6),
(273, 177, 35, 239, 37),
(189, 85, 32, 188, 32),
(119, 32, 8, 120, 15),
(188, 85, 32, 187, 32),
(121, 28, 12, 124, 9),
(203, 44, 8, 185, 15),
(123, 42, 10, 126, 20),
(312, 87, 27, 179, 33),
(125, 20, 12, 111, 9),
(127, 126, 19, 128, 18),
(126, 126, 19, 127, 18),
(128, 127, 28, 129, 4),
(129, 127, 28, 130, 4),
(198, 149, 19, 128, 18),
(131, 50, 11, 135, 23),
(132, 50, 11, 132, 23),
(133, 50, 11, 134, 23),
(134, 50, 11, 133, 23),
(135, 33, 7, 138, 6),
(136, 33, 7, 57, 6),
(137, 33, 7, 49, 6),
(301, 32, 8, 259, 15),
(303, 137, 30, 167, 36),
(309, 169, 7, 266, 6),
(142, 41, 28, 143, 4),
(308, 177, 35, 262, 37),
(144, 82, 7, 79, 6),
(145, 82, 7, 78, 6),
(146, 82, 7, 145, 6),
(0, 126, 19, 128, 18),
(149, 35, 7, 148, 6),
(310, 169, 7, 58, 6),
(152, 13, 7, 150, 6),
(153, 13, 7, 151, 6),
(174, 140, 30, 174, 36),
(175, 140, 30, 165, 36),
(219, 154, 23, 100, 28),
(173, 140, 30, 173, 36),
(295, 45, 29, 139, 21),
(171, 137, 30, 171, 36),
(223, 155, 23, 207, 28),
(306, 68, 23, 73, 28),
(167, 136, 30, 175, 36),
(166, 136, 30, 167, 36),
(297, 45, 29, 253, 21),
(162, 128, 27, 156, 33),
(164, 128, 27, 158, 33),
(165, 128, 27, 159, 33),
(176, 142, 30, 165, 36),
(177, 142, 30, 166, 36),
(193, 13, 7, 15, 6),
(187, 32, 8, 185, 15),
(296, 45, 29, 141, 21),
(246, 44, 8, 16, 15),
(218, 54, 11, 205, 23),
(206, 36, 19, 196, 18),
(207, 36, 19, 197, 18),
(289, 154, 23, 257, 28),
(220, 154, 23, 149, 28),
(211, 151, 28, 201, 4),
(212, 151, 28, 130, 4),
(213, 151, 28, 200, 4),
(214, 17, 12, 30, 9),
(304, 136, 30, 173, 36),
(216, 138, 30, 202, 36),
(217, 138, 30, 203, 36),
(224, 155, 23, 208, 28),
(225, 156, 7, 214, 6),
(226, 156, 7, 210, 6),
(227, 156, 7, 209, 6),
(228, 156, 7, 212, 6),
(229, 156, 7, 213, 6),
(230, 156, 7, 211, 6),
(231, 163, 12, 215, 9),
(232, 163, 12, 216, 9),
(233, 164, 22, 220, 17),
(234, 164, 22, 222, 17),
(235, 164, 22, 221, 17),
(236, 166, 31, 225, 29),
(237, 166, 31, 224, 29),
(238, 166, 31, 226, 29),
(291, 154, 23, 256, 28),
(242, 170, 28, 129, 4),
(243, 170, 28, 130, 4),
(244, 170, 28, 228, 4),
(294, 32, 8, 191, 15),
(250, 71, 31, 230, 29),
(288, 154, 23, 258, 28),
(302, 104, 8, 90, 15),
(292, 136, 30, 170, 36),
(283, 36, 19, 101, 18),
(272, 32, 8, 106, 15),
(264, 173, 31, 238, 29),
(265, 173, 31, 225, 29),
(275, 128, 27, 241, 33),
(268, 108, 27, 190, 33),
(267, 108, 27, 189, 33),
(266, 21, 15, 116, 10),
(282, 33, 7, 254, 6),
(284, 36, 19, 103, 18),
(285, 36, 19, 104, 18),
(305, 71, 31, 231, 29),
(316, 132, 27, 270, 33),
(317, 132, 27, 269, 33),
(318, 172, 8, 271, 15),
(319, 172, 8, 272, 15),
(320, 185, 35, 239, 37),
(321, 185, 35, 240, 37),
(322, 185, 35, 262, 37),
(323, 182, 41, 276, 38),
(324, 182, 41, 277, 38),
(325, 182, 41, 278, 38),
(326, 104, 8, 95, 15),
(327, 137, 30, 165, 36),
(328, 137, 30, 204, 36);

-- --------------------------------------------------------

--
-- 表的结构 `cart_spec`
--

CREATE TABLE IF NOT EXISTS `cart_spec` (
  `specid` mediumint(6) unsigned NOT NULL AUTO_INCREMENT,
  `name` varchar(50) NOT NULL DEFAULT '',
  `memo` varchar(50) NOT NULL DEFAULT '',
  `type` char(5) NOT NULL DEFAULT '',
  `tbpid` varchar(20) NOT NULL DEFAULT '',
  PRIMARY KEY (`specid`)
) ENGINE=MyISAM  DEFAULT CHARSET=utf8 AUTO_INCREMENT=42 ;

--
-- 转存表中的数据 `cart_spec`
--

INSERT INTO `cart_spec` (`specid`, `name`, `memo`, `type`, `tbpid`) VALUES
(8, '方便面', '', 'text', ''),
(16, '火腿类', '', 'text', ''),
(7, '饼干', '', 'text', ''),
(22, '冲调', '', 'text', ''),
(10, '方便米饭', '', 'text', ''),
(11, '拌菜类', '', 'text', ''),
(12, '糕点类', '', 'text', ''),
(19, '膨化食品', '', 'text', ''),
(14, '坚果', '', 'text', ''),
(15, '肉类制品', '', 'text', ''),
(23, '糖果', '', 'text', ''),
(30, '乳制品', '', 'text', ''),
(31, '饮品', '', 'text', ''),
(27, '水果多少及口味', '', 'text', ''),
(28, '果冻布丁', '', 'text', ''),
(29, '豆菌笋类', '', 'text', ''),
(32, '巧克力', '', 'text', ''),
(35, '进口食品', '', 'text', ''),
(36, '果肉荟口味', '果肉荟口味', 'text', ''),
(38, '心系雅安', '', 'text', ''),
(39, '成电映像运费', '', 'text', ''),
(41, '成电映像配送方式', '成电映像配送方式', 'text', '');

-- --------------------------------------------------------

--
-- 表的结构 `cart_specval`
--

CREATE TABLE IF NOT EXISTS `cart_specval` (
  `specvalid` mediumint(6) unsigned NOT NULL AUTO_INCREMENT,
  `specid` mediumint(6) unsigned NOT NULL,
  `name` varchar(50) NOT NULL DEFAULT '',
  `img` varchar(100) NOT NULL DEFAULT '',
  `order` mediumint(6) unsigned NOT NULL DEFAULT '0',
  `tbvid` varchar(20) NOT NULL DEFAULT '',
  PRIMARY KEY (`specvalid`)
) ENGINE=MyISAM  DEFAULT CHARSET=utf8 AUTO_INCREMENT=279 ;

--
-- 转存表中的数据 `cart_specval`
--

INSERT INTO `cart_specval` (`specvalid`, `specid`, `name`, `img`, `order`, `tbvid`) VALUES
(16, 8, '红烧牛肉面', '', 1, ''),
(15, 7, '香浓奶油味', '', 3, ''),
(14, 7, '香草巧克力味', '', 2, ''),
(13, 7, '清新柠檬味', '', 1, ''),
(57, 7, '巧克力夹心', '', 9, ''),
(18, 10, '香辣牛肉', '', 1, ''),
(19, 10, '香辣鸡丁', '', 2, ''),
(20, 11, '麻辣什锦', '', 1, ''),
(21, 11, '香辣大头菜', '', 2, ''),
(22, 11, '香辣酸菜', '', 3, ''),
(23, 12, '橙汁味', '', 1, ''),
(24, 12, '香蕉味', '', 2, ''),
(33, 11, '精制牛肉末', '', 4, ''),
(26, 14, '原味瓜子', '', 1, ''),
(27, 14, '凉茶瓜子', '', 2, ''),
(28, 15, '麻辣味', '', 1, ''),
(29, 12, '巧克力味', '', 3, ''),
(30, 12, '蛋黄味', '', 4, ''),
(31, 12, '香橙味', '', 5, ''),
(32, 12, '香奶味', '', 6, ''),
(34, 16, '双汇玉米热狗', '', 1, ''),
(35, 16, '双汇香辣香脆肠', '', 2, ''),
(36, 16, '双汇泡椒风味肠', '', 3, ''),
(37, 12, '椰奶味', '', 7, ''),
(38, 12, '花生味', '', 8, ''),
(39, 12, '原味', '', 9, ''),
(40, 12, '抹茶味', '', 10, ''),
(44, 19, '德克萨斯烧烤味', '', 1, ''),
(45, 19, '美国经典原味', '', 2, ''),
(46, 7, '抹茶味', '', 4, ''),
(47, 7, '花生味', '', 5, ''),
(48, 7, '海苔味', '', 6, ''),
(49, 7, '芝麻味', '', 7, ''),
(50, 7, '香葱口味', '', 8, ''),
(59, 7, '水晶葡萄味+水蜜桃', '', 11, ''),
(58, 7, '原味', '', 10, ''),
(56, 14, '原味', '', 3, ''),
(60, 7, '树莓味+蓝莓味', '', 12, ''),
(61, 8, '红油燃面', '', 2, ''),
(62, 14, '蒜香味青豆', '', 4, ''),
(63, 14, '烤肉味青豆', '', 5, ''),
(64, 14, '香辣味兰花豆', '', 6, ''),
(65, 14, '香辣味花生', '', 8, ''),
(66, 14, '烤肉味兰花豆', '', 7, ''),
(67, 22, '香芋味', '', 1, ''),
(68, 22, '咖啡味', '', 2, ''),
(69, 22, '草莓味', '', 3, ''),
(70, 22, '巧克力味', '', 4, ''),
(71, 22, '原味', '', 5, ''),
(72, 23, '荔枝味', '', 1, ''),
(73, 23, '蓝莓味', '', 2, ''),
(74, 23, '柠檬味', '', 3, ''),
(75, 23, '苹果味', '', 4, ''),
(76, 23, '香橙味', '', 5, ''),
(77, 23, '草莓味', '', 6, ''),
(78, 7, '草莓味', '', 13, ''),
(79, 7, '凤梨味', '', 14, ''),
(171, 30, '库拉索芦荟', '', 8, ''),
(170, 30, '红枣味', '', 7, ''),
(88, 8, '海鲜风味', '', 3, ''),
(89, 8, 'XO酱海鲜风味', '', 4, ''),
(90, 8, '咖喱海鲜风味', '', 5, ''),
(91, 8, '香辣海鲜风味', '', 6, ''),
(92, 8, '香浓叉烧风味', '', 7, ''),
(93, 8, '猪骨浓汤风味', '', 8, ''),
(94, 8, '香辣牛肉风味', '', 9, ''),
(95, 8, '五香牛肉风味', '', 10, ''),
(96, 8, '虾仁风味', '', 11, ''),
(97, 8, '香菇鸡肉风味', '', 12, ''),
(98, 22, '麦香味', '', 6, ''),
(99, 10, '瘦肉豌豆', '', 3, ''),
(100, 23, '水蜜桃味', '', 7, ''),
(101, 19, '黄瓜味', '', 3, ''),
(102, 19, '小番茄味', '', 4, ''),
(103, 19, '墨西哥鸡汁番茄味', '', 5, ''),
(104, 19, '意大利香浓红烩味', '', 6, ''),
(105, 19, '劲爆百事可乐鸡味', '', 7, ''),
(106, 8, '泡椒牛肉面', '', 13, ''),
(107, 8, '香辣肉酱面', '', 14, ''),
(108, 7, '果香蓝莓味', '', 15, ''),
(109, 7, '番茄沙拉味', '', 16, ''),
(177, 31, '小', '', 2, ''),
(111, 12, '草莓味', '', 11, ''),
(176, 31, '大', '', 1, ''),
(115, 22, '阳光甜橙味', '', 7, ''),
(116, 15, '沙嗲味', '', 2, ''),
(117, 27, '碗装', '', 1, ''),
(118, 27, '块状', '', 2, ''),
(119, 8, '麻辣排骨面', '', 15, ''),
(120, 8, '香菇炖鸡面', '', 16, ''),
(121, 8, '老坛酸菜仔鸡面', '', 17, ''),
(122, 8, '泡椒竹笋鸡面', '', 18, ''),
(124, 12, '葱香鸡肉味', '', 12, ''),
(125, 8, '双椒杂酱面', '', 19, ''),
(126, 10, '腊肉梅干菜', '', 4, ''),
(127, 19, '牛肉味', '', 10, ''),
(128, 19, '香葱味', '', 11, ''),
(129, 28, '芒果味', '', 1, ''),
(130, 28, '荔枝味', '', 2, ''),
(131, 19, '麻辣味', '', 12, ''),
(132, 11, '爽脆木耳', '', 5, ''),
(133, 11, '爆炒金针菇', '', 6, ''),
(134, 11, '野竹笋', '', 7, ''),
(135, 11, '野蕨菜', '', 8, ''),
(140, 29, '泡椒味', '', 2, ''),
(139, 29, '麻辣味', '', 1, ''),
(138, 7, '红豆味', '', 17, ''),
(141, 29, '五香味', '', 3, ''),
(142, 28, '什锦果肉', '', 3, ''),
(143, 28, '葡萄&苹果', '', 4, ''),
(144, 28, '黄桃&蜜桃', '', 5, ''),
(145, 7, '香橙味', '', 18, ''),
(146, 19, '秘制酸汤鱼味', '', 8, ''),
(147, 19, '法国脆香鸡翅味', '', 9, ''),
(148, 7, '奶盐味', '', 19, ''),
(149, 23, '葡萄味', '', 8, ''),
(150, 7, '咖啡牛奶味', '', 20, ''),
(151, 7, '抹茶绿豆味', '', 21, ''),
(169, 30, '冰芦椰果味', '', 5, ''),
(168, 30, '蜂蜜冰糖雪梨味', '', 4, ''),
(167, 30, '原味', '', 3, ''),
(166, 30, '猕猴桃味', '', 2, ''),
(165, 30, '草莓味', '', 1, ''),
(183, 19, '黑胡椒', '', 13, ''),
(156, 27, '苹果酱', '', 3, ''),
(242, 36, '桑葚酱', '', 1, ''),
(158, 27, '沙拉酱', '', 4, ''),
(159, 27, '不加酱', '', 5, ''),
(185, 8, '香辣牛肉面', '', 20, ''),
(184, 12, '黑胡椒味', '', 13, ''),
(182, 7, '草莓夹心', '', 22, ''),
(180, 27, '草莓酱', '', 8, ''),
(172, 30, '活润益生菌发酵乳', '', 9, ''),
(173, 30, '蓝莓味', '', 10, ''),
(174, 30, '菠萝味', '', 11, ''),
(175, 30, '冰莓味', '', 6, ''),
(178, 27, '大', '', 6, ''),
(179, 27, '小', '', 7, ''),
(186, 32, '丝滑牛奶巧克力', '', 1, ''),
(187, 32, '香浓黑巧克力', '', 2, ''),
(188, 32, '榛仁果粒', '', 3, ''),
(189, 27, '剥皮', '', 9, ''),
(190, 27, '不剥皮', '', 10, ''),
(191, 8, '麻辣牛肉面', '', 21, ''),
(192, 8, '老坛酸菜牛肉面', '', 22, ''),
(193, 8, '卤香牛肉面', '', 23, ''),
(194, 19, '青柠味', '', 14, ''),
(195, 19, '小番茄味', '', 15, ''),
(196, 19, '飘香麻辣锅味', '', 16, ''),
(197, 19, '芝士焗龙虾味', '', 17, ''),
(198, 30, '蔓越莓&蓝莓发酵乳', '', 12, ''),
(199, 30, '黑加仑&黑葡萄果酱酸牛奶', '', 13, ''),
(200, 28, '水蜜桃', '', 6, ''),
(201, 28, '奇异果', '', 7, ''),
(202, 30, '大盒', '', 14, ''),
(203, 30, '小盒', '', 15, ''),
(204, 30, '黄桃果酱', '', 16, ''),
(205, 11, '油制辣椒', '', 9, ''),
(206, 23, '哈密瓜', '', 9, ''),
(207, 23, '原味', '', 10, ''),
(208, 23, '芒果味', '', 11, ''),
(209, 7, '蓝莓碎巧克力涂层', '', 23, ''),
(210, 7, '草莓碎巧克力涂层', '', 24, ''),
(211, 7, '牛奶巧克力涂层', '', 25, ''),
(212, 7, '杏仁碎巧克力涂层', '', 26, ''),
(213, 7, '黑芝麻巧克力涂层', '', 27, ''),
(214, 7, '巧克力涂层', '', 28, ''),
(215, 12, '白巧克力杏仁', '', 14, ''),
(216, 12, '草莓巧克力杏仁', '', 15, ''),
(221, 22, '伯爵', '', 9, ''),
(220, 22, '玫瑰花果', '', 8, ''),
(222, 22, '港式', '', 10, ''),
(223, 8, '原味', '', 24, ''),
(224, 31, '石榴', '', 3, ''),
(225, 31, '芒果', '', 4, ''),
(226, 31, '芦荟', '', 5, ''),
(227, 7, '葡萄干', '', 29, ''),
(228, 28, '葡萄味', '', 8, ''),
(229, 30, '黄桃+椰果', '', 17, ''),
(230, 31, '罐装', '', 6, ''),
(231, 31, '瓶装', '', 7, ''),
(232, 27, '3个装', '', 11, ''),
(233, 27, '5个装', '', 12, ''),
(234, 27, '红色', '', 13, ''),
(248, 27, '桑葚酱', '', 15, ''),
(238, 31, '西番莲', '', 8, ''),
(239, 35, '巧克力', '', 1, ''),
(240, 35, '草莓', '', 2, ''),
(241, 27, '蓝莓酱', '', 14, ''),
(243, 36, '蓝莓酱', '', 2, ''),
(244, 36, '草莓酱', '', 3, ''),
(245, 36, '苹果酱', '', 4, ''),
(246, 36, '沙拉酱', '', 5, ''),
(247, 36, '不加酱', '', 6, ''),
(254, 7, '奶香味', '', 30, ''),
(253, 29, '山椒味（大）', '', 4, ''),
(251, 27, '春日迷你小草莓', '', 16, ''),
(252, 27, '挑逗舌尖的草莓', '', 17, ''),
(255, 23, '奶茶牛奶味', '', 12, ''),
(256, 23, '香醇牛奶味', '', 13, ''),
(257, 23, '巧克力牛奶味', '', 14, ''),
(258, 23, '乳酸牛奶味', '', 15, ''),
(259, 8, '香锅牛肉面', '', 25, ''),
(260, 38, '一份爱心', '', 1, ''),
(261, 38, '1/4份爱心', '', 2, ''),
(262, 35, '香草', '', 3, ''),
(263, 39, '省内', '', 1, ''),
(266, 7, '烤面包牛奶', '', 31, ''),
(265, 39, '省外', '', 2, ''),
(267, 39, '清水河校区', '', 3, ''),
(268, 39, '沙河校区', '', 4, ''),
(269, 27, '半个', '', 18, ''),
(270, 27, '整个', '', 19, ''),
(271, 8, '海苔小丸子', '', 26, ''),
(272, 8, '碳烤鸡汁', '', 27, ''),
(273, 35, '原味', '', 4, ''),
(274, 35, '辣', '', 5, ''),
(275, 35, '果仁', '', 6, ''),
(276, 41, '清水河校区', '', 1, ''),
(277, 41, '成都市内', '', 2, ''),
(278, 41, '成都市外', '', 3, '');

-- --------------------------------------------------------

--
-- 表的结构 `cart_trade`
--

CREATE TABLE IF NOT EXISTS `cart_trade` (
  `tradeid` bigint(20) unsigned NOT NULL,
  `uid` int(11) unsigned NOT NULL,
  `uname` varchar(100) NOT NULL DEFAULT '',
  `addtime` int(10) unsigned NOT NULL,
  `modified` int(10) unsigned NOT NULL,
  `endtime` int(10) unsigned NOT NULL,
  `status` char(10) NOT NULL DEFAULT '',
  `totalfee` int(10) NOT NULL DEFAULT '0',
  `postfee` int(10) NOT NULL DEFAULT '0',
  `itemfee` int(10) NOT NULL DEFAULT '0',
  `editfeetime` int(10) NOT NULL DEFAULT '0',
  `editfeememo` varchar(50) NOT NULL DEFAULT '',
  `man` varchar(50) NOT NULL DEFAULT '',
  `coupon` int(10) unsigned NOT NULL DEFAULT '0',
  `posttype` tinyint(1) NOT NULL DEFAULT '0',
  `expresswayid` int(11) NOT NULL DEFAULT '0',
  `receiver_name` varchar(20) NOT NULL DEFAULT '',
  `receiver_address` varchar(255) NOT NULL DEFAULT '',
  `receiver_link` varchar(15) NOT NULL DEFAULT '',
  `send` varchar(50) NOT NULL DEFAULT '',
  `sendtime` int(11) NOT NULL DEFAULT '0',
  `consign_time` int(10) unsigned NOT NULL DEFAULT '0',
  `memo` varchar(100) NOT NULL DEFAULT '',
  `payment` char(10) NOT NULL DEFAULT '',
  `outtradeid` varchar(40) NOT NULL DEFAULT '',
  `paytime` int(10) NOT NULL DEFAULT '0',
  `istax` tinyint(1) NOT NULL DEFAULT '0',
  `tax_company` varchar(100) NOT NULL DEFAULT '',
  `isfinish` tinyint(1) unsigned NOT NULL DEFAULT '0',
  `iscancel` tinyint(1) unsigned NOT NULL DEFAULT '0',
  `isdel` tinyint(1) unsigned NOT NULL DEFAULT '0',
  `posttime` datetime NOT NULL,
  `deli_status` int(11) NOT NULL COMMENT '送货状态 0：未领取 1：已领取 ',
  `deli_man` int(11) NOT NULL COMMENT '送货员id',
  `deli_id` varchar(255) NOT NULL COMMENT '送货编码',
  `allocate_status` tinyint(4) NOT NULL COMMENT '配货状态 0：未配货 1：配货中 2：已完成',
  `allocate_man` int(11) NOT NULL COMMENT '配货员id',
  PRIMARY KEY (`tradeid`)
) ENGINE=MyISAM DEFAULT CHARSET=utf8;

--
-- 转存表中的数据 `cart_trade`
--

INSERT INTO `cart_trade` (`tradeid`, `uid`, `uname`, `addtime`, `modified`, `endtime`, `status`, `totalfee`, `postfee`, `itemfee`, `editfeetime`, `editfeememo`, `man`, `coupon`, `posttype`, `expresswayid`, `receiver_name`, `receiver_address`, `receiver_link`, `send`, `sendtime`, `consign_time`, `memo`, `payment`, `outtradeid`, `paytime`, `istax`, `tax_company`, `isfinish`, `iscancel`, `isdel`, `posttime`, `deli_status`, `deli_man`, `deli_id`, `allocate_status`, `allocate_man`) VALUES
(1365489003767, 2, 'test', 1365489003, 0, 0, 'WAIT_PAY', 5600, 100, 5600, 0, '', '包邮', 0, 1, 1, '测试', '收货地址', '1231232123', '', 0, 0, '', 'cod', '', 0, 0, '', 0, 0, 0, '2013-04-09 14:50:03', 0, 0, 'AA', 0, 0),
(1365757901771, 1, 'test', 1365757901, 0, 0, 'WAIT_PAY', 2550, 100, 2550, 0, '', '包邮', 0, 1, 1, '测试', '收货地址', '1231232123', '', 0, 0, '', 'alipay', '', 0, 0, '', 0, 0, 0, '0000-00-00 00:00:00', 0, 0, 'AA', 0, 0),
(1366110086451, 1, 'test', 1366110086, 0, 0, 'WAIT_PAY', 1100, 100, 1000, 0, '', '', 0, 1, 1, '测试', '收货地址', '1231232123', '', 0, 0, '', 'alipay', '', 0, 0, '', 0, 0, 0, '0000-00-00 00:00:00', 0, 0, 'AA', 0, 0),
(1366252926304, 1, 'test', 1366252926, 0, 0, 'WAIT_PAY', 1350, 100, 1250, 0, '', '', 0, 1, 1, '测试', '收货地址', '1231232123', '', 0, 0, '', 'cod', '', 0, 0, '', 0, 0, 0, '2013-04-18 11:02:06', 0, 0, 'AA', 0, 0),
(1366253969104, 1, 'test', 1366253969, 0, 0, 'WAIT_PAY', 1100, 100, 1000, 0, '', '', 0, 1, 1, '测试', '收货地址', '1231232123', '', 0, 0, '', 'alipay', '', 0, 0, '', 0, 0, 0, '0000-00-00 00:00:00', 0, 0, 'AB', 0, 0),
(1366254041860, 1, 'test', 1366254041, 0, 0, 'WAIT_PAY', 1100, 100, 1000, 0, '', '', 0, 1, 1, '测试', '收货地址', '1231232123', '', 0, 0, '', 'alipay', '', 0, 0, '', 0, 0, 0, '0000-00-00 00:00:00', 0, 0, 'AC', 0, 0),
(1366256499505, 1, 'test', 1366256499, 0, 0, 'WAIT_PAY', 1100, 100, 1000, 0, '', '', 0, 1, 1, '测试', '收货地址', '1231232123', '', 0, 0, '', 'cod', '', 0, 0, '', 0, 0, 0, '2013-04-18 12:01:39', 0, 0, 'AD', 0, 0),
(1366256638295, 1, 'test', 1366256638, 0, 0, 'WAIT_PAY', 1100, 100, 1000, 0, '', '', 0, 1, 1, '测试', '收货地址', '1231232123', '', 0, 0, '', 'alipay', '', 0, 0, '', 0, 0, 0, '0000-00-00 00:00:00', 0, 0, 'AE', 0, 0),
(1366272729793, 1, 'test', 1366272729, 0, 0, 'WAIT_PAY', 1100, 100, 1000, 0, '', '', 0, 1, 1, '测试', '收货地址', '1231232123', '', 0, 0, '', 'alipay', '', 0, 0, '', 0, 0, 0, '0000-00-00 00:00:00', 0, 0, 'AF', 0, 0),
(1366274281690, 1, 'test', 1366274281, 0, 0, 'WAIT_PAY', 1600, 100, 1600, 0, '', '包邮', 0, 1, 1, '测试', '收货地址', '1231232123', '', 0, 0, '', 'cod', '', 0, 0, '', 0, 0, 0, '2013-04-18 16:58:01', 0, 0, 'AG', 0, 0),
(1366274426796, 1, 'test', 1366274426, 0, 0, 'WAIT_PAY', 1600, 100, 1600, 0, '', '包邮', 0, 1, 1, '测试', '收货地址', '1231232123', '', 0, 0, '', 'alipay', '', 0, 0, '', 0, 0, 0, '0000-00-00 00:00:00', 0, 0, 'AH', 0, 0),
(1366274596686, 1, 'test', 1366274596, 0, 0, 'WAIT_PAY', 1600, 100, 1600, 0, '', '包邮', 0, 1, 1, '测试', '收货地址', '1231232123', '', 0, 0, '', 'cod', '', 0, 0, '', 0, 0, 0, '2013-04-18 17:03:16', 0, 0, 'AI', 0, 0),
(1366274628263, 1, 'test', 1366274628, 0, 0, 'WAIT_PAY', 1100, 100, 1000, 0, '', '', 0, 1, 1, '测试', '收货地址', '1231232123', '', 0, 0, '', 'alipay', '', 0, 0, '', 0, 0, 0, '0000-00-00 00:00:00', 0, 0, 'AJ', 0, 0),
(1366274681205, 1, 'test', 1366274681, 0, 0, 'WAIT_PAY', 1100, 100, 1000, 0, '', '', 0, 1, 1, '测试', '收货地址', '1231232123', '', 0, 0, '', 'alipay', '', 0, 0, '', 0, 0, 0, '0000-00-00 00:00:00', 0, 0, 'AK', 0, 0),
(1366274709870, 1, 'test', 1366274709, 0, 0, 'WAIT_PAY', 1100, 100, 1000, 0, '', '', 0, 1, 1, '测试', '收货地址', '1231232123', '', 0, 0, '', 'cod', '', 0, 0, '', 0, 0, 0, '2013-04-18 17:05:09', 0, 0, 'AL', 0, 0),
(1366275101654, 1, 'test', 1366275101, 0, 0, 'WAIT_PAY', 1100, 100, 1000, 0, '', '', 0, 1, 1, '测试', '收货地址', '1231232123', '', 0, 0, '', 'cod', '', 0, 0, '', 0, 0, 0, '2013-04-18 17:11:41', 0, 0, 'AM', 0, 0),
(1366275150251, 1, 'test', 1366275150, 0, 0, 'WAIT_PAY', 1100, 100, 1000, 0, '', '', 0, 1, 1, '测试', '收货地址', '1231232123', '', 0, 0, '', 'cod', '', 0, 0, '', 0, 0, 0, '2013-04-18 17:12:30', 0, 0, 'AN', 0, 0),
(1366275169847, 1, 'test', 1366275169, 0, 0, 'WAIT_PAY', 1100, 100, 1000, 0, '', '', 0, 1, 1, '测试', '收货地址', '1231232123', '', 0, 0, '', 'cod', '', 0, 0, '', 0, 0, 0, '2013-04-18 17:12:49', 0, 0, 'AO', 0, 0),
(1366275269668, 1, 'test', 1366275269, 0, 0, 'WAIT_PAY', 1100, 100, 1000, 0, '', '', 0, 1, 1, '测试', '收货地址', '1231232123', '', 0, 0, '', 'cod', '', 0, 0, '', 0, 0, 0, '2013-04-18 17:14:29', 0, 0, 'AP', 0, 0),
(1366275710915, 1, 'test', 1366275710, 0, 0, 'WAIT_PAY', 1100, 100, 1000, 0, '', '', 0, 1, 1, '测试', '收货地址', '1231232123', '', 0, 0, '', 'alipay', '', 0, 0, '', 0, 0, 0, '0000-00-00 00:00:00', 0, 0, 'AQ', 0, 0),
(1366275776295, 1, 'test', 1366275776, 0, 0, 'WAIT_PAY', 1100, 100, 1000, 0, '', '', 0, 1, 1, '测试', '收货地址', '1231232123', '', 0, 0, '', 'alipay', '', 0, 0, '', 0, 0, 0, '0000-00-00 00:00:00', 0, 0, 'AR', 0, 0),
(1366275985686, 1, 'test', 1366275985, 0, 0, 'WAIT_PAY', 2000, 100, 2000, 0, '', '包邮', 0, 1, 1, '测试', '收货地址', '1231232123', '', 0, 0, '', 'alipay', '', 0, 0, '', 0, 0, 0, '0000-00-00 00:00:00', 0, 0, 'AS', 0, 0),
(1366276352491, 1, 'test', 1366276352, 0, 0, 'WAIT_PAY', 1100, 100, 1000, 0, '', '', 0, 1, 1, '测试', '收货地址', '1231232123', '', 0, 0, '', 'alipay', '', 0, 0, '', 0, 0, 0, '0000-00-00 00:00:00', 0, 0, 'AT', 0, 0),
(1366276389162, 1, 'test', 1366276389, 0, 0, 'CANCELED', 1100, 100, 1000, 0, '', '', 0, 1, 1, '测试', '收货地址', '1231232123', '', 0, 0, '', 'cod', '', 0, 0, '', 1, 1, 0, '2013-04-18 17:33:09', 0, 0, 'AU', 0, 0),
(1366276445891, 1, 'test', 1366276445, 0, 0, 'CANCELED', 1100, 100, 1000, 0, '', '', 0, 1, 1, '测试', '收货地址', '1231232123', '', 0, 0, '', 'cod', '', 0, 0, '', 1, 1, 0, '2013-04-18 17:34:05', 0, 0, 'AV', 0, 0),
(1366276588834, 1, 'test', 1366276588, 0, 0, 'CANCELED', 1100, 100, 1000, 0, '', '', 0, 1, 1, '测试', '收货地址', '1231232123', '', 0, 0, '', 'cod', '', 0, 0, '', 1, 1, 0, '2013-04-18 17:36:28', 0, 0, 'AW', 0, 0),
(1366276609866, 1, 'test', 1366276609, 0, 0, 'CANCELED', 1100, 100, 1000, 0, '', '', 0, 1, 1, '测试', '收货地址', '1231232123', '', 0, 0, '', 'cod', '', 0, 0, '', 1, 1, 0, '2013-04-18 17:36:49', 0, 0, 'AX', 0, 0),
(1366276713256, 1, 'test', 1366276713, 0, 0, 'WAIT_PAY', 1100, 100, 1000, 0, '', '', 0, 1, 1, '测试', '收货地址', '1231232123', '', 0, 0, '', 'alipay', '', 0, 0, '', 0, 0, 0, '0000-00-00 00:00:00', 0, 0, 'AY', 0, 0),
(1366276752451, 1, 'test', 1366276752, 0, 0, 'WAIT_PAY', 1100, 100, 1000, 0, '', '', 0, 1, 1, '测试', '收货地址', '1231232123', '', 0, 0, '', 'alipay', '', 0, 0, '', 0, 0, 0, '0000-00-00 00:00:00', 0, 0, 'AZ', 0, 0),
(1366276809469, 1, 'test', 1366276809, 0, 0, 'WAIT_PAY', 1100, 100, 1000, 0, '', '', 0, 1, 1, '测试', '收货地址', '1231232123', '', 0, 0, '', 'alipay', '', 0, 0, '', 0, 0, 0, '0000-00-00 00:00:00', 0, 0, 'BA', 0, 0),
(1366276839753, 1, 'test', 1366276839, 0, 0, 'WAIT_PAY', 1100, 100, 1000, 0, '', '', 0, 1, 1, '测试', '收货地址', '1231232123', '', 0, 0, '', 'alipay', '', 0, 0, '', 0, 0, 0, '0000-00-00 00:00:00', 0, 0, 'BB', 0, 0),
(1366276881252, 1, 'test', 1366276881, 0, 0, 'WAIT_PAY', 1100, 100, 1000, 0, '', '', 0, 1, 1, '测试', '收货地址', '1231232123', '', 0, 0, '', 'alipay', '', 0, 0, '', 0, 0, 0, '0000-00-00 00:00:00', 0, 0, 'BC', 0, 0),
(1366277116537, 1, 'test', 1366277116, 0, 0, 'WAIT_PAY', 1100, 100, 1000, 0, '', '', 0, 1, 1, '测试', '收货地址', '1231232123', '', 0, 0, '', 'alipay', '', 0, 0, '', 0, 0, 0, '0000-00-00 00:00:00', 0, 0, 'BD', 0, 0),
(1366277145443, 1, 'test', 1366277145, 0, 0, 'WAIT_PAY', 1100, 100, 1000, 0, '', '', 0, 1, 1, '测试', '收货地址', '1231232123', '', 0, 0, '', 'alipay', '', 0, 0, '', 0, 0, 0, '0000-00-00 00:00:00', 0, 0, 'BE', 0, 0),
(1366277213863, 1, 'test', 1366277213, 0, 0, 'WAIT_PAY', 1100, 100, 1000, 0, '', '', 0, 1, 1, '测试', '收货地址', '1231232123', '', 0, 0, '', 'alipay', '', 0, 0, '', 0, 0, 0, '0000-00-00 00:00:00', 0, 0, 'BF', 0, 0),
(1366277239223, 1, 'test', 1366277239, 0, 0, 'WAIT_PAY', 1100, 100, 1000, 0, '', '', 0, 1, 1, '测试', '收货地址', '1231232123', '', 0, 0, '', 'cod', '', 0, 0, '', 0, 0, 0, '2013-04-18 17:47:19', 0, 0, 'BG', 0, 0),
(1366277274389, 1, 'test', 1366277274, 0, 0, 'WAIT_PAY', 1100, 100, 1000, 0, '', '', 0, 1, 1, '测试', '收货地址', '1231232123', '', 0, 0, '', 'cod', '', 0, 0, '', 0, 0, 0, '2013-04-18 17:47:54', 0, 0, 'BH', 0, 0),
(1366277555774, 1, 'test', 1366277555, 0, 0, 'WAIT_PAY', 1100, 100, 1000, 0, '', '', 0, 1, 1, '测试', '收货地址', '1231232123', '', 0, 0, '', 'alipay', '', 0, 0, '', 0, 0, 0, '0000-00-00 00:00:00', 0, 0, 'BI', 0, 0),
(1366277596999, 1, 'test', 1366277596, 0, 0, 'WAIT_PAY', 1100, 100, 1000, 0, '', '', 0, 1, 1, '测试', '收货地址', '1231232123', '', 0, 0, '', 'alipay', '', 0, 0, '', 0, 0, 0, '0000-00-00 00:00:00', 0, 0, 'BJ', 0, 0),
(1366277644841, 1, 'test', 1366277644, 0, 0, 'WAIT_PAY', 1100, 100, 1000, 0, '', '', 0, 1, 1, '测试', '收货地址', '1231232123', '', 0, 0, '', 'alipay', '', 0, 0, '', 0, 0, 0, '0000-00-00 00:00:00', 0, 0, 'BK', 0, 0),
(1366277723434, 1, 'test', 1366277723, 0, 0, 'WAIT_PAY', 1100, 100, 1000, 0, '', '', 0, 1, 1, '测试', '收货地址', '1231232123', '', 0, 0, '', 'alipay', '', 0, 0, '', 0, 0, 0, '0000-00-00 00:00:00', 0, 0, 'BL', 0, 0),
(1366277965591, 1, 'test', 1366277965, 0, 0, 'WAIT_PAY', 1100, 100, 1000, 0, '', '', 0, 1, 1, '测试', '收货地址', '1231232123', '', 0, 0, '', 'alipay', '', 0, 0, '', 0, 0, 0, '0000-00-00 00:00:00', 0, 0, 'BM', 0, 0),
(1366280075422, 1, 'test', 1366280075, 0, 0, 'WAIT_PAY', 1100, 100, 1000, 0, '', '', 0, 1, 1, '测试', '收货地址', '1231232123', '', 0, 0, '', 'alipay', '', 0, 0, '', 0, 0, 0, '0000-00-00 00:00:00', 0, 0, 'BN', 0, 0),
(1366280305768, 1, 'test', 1366280305, 0, 0, 'WAIT_PAY', 1100, 100, 1000, 0, '', '', 0, 1, 1, '测试', '收货地址', '1231232123', '', 0, 0, '', 'alipay', '', 0, 0, '', 0, 0, 0, '0000-00-00 00:00:00', 0, 0, 'BO', 0, 0),
(1366293593766, 1, 'test', 1366293593, 0, 0, 'WAIT_PAY', 1100, 100, 1000, 0, '', '', 0, 1, 1, '测试', '收货地址', '1231232123', '', 0, 0, '', 'alipay', '', 0, 0, '', 0, 0, 0, '0000-00-00 00:00:00', 0, 0, 'BP', 0, 0),
(1366357650846, 1, 'test', 1366357650, 0, 0, 'WAIT_PAY', 1100, 100, 1000, 0, '', '', 0, 1, 1, '测试', '收货地址', '1231232123', '', 0, 0, '', 'alipay', '', 0, 0, '', 0, 0, 0, '0000-00-00 00:00:00', 0, 0, 'AA', 0, 0),
(1366358593604, 1, 'test', 1366358593, 0, 0, 'WAIT_PAY', 1100, 100, 1000, 0, '', '', 0, 1, 1, '测试', '收货地址', '1231232123', '', 0, 0, '', 'alipay', '', 0, 0, '', 0, 0, 0, '0000-00-00 00:00:00', 0, 0, 'AB', 0, 0),
(1366358615140, 1, 'test', 1366358615, 0, 0, 'WAIT_PAY', 1100, 100, 1000, 0, '', '', 0, 1, 1, '测试', '收货地址', '1231232123', '', 0, 0, '', 'alipay', '', 0, 0, '', 0, 0, 0, '0000-00-00 00:00:00', 0, 0, 'AC', 0, 0),
(1366433766206, 1, 'test', 1366433766, 0, 0, 'WAIT_PAY', 9280, 100, 9280, 0, '', '包邮', 0, 1, 1, '测试', '收货地址', '1231232123', '', 0, 0, '', 'alipay', '', 0, 0, '', 0, 0, 0, '2013-04-20 12:10:00', 0, 0, 'AA', 0, 0),
(1366540980287, 1, 'test', 1366540980, 0, 0, 'WAIT_PAY', 1100, 100, 1000, 0, '', '', 0, 1, 1, '测试', '收货地址', '1231232123', '', 0, 0, '', 'cod', '', 0, 0, '', 0, 0, 0, '2013-04-21 19:03:00', 0, 0, 'AA', 0, 0),
(1366541374399, 1, 'test', 1366541374, 0, 0, 'WAIT_PAY', 1100, 100, 1000, 0, '', '', 0, 1, 1, '测试', '收货地址', '1231232123', '', 0, 0, '', 'alipay', '', 0, 0, '', 0, 0, 0, '0000-00-00 00:00:00', 0, 0, 'AB', 0, 0),
(1366541400737, 1, 'test', 1366541400, 0, 0, 'WAIT_PAY', 1100, 100, 1000, 0, '', '', 0, 1, 1, '测试', '收货地址', '1231232123', '', 0, 0, '', 'cod', '', 0, 0, '', 0, 0, 0, '2013-04-21 19:10:00', 0, 0, 'AC', 0, 0),
(1366543362459, 7, 'test', 1366543362, 0, 0, 'WAIT_PAY', 1800, 100, 1800, 0, '', '包邮', 0, 1, 1, '测试', '收货地址', '1231232123', '', 0, 0, '', 'cod', '', 0, 0, '', 0, 0, 0, '2013-04-21 19:42:42', 0, 0, 'AD', 0, 0),
(1366544772328, 1, 'test', 1366544772, 0, 0, 'WAIT_PAY', 1100, 100, 1000, 0, '', '', 0, 1, 1, '测试', '收货地址', '1231232123', '', 0, 0, '', 'alipay', '', 0, 0, '', 0, 0, 0, '2013-04-21 19:01:00', 0, 0, 'AE', 0, 0),
(1366548371770, 1, 'test', 1366548371, 0, 0, 'WAIT_PAY', 1400, 100, 1300, 0, '', '', 0, 1, 1, '测试', '收货地址', '1231232123', '', 0, 0, '', 'cod', '', 0, 0, '', 0, 0, 0, '2013-04-21 21:06:11', 0, 0, 'AF', 0, 0),
(1366549038768, 7, 'test', 1366549038, 0, 0, 'WAIT_PAY', 1850, 100, 1850, 0, '', '包邮', 0, 1, 1, '测试', '收货地址', '1231232123', '', 0, 0, '', 'cod', '', 0, 0, '', 0, 0, 0, '2013-04-21 21:17:18', 0, 0, 'AG', 0, 0),
(1366552781878, 1, 'test', 1366552781, 0, 0, 'WAIT_PAY', 1100, 100, 1000, 0, '', '', 0, 1, 1, '测试', '收货地址', '1231232123', '', 0, 0, '', 'cod', '', 0, 0, '', 0, 0, 0, '2013-04-21 22:19:41', 0, 0, 'AH', 0, 0),
(1366607925782, 8, 'test', 1366607925, 0, 0, 'WAIT_PAY', 1300, 100, 1200, 0, '', '', 0, 1, 1, '测试', '收货地址', '1231232123', '', 0, 0, '', 'cod', '', 0, 0, '', 0, 0, 0, '2013-04-22 13:38:45', 0, 0, 'AB', 0, 0),
(1366608095949, 8, 'test', 1366608095, 0, 0, 'WAIT_PAY', 1500, 100, 1500, 0, '', '包邮', 0, 1, 1, '测试', '收货地址', '1231232123', '', 0, 0, '', 'cod', '', 0, 0, '', 0, 0, 0, '2013-04-22 13:41:35', 0, 0, 'AA', 0, 0),
(1366608181801, 8, 'test', 1366608181, 0, 0, 'WAIT_PAY', 1100, 100, 1000, 0, '', '', 0, 1, 1, '测试', '收货地址', '1231232123', '', 0, 0, '', 'cod', '', 0, 0, '', 0, 0, 0, '2013-04-22 13:43:01', 0, 0, 'AA', 0, 0),
(1366608224578, 8, 'test', 1366608224, 0, 0, 'WAIT_PAY', 1900, 100, 1900, 0, '', '包邮', 0, 1, 1, '测试', '收货地址', '1231232123', '', 0, 0, '', 'cod', '', 0, 0, '', 0, 0, 0, '2013-04-22 13:43:44', 0, 0, 'AB', 0, 0),
(1366609887836, 8, 'test', 1366609887, 0, 0, 'WAIT_PAY', 1900, 100, 1900, 0, '', '包邮', 0, 1, 1, '测试', '收货地址', '1231232123', '', 0, 0, '', 'cod', '', 0, 0, '', 0, 0, 0, '2013-04-22 14:11:27', 0, 0, 'AC', 0, 0),
(1366625961209, 2, 'test', 1366625961, 0, 0, 'WAIT_PAY', 1300, 100, 1200, 0, '', '', 0, 1, 1, '测试', '收货地址', '1231232123', '', 0, 0, '', 'alipay', '', 0, 0, '', 0, 0, 0, '0000-00-00 00:00:00', 0, 0, 'AD', 0, 0),
(1366699358608, 1, 'test', 1366699358, 0, 0, 'WAIT_PAY', 2400, 800, 2400, 0, '', '包邮', 0, 1, 2, '测试', '收货地址', '1231232123', '', 0, 0, '', 'alipay', '', 0, 0, '', 0, 0, 0, '0000-00-00 00:00:00', 0, 0, 'AA', 0, 0),
(1366704255567, 2, 'test', 1366704255, 0, 0, 'WAIT_PAY', 1520, 800, 1520, 0, '', '包邮', 0, 1, 3, '测试', '收货地址', '1231232123', '', 0, 0, '', 'cod', '', 0, 0, '', 0, 0, 0, '2013-04-23 16:24:15', 0, 0, 'BA', 0, 0),
(1366787806402, 2, 'test', 1366787806, 0, 0, 'WAIT_PAY', 1100, 100, 1000, 0, '', '', 0, 1, 1, '测试', '收货地址', '1231232123', '', 0, 0, '', 'cod', '', 0, 0, '', 0, 0, 0, '2013-04-24 15:36:46', 0, 0, 'AA', 0, 0),
(1366787889361, 2, 'test', 1366787889, 0, 0, 'WAIT_PAY', 1100, 100, 1000, 0, '', '', 0, 1, 1, '测试', '收货地址', '1231232123', '', 0, 0, '', 'cod', '', 0, 0, '', 0, 0, 0, '2013-04-24 15:38:09', 0, 0, 'AB', 0, 0),
(1366807623163, 2, 'test', 1366807623, 0, 0, 'WAIT_PAY', 1600, 100, 1600, 0, '', '包邮', 0, 1, 1, '测试', '收货地址', '1231232123', '', 0, 0, '', 'cod', '', 0, 0, '', 0, 0, 0, '2013-04-24 21:07:03', 0, 0, 'AA', 0, 0),
(1366887587193, 2, 'test', 1366887587, 0, 0, 'WAIT_PAY', 3400, 1000, 2400, 0, '', '', 0, 1, 3, '测试', '收货地址', '1231232123', '', 0, 0, '', 'alipay', '', 0, 0, '', 0, 0, 0, '0000-00-00 00:00:00', 0, 0, 'EX', 0, 0),
(1366890225953, 1, 'test', 1366890225, 0, 0, 'WAIT_PAY', 2900, 0, 3000, 0, '', '-1.00元', 0, 1, 1, '测试', '收货地址', '1231232123', '', 0, 0, '', 'cod', '', 0, 0, '', 0, 0, 0, '2013-04-25 20:03:45', 0, 0, 'EY', 0, 0),
(1366890260586, 1, 'test', 1366890260, 0, 0, 'WAIT_PAY', 2900, 0, 3000, 0, '', '-1.00元', 0, 1, 1, '测试', '收货地址', '1231232123', '', 0, 0, '', 'cod', '', 0, 0, '', 0, 0, 0, '2013-04-25 20:04:20', 0, 0, 'EZ', 0, 0),
(1366890314557, 1, 'test', 1366890314, 0, 0, 'WAIT_PAY', 2900, 0, 3000, 0, '', '-1.00元', 0, 1, 1, '测试', '收货地址', '1231232123', '', 0, 0, '', 'cod', '', 0, 0, '', 0, 0, 0, '2013-04-25 20:05:14', 0, 0, 'FA', 0, 0),
(1366890399697, 1, 'test', 1366890399, 0, 0, 'WAIT_PAY', 1500, 100, 1400, 0, '', '', 0, 1, 1, '测试', '收货地址', '1231232123', '', 0, 0, '', 'cod', '', 0, 0, '', 0, 0, 0, '2013-04-25 20:06:39', 0, 0, 'GB', 0, 0),
(1366890452609, 1, 'test', 1366890452, 0, 0, 'WAIT_PAY', 1400, 0, 1500, 0, '', '-1.00元', 0, 1, 1, '测试', '收货地址', '1231232123', '', 0, 0, '', 'cod', '', 0, 0, '', 0, 0, 0, '2013-04-25 20:07:32', 0, 0, 'GC', 0, 0),
(1366890488955, 1, 'test', 1366890488, 0, 0, 'WAIT_PAY', 1300, 0, 1500, 0, '', '-2.00元', 0, 1, 1, '测试', '收货地址', '1231232123', '', 0, 0, '', 'cod', '', 0, 0, '', 0, 0, 0, '2013-04-25 20:08:08', 0, 0, 'GD', 0, 0),
(1366890581453, 1, 'test', 1366890581, 0, 0, 'WAIT_PAY', 1000, 0, 1500, 0, '', '-5.00元', 0, 1, 1, '测试', '收货地址', '1231232123', '', 0, 0, '', 'cod', '', 0, 0, '', 0, 0, 0, '2013-04-25 20:09:41', 0, 0, 'GE', 0, 0),
(1366891383851, 2, 'test', 1366891383, 0, 0, 'WAIT_PAY', 1100, 100, 1500, 0, '', '-5.00元', 0, 1, 1, '测试', '收货地址', '1231232123', '', 0, 0, '', 'alipay', '', 0, 0, '', 0, 0, 0, '0000-00-00 00:00:00', 0, 0, 'BM', 0, 0),
(1366965872203, 2, 'test', 1366965872, 0, 0, 'WAIT_PAY', 1200, 100, 1600, 0, '', '-5.00元', 0, 1, 1, '测试', '收货地址', '1231232123', '', 0, 0, '', 'cod', '', 0, 0, '', 0, 0, 0, '2013-04-26 17:04:32', 0, 0, 'BU', 0, 0),
(1367118721339, 2, 'test', 1367118721, 0, 0, 'WAIT_PAY', 1200, 100, 1600, 0, '', '-5.00元', 0, 1, 1, '测试', '收货地址', '1231232123', '', 0, 0, '', 'cod', '', 0, 0, '', 0, 0, 0, '2013-04-28 11:32:01', 0, 0, 'BD', 0, 0);

-- --------------------------------------------------------

--
-- 表的结构 `cart_type`
--

CREATE TABLE IF NOT EXISTS `cart_type` (
  `typeid` mediumint(6) unsigned NOT NULL AUTO_INCREMENT,
  `typename` varchar(50) NOT NULL,
  `isdel` tinyint(1) NOT NULL,
  `tbcid` varchar(20) NOT NULL DEFAULT '',
  PRIMARY KEY (`typeid`)
) ENGINE=MyISAM  DEFAULT CHARSET=utf8 AUTO_INCREMENT=40 ;

--
-- 转存表中的数据 `cart_type`
--

INSERT INTO `cart_type` (`typeid`, `typename`, `isdel`, `tbcid`) VALUES
(1, '水果', 1, ''),
(2, '果脯', 1, ''),
(3, '果冻布丁', 1, ''),
(4, '果冻布丁', 0, ''),
(5, '肉类制品', 1, ''),
(6, '饼干', 0, ''),
(7, '坚果蜜饯', 1, ''),
(8, '纯牛奶', 1, ''),
(9, '糕点类', 0, ''),
(10, '肉类制品', 0, ''),
(11, '果味牛奶', 1, ''),
(12, '果味牛奶', 1, ''),
(13, '坚果蜜饯', 1, ''),
(14, '啤酒', 0, ''),
(15, '方便面', 0, ''),
(16, '坚果', 0, ''),
(17, '冲调', 0, ''),
(18, '膨化零食', 0, ''),
(19, '干拌面', 1, ''),
(20, '方便米饭', 0, ''),
(21, '豆菌笋类', 0, ''),
(22, '凉茶', 0, ''),
(23, '拌菜类', 0, ''),
(24, '蛋类制品', 0, ''),
(25, '果脯', 0, ''),
(26, '粥', 0, ''),
(27, '火腿类', 0, ''),
(28, '糖果', 0, ''),
(29, '饮料', 0, ''),
(30, '咖啡', 0, ''),
(31, '奶茶', 0, ''),
(32, '巧克力', 0, ''),
(33, '水果', 0, ''),
(34, '果盘', 1, ''),
(35, '进口零食', 1, ''),
(36, '乳制品', 0, ''),
(37, '进口专区', 0, ''),
(38, '成电映像', 0, ''),
(39, '义卖套餐', 0, '');

-- --------------------------------------------------------

--
-- 表的结构 `cart_type_spec`
--

CREATE TABLE IF NOT EXISTS `cart_type_spec` (
  `typeid` int(11) unsigned NOT NULL,
  `specid` int(11) unsigned NOT NULL,
  `specdptype` tinyint(1) NOT NULL DEFAULT '0',
  `order` int(11) NOT NULL DEFAULT '0',
  PRIMARY KEY (`typeid`,`specid`)
) ENGINE=MyISAM DEFAULT CHARSET=utf8;

--
-- 转存表中的数据 `cart_type_spec`
--

INSERT INTO `cart_type_spec` (`typeid`, `specid`, `specdptype`, `order`) VALUES
(4, 1, 1, 2),
(5, 3, 1, 2),
(7, 5, 1, 2),
(6, 7, 1, 2),
(9, 12, 1, 2),
(13, 14, 1, 2),
(10, 15, 1, 2),
(15, 8, 1, 2),
(16, 14, 0, 2),
(34, 25, 1, 2),
(16, 18, 1, 3),
(18, 19, 0, 2),
(19, 9, 0, 1),
(4, 21, 1, 3),
(20, 10, 0, 1),
(23, 11, 1, 2),
(17, 22, 1, 2),
(28, 23, 1, 2),
(11, 26, 1, 2),
(33, 27, 1, 2),
(4, 28, 1, 4),
(21, 29, 1, 2),
(37, 35, 0, 1),
(36, 30, 1, 2),
(29, 31, 1, 2),
(32, 32, 1, 2),
(39, 38, 1, 2),
(38, 41, 1, 2);

-- --------------------------------------------------------

--
-- 表的结构 `cart_user`
--

CREATE TABLE IF NOT EXISTS `cart_user` (
  `uid` int(11) unsigned NOT NULL AUTO_INCREMENT,
  `uname` varchar(100) NOT NULL DEFAULT '',
  `pass` varchar(255) NOT NULL DEFAULT '',
  `name` varchar(50) NOT NULL DEFAULT '',
  `email` varchar(100) NOT NULL DEFAULT '',
  `link` varchar(30) NOT NULL DEFAULT '',
  `sex` tinyint(1) NOT NULL DEFAULT '0',
  `point` smallint(6) unsigned NOT NULL DEFAULT '0',
  `regip` char(15) NOT NULL DEFAULT '',
  `regtime` int(10) unsigned NOT NULL DEFAULT '0',
  `lasttime` int(10) unsigned NOT NULL DEFAULT '0',
  `lastpost` int(10) unsigned NOT NULL DEFAULT '0',
  `note` varchar(100) NOT NULL DEFAULT '',
  `source` char(10) NOT NULL DEFAULT '',
  `source_identity` varchar(50) NOT NULL DEFAULT '',
  `mailkey` char(8) NOT NULL DEFAULT '',
  `mailtime` int(10) NOT NULL DEFAULT '0',
  `isdel` tinyint(1) NOT NULL DEFAULT '0',
  `unread` smallint(4) NOT NULL DEFAULT '0',
  PRIMARY KEY (`uid`),
  UNIQUE KEY `uname` (`uname`)
) ENGINE=MyISAM  DEFAULT CHARSET=utf8 AUTO_INCREMENT=11 ;

--
-- 转存表中的数据 `cart_user`
--

INSERT INTO `cart_user` (`uid`, `uname`, `pass`, `name`, `email`, `link`, `sex`, `point`, `regip`, `regtime`, `lasttime`, `lastpost`, `note`, `source`, `source_identity`, `mailkey`, `mailtime`, `isdel`, `unread`) VALUES
(1, 'test', '123', '', '123@123.com', '', 0, 0, '127.0.0.1', 1365476884, 1366890182, 0, '', '', '', '', 0, 0, 66),
(2, 'test1', '123', '', '123@123.com', '', 0, 0, '127.0.0.1', 1365488959, 1367118710, 0, '', '', '', '', 0, 0, 10),
(3, 'test3', '123', '', '123@123.com', '', 0, 0, '127.0.0.1', 1365830967, 1365830988, 0, '', '', '', '', 0, 0, 0),
(4, 'asdf', '123', '', '123@123.com', '', 0, 0, '127.0.0.1', 1366380071, 1366380071, 0, '', '', '', '', 0, 0, 0),
(5, 'sdfasdf', '123', '', '123@123.com', '', 0, 0, '127.0.0.1', 1366380275, 1366380275, 0, '', '', '', '', 0, 0, 0),
(6, 'asdfasdf', '123', '', '123@123.com', '', 0, 0, '127.0.0.1', 1366380286, 1366380286, 0, '', '', '', '', 0, 0, 0),
(7, 'test4', '123', '', '123@123.com', '', 0, 0, '127.0.0.1', 1366470001, 1366551676, 0, '', '', '', '', 0, 0, 2),
(8, 'test5', '123', '', '123@123.com', '', 0, 0, '127.0.0.1', 1366607838, 1366607859, 0, '', '', '', '', 0, 0, 5),
(9, 'test6', '123', '', '123@123.com', '', 0, 0, '127.0.0.1', 1366700812, 1366700812, 0, '', '', '', '', 0, 0, 0),
(10, 'test7', '123', '', '123@123.com', '', 0, 0, '127.0.0.1', 1366788687, 1366799812, 0, '', '', '', '', 0, 0, 0);

-- --------------------------------------------------------

--
-- 表的结构 `cart_user_address`
--

CREATE TABLE IF NOT EXISTS `cart_user_address` (
  `addressid` int(11) unsigned NOT NULL AUTO_INCREMENT,
  `uid` int(11) unsigned NOT NULL,
  `receiver` varchar(50) NOT NULL DEFAULT '',
  `province` char(6) NOT NULL DEFAULT '',
  `city` char(6) NOT NULL DEFAULT '',
  `district` char(6) NOT NULL DEFAULT '',
  `address` varchar(255) NOT NULL DEFAULT '',
  `link` varchar(20) NOT NULL DEFAULT '',
  `zipcode` char(6) NOT NULL DEFAULT '',
  PRIMARY KEY (`addressid`)
) ENGINE=MyISAM  DEFAULT CHARSET=utf8 AUTO_INCREMENT=11 ;

--
-- 转存表中的数据 `cart_user_address`
--

INSERT INTO `cart_user_address` (`addressid`, `uid`, `receiver`, `province`, `city`, `district`, `address`, `link`, `zipcode`) VALUES
(1, 2, '测试', '990104', '990105', '990106', '本科xx', '112312343', ''),
(2, 1, '测试测试', '990104', '990105', '990106', '活动中心111', '12312434', ''),
(3, 7, '测试2', '990104', '990105', '990106', '研发测试', '123', ''),
(4, 8, 'asdf测试', '990104', '990105', '990106', 'adf', 'adsf', ''),
(6, 1, '1212测试', '350000', '350100', '350103', 'af''d''f', '1212', ''),
(7, 1, '21测试', '340000', '340300', '340303', '12', '12', ''),
(8, 2, '测试购买', '510000', '510100', '990106', '123', '123', ''),
(9, 2, '123测试', '120000', '120100', '120102', '123', '123', ''),
(10, 10, 'czxz测试', '210000', '210300', '210302', 'dasdas', '123123342', '');

/*!40101 SET CHARACTER_SET_CLIENT=@OLD_CHARACTER_SET_CLIENT */;
/*!40101 SET CHARACTER_SET_RESULTS=@OLD_CHARACTER_SET_RESULTS */;
/*!40101 SET COLLATION_CONNECTION=@OLD_COLLATION_CONNECTION */;
